{"type":"FeatureCollection","attribution":"geo-spatial.org / ANCPI, CC BY-SA 4.0, simplified for display","features":[{"type":"Feature","properties":{"name":"Arad","code":"AR"},"geometry":{"type":"Polygon","coordinates":[[[22.6766,46.4058],[22.6756,46.395],[22.6819,46.3853],[22.6915,46.3839],[22.6987,46.3787],[22.6993,46.3656],[22.7139,46.3622],[22.7278,46.3636],[22.7487,46.3512],[22.7244,46.3338],[22.6943,46.323],[22.6779,46.3214],[22.6772,46.3168],[22.6826,46.3097],[22.6804,46.2981],[22.6741,46.2939],[22.6736,46.2845],[22.6593,46.269],[22.6605,46.2618],[22.6544,46.2555],[22.6617,46.249],[22.6573,46.2431],[22.6569,46.2354],[22.6472,46.2336],[22.649,46.2288],[22.6345,46.2262],[22.6313,46.2306],[22.6265,46.2286],[22.6247,46.2314],[22.6163,46.2264],[22.6134,46.2204],[22.6077,46.2187],[22.5872,46.2249],[22.5909,46.2283],[22.5862,46.2282],[22.5838,46.2335],[22.5626,46.2319],[22.5555,46.2271],[22.5523,46.2299],[22.5457,46.2241],[22.5329,46.2289],[22.5285,46.2248],[22.523,46.2254],[22.5234,46.2284],[22.5185,46.2242],[22.513,46.2246],[22.501,46.2318],[22.4949,46.2434],[22.4858,46.2359],[22.469,46.2327],[22.469,46.2295],[22.4614,46.2269],[22.4626,46.2165],[22.4535,46.2198],[22.4465,46.2172],[22.4448,46.212],[22.4384,46.2104],[22.4368,46.208],[22.4424,46.2018],[22.442,46.1983],[22.4486,46.1928],[22.4497,46.1782],[22.4543,46.1755],[22.4531,46.1631],[22.4672,46.1457],[22.4572,46.1388],[22.4572,46.1303],[22.448,46.1247],[22.4454,46.1159],[22.4314,46.1128],[22.4341,46.111],[22.4315,46.1064],[22.4235,46.1072],[22.4201,46.1041],[22.4115,46.1085],[22.4091,46.0976],[22.4052,46.0951],[22.4085,46.0879],[22.4177,46.0811],[22.4295,46.0771],[22.4289,46.0641],[22.4353,46.0492],[22.4277,46.0437],[22.428,46.0345],[22.4403,46.0293],[22.4353,46.0171],[22.437,46.0117],[22.435,46.0096],[22.4228,46.0123],[22.4138,46.0085],[22.4163,46.0052],[22.4048,46.0024],[22.3958,46.0102],[22.389,46.0088],[22.3838,45.9955],[22.3428,45.9978],[22.336,45.9944],[22.3397,45.9871],[22.3395,45.9788],[22.3528,45.9727],[22.3394,45.9743],[22.3226,45.9718],[22.3114,45.9667],[22.3155,45.9654],[22.3156,45.9623],[22.3077,45.9409],[22.3121,45.9376],[22.2967,45.9308],[22.2752,45.9343],[22.2707,45.9303],[22.2652,45.9348],[22.2599,45.9342],[22.2454,45.9252],[22.2486,45.9147],[22.2469,45.9036],[22.2261,45.9019],[22.2215,45.9032],[22.2178,45.9127],[22.2046,45.9162],[22.2008,45.9226],[22.1814,45.9234],[22.1727,45.9285],[22.1546,45.9209],[22.143,45.9257],[22.1354,45.9228],[22.1325,45.9266],[22.1256,45.9269],[22.1284,45.9333],[22.1241,45.9377],[22.0928,45.9457],[22.0699,45.9591],[22.048,45.9615],[22.0397,45.9685],[22.0332,45.9662],[22.0089,45.9709],[21.9984,45.9679],[21.9879,45.9776],[21.9872,45.9885],[21.9675,45.9944],[21.9556,45.9872],[21.9359,45.988],[21.9253,45.9848],[21.9197,45.9791],[21.9224,45.9707],[21.9162,45.9631],[21.8935,45.9525],[21.8724,45.9587],[21.8657,45.9486],[21.8514,45.9472],[21.8428,45.95],[21.8376,45.9568],[21.8235,45.9619],[21.8197,45.9678],[21.811,45.9574],[21.8153,45.956],[21.812,45.9536],[21.8166,45.9544],[21.8187,45.9491],[21.8011,45.9439],[21.7994,45.9253],[21.8053,45.9211],[21.7697,45.9169],[21.768,45.92],[21.7718,45.9278],[21.7686,45.9393],[21.7754,45.9487],[21.7626,45.9565],[21.7423,45.9785],[21.7366,45.99],[21.7216,45.9758],[21.7247,45.9684],[21.7139,45.9612],[21.7142,45.955],[21.7031,45.944],[21.6932,45.926],[21.6924,45.9163],[21.6677,45.9062],[21.663,45.9147],[21.6676,45.9263],[21.662,45.9354],[21.6549,45.9382],[21.6549,45.9418],[21.6484,45.9475],[21.63,45.9428],[21.6419,45.974],[21.6215,45.9751],[21.6158,45.9773],[21.618,45.982],[21.591,45.9906],[21.5918,45.9946],[21.5606,46.0025],[21.5606,45.9962],[21.5521,45.9951],[21.5475,46.0062],[21.5242,46.0103],[21.5244,46.0184],[21.534,46.0256],[21.5363,46.033],[21.515,46.0679],[21.4978,46.0688],[21.4772,46.0632],[21.4614,46.0558],[21.4492,46.0458],[21.4388,46.052],[21.4406,46.0562],[21.4353,46.0595],[21.4321,46.0572],[21.4367,46.0463],[21.4337,46.0442],[21.4496,46.0293],[21.4167,46.0166],[21.4213,46.0115],[21.3965,46.0055],[21.3909,46.0086],[21.3888,46.0015],[21.3814,46.0003],[21.3681,45.9913],[21.3631,45.9857],[21.3657,45.9819],[21.351,45.9837],[21.3607,45.9954],[21.3495,46.0022],[21.3461,45.9998],[21.3364,46.0074],[21.3262,46.0072],[21.318,46.0129],[21.3147,46.0091],[21.2846,46.0201],[21.2737,46.0153],[21.2621,45.9949],[21.2383,45.9864],[21.2386,45.9825],[21.248,45.9808],[21.2458,45.9789],[21.2362,45.9819],[21.242,45.9714],[21.2004,45.9814],[21.172,45.9987],[21.163,45.9935],[21.1564,45.994],[21.1255,45.977],[21.1195,45.983],[21.1102,45.9771],[21.0849,45.997],[21.0827,46.0131],[21.0744,46.0126],[21.0687,46.0398],[21.0495,46.0395],[21.05,46.0364],[21.0426,46.0361],[20.9406,46.0375],[20.9219,46.0594],[20.9179,46.0743],[20.9107,46.0729],[20.8891,46.0842],[20.8694,46.0826],[20.8594,46.0898],[20.833,46.0906],[20.804,46.1069],[20.7986,46.1208],[20.7817,46.1256],[20.7727,46.1445],[20.7462,46.148],[20.7278,46.1453],[20.7186,46.1486],[20.7162,46.16],[20.7053,46.1613],[20.7149,46.1668],[20.7223,46.1875],[20.7333,46.1919],[20.7338,46.1941],[20.7257,46.1965],[20.7274,46.2074],[20.7618,46.2044],[20.7488,46.2506],[20.7756,46.2759],[20.7892,46.2731],[20.8734,46.2874],[20.8905,46.2714],[20.9222,46.2618],[20.9251,46.2762],[20.9467,46.2792],[20.9525,46.2648],[20.9903,46.2595],[21.025,46.2665],[21.0367,46.2479],[21.066,46.2428],[21.0712,46.2539],[21.0798,46.252],[21.0826,46.2564],[21.0866,46.2551],[21.087,46.2592],[21.1032,46.2626],[21.1155,46.3016],[21.1454,46.3047],[21.1515,46.2975],[21.1681,46.2979],[21.1805,46.3041],[21.1731,46.3184],[21.1775,46.3234],[21.1762,46.3356],[21.1904,46.3391],[21.1995,46.3479],[21.1965,46.3708],[21.2063,46.4032],[21.2163,46.4018],[21.2191,46.4111],[21.2253,46.4135],[21.2754,46.4067],[21.2832,46.4032],[21.2963,46.4067],[21.2898,46.4151],[21.3116,46.44],[21.3133,46.4495],[21.3174,46.4507],[21.2963,46.4761],[21.2743,46.4765],[21.2604,46.5019],[21.2761,46.535],[21.2742,46.5407],[21.2804,46.545],[21.2897,46.5443],[21.3207,46.5828],[21.3012,46.5908],[21.3141,46.6176],[21.3299,46.6316],[21.3348,46.629],[21.3531,46.6303],[21.3656,46.6379],[21.3784,46.6332],[21.3816,46.6283],[21.41,46.6219],[21.4164,46.6425],[21.4415,46.6514],[21.4738,46.6527],[21.4647,46.659],[21.4601,46.6551],[21.4539,46.6582],[21.4591,46.6619],[21.4714,46.6608],[21.4849,46.6511],[21.4975,46.6612],[21.5018,46.6601],[21.5044,46.6532],[21.5102,46.6538],[21.5115,46.6366],[21.521,46.635],[21.5214,46.639],[21.5277,46.638],[21.5269,46.6329],[21.5391,46.6295],[21.5468,46.6013],[21.5677,46.6004],[21.5678,46.6129],[21.5604,46.6195],[21.5661,46.6234],[21.5692,46.6209],[21.566,46.6251],[21.5733,46.6257],[21.5628,46.6315],[21.5628,46.6396],[21.5701,46.649],[21.5766,46.6509],[21.6097,46.6449],[21.6204,46.6462],[21.6286,46.6495],[21.6468,46.6657],[21.6584,46.6625],[21.6893,46.6651],[21.6975,46.6598],[21.7067,46.6586],[21.7293,46.6635],[21.7314,46.6595],[21.7563,46.6632],[21.7832,46.6542],[21.7948,46.6547],[21.8096,46.6559],[21.8387,46.6682],[21.8574,46.6707],[21.8693,46.6809],[21.9054,46.6686],[21.9105,46.6628],[21.8813,46.6312],[21.9108,46.6305],[21.9105,46.6275],[21.916,46.6257],[21.9445,46.6212],[21.9522,46.6171],[21.9662,46.6213],[21.9889,46.6207],[21.9919,46.6238],[22.0004,46.6245],[22.0092,46.6369],[22.0175,46.6418],[22.0208,46.6542],[22.0259,46.6542],[22.0252,46.6497],[22.0292,46.6459],[22.0267,46.644],[22.0419,46.642],[22.0455,46.6371],[22.0539,46.6381],[22.056,46.6321],[22.0615,46.6362],[22.0709,46.6343],[22.073,46.6387],[22.0807,46.6376],[22.0756,46.6321],[22.0883,46.6339],[22.0887,46.6183],[22.0941,46.6143],[22.1084,46.6156],[22.1096,46.6072],[22.1167,46.6027],[22.1305,46.6027],[22.1339,46.6071],[22.1422,46.6024],[22.1684,46.6039],[22.1753,46.5963],[22.1697,46.5828],[22.1664,46.5817],[22.1644,46.5712],[22.1701,46.5647],[22.1693,46.5608],[22.1748,46.5582],[22.1791,46.5469],[22.1796,46.5389],[22.1755,46.5364],[22.1985,46.5133],[22.2093,46.5121],[22.2166,46.5218],[22.2221,46.5179],[22.2204,46.5137],[22.229,46.5142],[22.229,46.509],[22.2389,46.5083],[22.2461,46.5023],[22.2568,46.5071],[22.2724,46.5008],[22.3149,46.5151],[22.3252,46.5145],[22.3234,46.5099],[22.3274,46.5016],[22.3234,46.4954],[22.3286,46.4898],[22.3225,46.4829],[22.3392,46.4761],[22.3467,46.4533],[22.3445,46.4477],[22.3601,46.4389],[22.3739,46.4391],[22.3822,46.4311],[22.3704,46.4263],[22.4012,46.4097],[22.4114,46.4092],[22.4276,46.3919],[22.4524,46.385],[22.511,46.3861],[22.5544,46.394],[22.5658,46.3924],[22.5738,46.3978],[22.5881,46.3979],[22.6354,46.3896],[22.6489,46.3913],[22.6664,46.4041],[22.6766,46.4058]]]}},{"type":"Feature","properties":{"name":"Argeș","code":"AG"},"geometry":{"type":"Polygon","coordinates":[[[25.3216,45.3811],[25.3165,45.3701],[25.3219,45.3649],[25.3193,45.3596],[25.3254,45.3559],[25.3251,45.3459],[25.3098,45.3359],[25.3102,45.3298],[25.3161,45.3217],[25.305,45.3042],[25.3053,45.2923],[25.2847,45.2763],[25.2804,45.2694],[25.2804,45.2616],[25.287,45.2531],[25.2851,45.2406],[25.2937,45.2321],[25.2914,45.2247],[25.2896,45.2219],[25.2824,45.2227],[25.2795,45.2181],[25.2732,45.2175],[25.2698,45.2136],[25.2477,45.2109],[25.2538,45.2049],[25.2496,45.2042],[25.2534,45.2033],[25.2497,45.1971],[25.2562,45.1862],[25.2548,45.1828],[25.24,45.1769],[25.2295,45.1676],[25.2161,45.1643],[25.2172,45.1586],[25.2119,45.1566],[25.2071,45.1634],[25.1972,45.1653],[25.1859,45.1866],[25.1794,45.1921],[25.1791,45.1952],[25.1839,45.1953],[25.1824,45.2026],[25.1708,45.201],[25.1684,45.2076],[25.165,45.208],[25.1637,45.2153],[25.1392,45.2121],[25.1444,45.2063],[25.1564,45.2016],[25.1463,45.1991],[25.1541,45.1946],[25.1554,45.1904],[25.1475,45.1878],[25.1468,45.1848],[25.1521,45.1812],[25.1543,45.1601],[25.1461,45.1426],[25.1539,45.1366],[25.1487,45.1351],[25.1467,45.129],[25.1627,45.1245],[25.1442,45.1124],[25.1524,45.112],[25.1577,45.1187],[25.1619,45.1171],[25.1661,45.111],[25.1765,45.1072],[25.1747,45.1022],[25.1801,45.0935],[25.1741,45.0843],[25.1674,45.0819],[25.1698,45.0807],[25.1576,45.0762],[25.1537,45.0854],[25.1422,45.0842],[25.1247,45.0705],[25.1282,45.0613],[25.1486,45.0515],[25.1449,45.0384],[25.172,45.0405],[25.1701,45.0286],[25.1873,45.0332],[25.1969,45.0187],[25.2002,45.002],[25.1962,44.9911],[25.1768,44.9893],[25.1723,44.9838],[25.169,44.9723],[25.1711,44.958],[25.1668,44.9497],[25.1693,44.941],[25.1642,44.9335],[25.1664,44.9264],[25.1613,44.9211],[25.174,44.9196],[25.1976,44.9032],[25.1907,44.8813],[25.1932,44.8709],[25.1992,44.8648],[25.2001,44.8584],[25.2046,44.856],[25.1952,44.849],[25.1869,44.8267],[25.194,44.8259],[25.1919,44.8194],[25.2008,44.8101],[25.1973,44.8058],[25.2005,44.796],[25.2052,44.7963],[25.2074,44.7852],[25.2129,44.7821],[25.2084,44.7735],[25.2111,44.7643],[25.1995,44.7474],[25.1978,44.7429],[25.2005,44.7406],[25.1971,44.7364],[25.1929,44.7341],[25.1842,44.7449],[25.1779,44.7397],[25.1826,44.7378],[25.1746,44.7307],[25.1853,44.7274],[25.1828,44.7238],[25.1858,44.7228],[25.175,44.7147],[25.1853,44.7158],[25.2031,44.7071],[25.2101,44.7077],[25.2237,44.7018],[25.2273,44.7033],[25.2373,44.6949],[25.1966,44.6661],[25.188,44.6705],[25.1684,44.6618],[25.1796,44.6493],[25.1928,44.6432],[25.1943,44.6395],[25.1793,44.6347],[25.1808,44.6322],[25.1844,44.6307],[25.1954,44.6366],[25.1993,44.6329],[25.205,44.6329],[25.1932,44.6198],[25.1983,44.6087],[25.2125,44.6157],[25.2255,44.6052],[25.2203,44.6018],[25.2518,44.5628],[25.2591,44.5685],[25.2926,44.5514],[25.2869,44.5458],[25.2799,44.528],[25.2573,44.5114],[25.2657,44.5071],[25.2741,44.4915],[25.2725,44.4879],[25.2797,44.4787],[25.28,44.4749],[25.2686,44.472],[25.2711,44.4697],[25.2669,44.4675],[25.2773,44.4534],[25.271,44.4482],[25.2797,44.4445],[25.2636,44.4353],[25.2582,44.4413],[25.2348,44.4243],[25.2029,44.4564],[25.1552,44.4377],[25.1577,44.4344],[25.1299,44.4234],[25.125,44.424],[25.125,44.4215],[25.1112,44.4159],[25.1067,44.4201],[25.1029,44.4192],[25.1056,44.4172],[25.0862,44.4171],[25.1033,44.4099],[25.0919,44.4133],[25.0651,44.3973],[25.0546,44.4091],[25.0463,44.3973],[25.0105,44.4108],[25.0059,44.4038],[24.9766,44.3829],[24.9614,44.3769],[24.961,44.3792],[24.884,44.3826],[24.8806,44.3942],[24.8183,44.3939],[24.8182,44.3874],[24.8145,44.3868],[24.8064,44.3901],[24.8076,44.3935],[24.7878,44.3924],[24.7864,44.3983],[24.7562,44.3906],[24.7547,44.3937],[24.7445,44.3955],[24.7533,44.4024],[24.744,44.423],[24.7543,44.4281],[24.7533,44.4412],[24.7499,44.4434],[24.756,44.4517],[24.7544,44.4559],[24.7592,44.4645],[24.734,44.4652],[24.7348,44.4918],[24.7274,44.4924],[24.7292,44.5138],[24.7319,44.5144],[24.7316,44.5223],[24.7426,44.5381],[24.7389,44.5465],[24.725,44.5433],[24.7306,44.5482],[24.7286,44.5532],[24.7365,44.5551],[24.7301,44.5614],[24.7293,44.5707],[24.7234,44.5786],[24.7161,44.583],[24.7105,44.5823],[24.7087,44.6165],[24.7167,44.6261],[24.7104,44.6281],[24.7075,44.638],[24.7011,44.6404],[24.7054,44.6478],[24.7013,44.6542],[24.705,44.6571],[24.7022,44.6591],[24.6929,44.6968],[24.6857,44.7001],[24.7106,44.7105],[24.7066,44.7141],[24.7216,44.7145],[24.7184,44.7168],[24.7251,44.7212],[24.7159,44.7183],[24.71,44.722],[24.7102,44.7268],[24.7052,44.727],[24.7074,44.7313],[24.6883,44.7339],[24.6834,44.7376],[24.6738,44.737],[24.6747,44.7391],[24.6297,44.7288],[24.6314,44.7329],[24.6236,44.7401],[24.6208,44.7394],[24.6174,44.746],[24.6134,44.7454],[24.607,44.7538],[24.5938,44.7509],[24.5937,44.7552],[24.5903,44.7556],[24.5878,44.7757],[24.5823,44.774],[24.5886,44.7982],[24.5771,44.799],[24.5717,44.8171],[24.5617,44.8223],[24.5631,44.8241],[24.5565,44.8311],[24.5508,44.8471],[24.5521,44.8585],[24.5425,44.8614],[24.5449,44.8851],[24.5407,44.891],[24.535,44.8889],[24.5337,44.8918],[24.5228,44.8942],[24.5135,44.8776],[24.5152,44.8691],[24.5054,44.8659],[24.5102,44.8568],[24.5094,44.8455],[24.4949,44.8446],[24.4949,44.8317],[24.483,44.8299],[24.4802,44.8217],[24.4523,44.8152],[24.4453,44.8108],[24.4469,44.8202],[24.433,44.8178],[24.4215,44.8271],[24.4381,44.8454],[24.4434,44.852],[24.4521,44.8538],[24.4627,44.8618],[24.4723,44.8744],[24.4633,44.8747],[24.4801,44.8991],[24.4634,44.9044],[24.4636,44.9134],[24.4707,44.9207],[24.4692,44.9245],[24.4995,44.9441],[24.4823,44.9542],[24.4834,44.9508],[24.4709,44.9453],[24.4687,44.9482],[24.4792,44.9636],[24.4764,44.9671],[24.4809,44.9757],[24.5037,44.9969],[24.509,44.9978],[24.488,45.0136],[24.4828,45.0143],[24.5174,45.0394],[24.5205,45.049],[24.5146,45.0506],[24.5162,45.0531],[24.512,45.055],[24.4814,45.0609],[24.4913,45.0771],[24.5027,45.08],[24.5072,45.085],[24.5048,45.0882],[24.5064,45.0926],[24.4974,45.0913],[24.4956,45.0941],[24.5004,45.0964],[24.4983,45.1004],[24.4922,45.0988],[24.4875,45.1053],[24.4965,45.1066],[24.4926,45.111],[24.4978,45.115],[24.5022,45.1154],[24.5095,45.1077],[24.5125,45.1083],[24.5159,45.1133],[24.5164,45.1309],[24.5197,45.1348],[24.5116,45.1495],[24.4998,45.1582],[24.4979,45.1656],[24.5129,45.1658],[24.5104,45.175],[24.5194,45.1765],[24.522,45.1798],[24.5135,45.1889],[24.4991,45.1885],[24.4875,45.196],[24.5013,45.2021],[24.5008,45.205],[24.4845,45.2127],[24.4759,45.209],[24.4693,45.221],[24.4701,45.2282],[24.4668,45.2317],[24.4743,45.238],[24.4712,45.2409],[24.4776,45.2454],[24.4796,45.2569],[24.484,45.2567],[24.4817,45.2629],[24.4837,45.2649],[24.4759,45.2672],[24.4919,45.2778],[24.4877,45.2886],[24.4882,45.2964],[24.4801,45.296],[24.4811,45.3025],[24.4909,45.309],[24.4905,45.3119],[24.4859,45.3125],[24.4922,45.3155],[24.489,45.3216],[24.4918,45.3242],[24.4851,45.328],[24.4878,45.3295],[24.4861,45.3311],[24.4726,45.3295],[24.4732,45.3401],[24.4695,45.3479],[24.4728,45.3577],[24.4661,45.363],[24.496,45.3563],[24.4989,45.3525],[24.5073,45.3525],[24.494,45.3786],[24.5043,45.3793],[24.5054,45.3841],[24.4944,45.3967],[24.496,45.3985],[24.491,45.3993],[24.4905,45.409],[24.4832,45.4162],[24.4852,45.422],[24.4818,45.4235],[24.4848,45.4277],[24.479,45.4377],[24.481,45.4556],[24.4856,45.4626],[24.5069,45.4651],[24.5104,45.463],[24.525,45.4753],[24.5232,45.4769],[24.5279,45.4968],[24.5136,45.5108],[24.5119,45.5175],[24.5405,45.5358],[24.5317,45.5537],[24.5311,45.5706],[24.5231,45.5806],[24.5537,45.5877],[24.5659,45.5791],[24.5894,45.5895],[24.5966,45.5962],[24.6019,45.5946],[24.6066,45.5988],[24.6225,45.5995],[24.6262,45.6039],[24.6325,45.6012],[24.6424,45.6041],[24.6493,45.6016],[24.6582,45.6031],[24.6595,45.597],[24.671,45.5946],[24.6849,45.6041],[24.6947,45.6058],[24.699,45.6024],[24.7286,45.6084],[24.7364,45.6031],[24.7721,45.6112],[24.7928,45.6024],[24.8106,45.6107],[24.8158,45.6071],[24.8298,45.6065],[24.8364,45.592],[24.9172,45.5946],[24.9285,45.5856],[24.9415,45.5821],[24.9568,45.5924],[24.9677,45.5929],[24.9772,45.5914],[24.9833,45.5862],[24.9899,45.5883],[25.0134,45.586],[25.0361,45.5926],[25.0517,45.5867],[25.0806,45.5818],[25.1032,45.5852],[25.113,45.5767],[25.1267,45.5711],[25.135,45.5611],[25.1456,45.5586],[25.1517,45.5458],[25.1755,45.5358],[25.189,45.5228],[25.2034,45.5197],[25.2116,45.5269],[25.23,45.5165],[25.2368,45.5178],[25.2332,45.5118],[25.2407,45.502],[25.2421,45.4939],[25.2374,45.4823],[25.2383,45.4756],[25.2588,45.4567],[25.2574,45.452],[25.2653,45.4468],[25.2717,45.4469],[25.2759,45.4421],[25.262,45.4379],[25.2624,45.435],[25.2534,45.4288],[25.2554,45.4225],[25.2634,45.4192],[25.2672,45.4094],[25.2726,45.4074],[25.28,45.4145],[25.3009,45.4232],[25.3123,45.399],[25.308,45.3895],[25.3216,45.3811]]]}},{"type":"Feature","properties":{"name":"Bacău","code":"BC"},"geometry":{"type":"Polygon","coordinates":[[[27.2062,46.7699],[27.2103,46.7606],[27.2177,46.7589],[27.2264,46.7518],[27.2283,46.7446],[27.2311,46.7505],[27.2364,46.7481],[27.2328,46.7446],[27.2394,46.7353],[27.2889,46.716],[27.3119,46.7006],[27.3175,46.7024],[27.3266,46.698],[27.3176,46.6914],[27.3122,46.692],[27.3049,46.6867],[27.3073,46.6837],[27.293,46.6769],[27.3147,46.6595],[27.3204,46.6585],[27.3145,46.6553],[27.3161,46.6521],[27.2932,46.6393],[27.2764,46.6253],[27.2873,46.6182],[27.2959,46.6075],[27.308,46.6021],[27.3109,46.5953],[27.3194,46.5952],[27.3194,46.5908],[27.3293,46.5836],[27.3361,46.5651],[27.3526,46.5508],[27.3506,46.5493],[27.3539,46.5487],[27.3532,46.545],[27.3603,46.5361],[27.3681,46.5331],[27.3742,46.5226],[27.3798,46.5241],[27.373,46.5194],[27.3773,46.5158],[27.3837,46.518],[27.3805,46.5123],[27.3837,46.5082],[27.3821,46.5004],[27.3972,46.4788],[27.399,46.4696],[27.4092,46.4623],[27.4139,46.4644],[27.4154,46.462],[27.4111,46.4574],[27.4154,46.453],[27.4128,46.4519],[27.4182,46.4353],[27.4243,46.4344],[27.42,46.4314],[27.4295,46.4247],[27.4282,46.4188],[27.4328,46.4125],[27.4418,46.4102],[27.4492,46.4001],[27.452,46.3788],[27.4595,46.3791],[27.4644,46.3714],[27.4663,46.3625],[27.459,46.3601],[27.4711,46.3362],[27.4828,46.3271],[27.4759,46.3265],[27.4801,46.3187],[27.4758,46.3179],[27.474,46.323],[27.4571,46.3203],[27.46,46.3081],[27.4668,46.3022],[27.4636,46.2962],[27.4828,46.282],[27.4663,46.279],[27.4711,46.2697],[27.4739,46.2365],[27.4789,46.2207],[27.5065,46.2194],[27.5101,46.21],[27.5099,46.2067],[27.5042,46.2039],[27.5087,46.1932],[27.5051,46.1925],[27.507,46.1887],[27.5005,46.1649],[27.5063,46.1641],[27.5062,46.1554],[27.4928,46.1592],[27.4929,46.1625],[27.4789,46.1676],[27.4759,46.1606],[27.4673,46.1579],[27.4645,46.1619],[27.4662,46.1572],[27.4592,46.1574],[27.4503,46.1721],[27.4535,46.1729],[27.448,46.1842],[27.4378,46.1851],[27.434,46.1889],[27.4157,46.1893],[27.42,46.1938],[27.3939,46.1943],[27.3879,46.1938],[27.3859,46.1894],[27.3789,46.1898],[27.3759,46.1782],[27.381,46.1651],[27.3751,46.1636],[27.3746,46.1574],[27.3604,46.1568],[27.35,46.1527],[27.347,46.157],[27.351,46.1621],[27.3504,46.1689],[27.3339,46.1685],[27.3304,46.1794],[27.3239,46.1797],[27.3269,46.1812],[27.322,46.184],[27.3142,46.1838],[27.3152,46.1898],[27.3193,46.1919],[27.318,46.2028],[27.3089,46.2031],[27.3066,46.2062],[27.2627,46.2004],[27.2699,46.1832],[27.2458,46.1779],[27.2394,46.1783],[27.2355,46.1896],[27.2262,46.1868],[27.2217,46.1914],[27.2007,46.1793],[27.1982,46.1856],[27.1904,46.1867],[27.1909,46.18],[27.1858,46.1719],[27.1784,46.18],[27.1732,46.1813],[27.1694,46.1739],[27.1665,46.1768],[27.1646,46.1747],[27.1702,46.1696],[27.1236,46.1475],[27.1273,46.1378],[27.1401,46.1342],[27.1332,46.1206],[27.1386,46.1183],[27.1361,46.1145],[27.1319,46.1171],[27.123,46.1041],[27.1115,46.1091],[27.0861,46.1115],[27.0878,46.1086],[27.1052,46.105],[27.1056,46.0887],[27.0845,46.0953],[27.0794,46.0882],[27.0732,46.0877],[27.0421,46.0983],[27.032,46.099],[27.0178,46.106],[26.9836,46.1133],[26.9612,46.1087],[26.9457,46.0998],[26.9507,46.0978],[26.9527,46.0862],[26.9479,46.0806],[26.9402,46.078],[26.9373,46.067],[26.9327,46.0646],[26.9228,46.0657],[26.9048,46.0761],[26.8917,46.0774],[26.8701,46.0851],[26.8627,46.0805],[26.8481,46.0787],[26.845,46.0714],[26.8249,46.0723],[26.8071,46.0658],[26.8018,46.0708],[26.8012,46.0758],[26.788,46.0786],[26.7863,46.088],[26.7803,46.094],[26.7736,46.0891],[26.7675,46.0899],[26.7621,46.0866],[26.7584,46.0892],[26.7402,46.0874],[26.7337,46.0954],[26.7178,46.089],[26.7046,46.0939],[26.6838,46.0843],[26.6812,46.0792],[26.6709,46.0771],[26.6534,46.0793],[26.6447,46.0751],[26.6395,46.0707],[26.6408,46.0656],[26.6337,46.061],[26.6341,46.0575],[26.6186,46.0531],[26.6081,46.0448],[26.6014,46.0474],[26.5861,46.0404],[26.582,46.0252],[26.5727,46.0168],[26.552,46.0201],[26.5484,46.0242],[26.5401,46.0233],[26.5357,46.0279],[26.5156,46.0269],[26.4917,46.0452],[26.48,46.0448],[26.4772,46.0399],[26.4604,46.0351],[26.44,46.0389],[26.4377,46.0478],[26.442,46.0511],[26.4311,46.0595],[26.4327,46.063],[26.4251,46.067],[26.4306,46.0781],[26.4051,46.0923],[26.4083,46.0953],[26.4079,46.1036],[26.3889,46.1014],[26.3732,46.1078],[26.3693,46.1124],[26.3677,46.1185],[26.3801,46.1283],[26.3925,46.123],[26.3857,46.129],[26.3896,46.133],[26.3879,46.1377],[26.3836,46.1391],[26.3875,46.145],[26.3715,46.146],[26.3653,46.142],[26.3431,46.1374],[26.3474,46.1621],[26.3344,46.1752],[26.3305,46.1834],[26.3333,46.1958],[26.3407,46.1997],[26.3414,46.2037],[26.3381,46.2152],[26.3267,46.23],[26.3101,46.2389],[26.2895,46.2446],[26.2635,46.2464],[26.2586,46.2503],[26.2648,46.2563],[26.2533,46.2669],[26.2534,46.2773],[26.263,46.2801],[26.2691,46.2872],[26.2744,46.2874],[26.2722,46.2964],[26.2788,46.2995],[26.2775,46.304],[26.2807,46.3068],[26.2836,46.3212],[26.293,46.3316],[26.2913,46.336],[26.2708,46.3449],[26.2452,46.3402],[26.2419,46.3357],[26.2357,46.3351],[26.2322,46.3257],[26.221,46.3146],[26.1932,46.3103],[26.1913,46.3124],[26.1773,46.3107],[26.1633,46.3164],[26.1561,46.3152],[26.1506,46.3218],[26.1493,46.329],[26.1543,46.3393],[26.1644,46.3471],[26.1666,46.3554],[26.1635,46.3619],[26.1668,46.3693],[26.1627,46.3808],[26.166,46.3848],[26.1493,46.3887],[26.1332,46.3969],[26.1098,46.4005],[26.0619,46.4007],[26.0564,46.4036],[26.0618,46.4102],[26.0602,46.4134],[26.0469,46.4166],[26.0341,46.4172],[26.03,46.4101],[26.0224,46.4163],[26.02,46.4091],[26.0062,46.4127],[26.0023,46.4088],[26.0035,46.4064],[25.9953,46.4068],[26.0003,46.4138],[25.9972,46.4201],[26.0032,46.4252],[25.987,46.4389],[26.0058,46.4449],[26.0051,46.4548],[26.0083,46.4589],[26.0171,46.4612],[26.0116,46.4692],[26.0167,46.4728],[26.0168,46.477],[26.007,46.4826],[26.019,46.4924],[26.0566,46.4944],[26.0632,46.4872],[26.0746,46.4845],[26.0832,46.5125],[26.0745,46.5255],[26.0574,46.527],[26.0355,46.5438],[26.0405,46.5504],[26.0392,46.5557],[26.0316,46.5603],[26.0336,46.5704],[26.0261,46.5773],[26.0225,46.5888],[26.0122,46.59],[25.9985,46.6015],[25.9971,46.609],[25.9905,46.6161],[25.9917,46.6214],[26.0016,46.6273],[26.0033,46.6378],[26.0194,46.6343],[26.0077,46.6484],[26.0065,46.6597],[26.0001,46.6633],[25.9934,46.6738],[25.9811,46.6802],[25.9727,46.6776],[25.9775,46.6848],[25.9746,46.6891],[25.9752,46.6973],[25.9993,46.6998],[26.0128,46.6941],[26.0313,46.7096],[26.0548,46.7163],[26.0678,46.7121],[26.0717,46.7079],[26.0708,46.7021],[26.0758,46.6943],[26.0707,46.6883],[26.0732,46.6796],[26.0815,46.6735],[26.079,46.6677],[26.0814,46.6562],[26.1007,46.6469],[26.1147,46.6553],[26.1401,46.6607],[26.1479,46.6569],[26.1529,46.6494],[26.1511,46.6462],[26.1591,46.6417],[26.1792,46.6506],[26.1947,46.6533],[26.2048,46.6517],[26.2162,46.656],[26.2152,46.6674],[26.2224,46.6775],[26.2184,46.6801],[26.2332,46.6855],[26.2438,46.6973],[26.2664,46.7032],[26.2673,46.6991],[26.2619,46.6941],[26.2719,46.6918],[26.2733,46.6878],[26.2843,46.6806],[26.2842,46.676],[26.289,46.6729],[26.2937,46.6618],[26.2937,46.6553],[26.32,46.6551],[26.3307,46.6643],[26.3388,46.6605],[26.3463,46.6509],[26.3815,46.6496],[26.3905,46.651],[26.3994,46.6569],[26.4002,46.661],[26.4044,46.6605],[26.409,46.6646],[26.4105,46.6786],[26.4357,46.6878],[26.4412,46.6791],[26.4543,46.6816],[26.4723,46.6762],[26.4854,46.6806],[26.4877,46.6787],[26.5063,46.6943],[26.5147,46.6947],[26.5223,46.6886],[26.53,46.6924],[26.5467,46.6783],[26.5703,46.6786],[26.5824,46.6853],[26.5805,46.6882],[26.5882,46.6892],[26.6081,46.7128],[26.6237,46.7202],[26.6289,46.7159],[26.6372,46.7223],[26.6436,46.718],[26.6453,46.7197],[26.6366,46.7248],[26.6406,46.7277],[26.6404,46.7241],[26.6455,46.7197],[26.6649,46.7364],[26.6693,46.733],[26.6761,46.7361],[26.6709,46.7551],[26.6795,46.7604],[26.676,46.7677],[26.7054,46.7668],[26.7076,46.7719],[26.7116,46.7716],[26.723,46.7672],[26.7231,46.7645],[26.7335,46.7631],[26.7345,46.7685],[26.7432,46.7683],[26.7391,46.759],[26.7319,46.7552],[26.7313,46.7495],[26.7543,46.7562],[26.7515,46.7378],[26.7588,46.7368],[26.7794,46.7257],[26.7864,46.7169],[26.8174,46.7325],[26.8138,46.7353],[26.8247,46.7394],[26.8228,46.7432],[26.8366,46.7497],[26.8346,46.752],[26.8419,46.7513],[26.8322,46.7621],[26.83,46.7656],[26.8322,46.7664],[26.8216,46.7732],[26.8357,46.7794],[26.844,46.7758],[26.8464,46.7805],[26.8495,46.7799],[26.8495,46.8047],[26.8663,46.8067],[26.8663,46.8096],[26.872,46.8102],[26.8714,46.8137],[26.8824,46.8159],[26.8818,46.8288],[26.9094,46.8273],[26.9059,46.8222],[26.9142,46.8206],[26.9149,46.8111],[26.9115,46.8098],[26.901,46.8162],[26.9001,46.8114],[26.9067,46.807],[26.9081,46.8003],[26.9039,46.7983],[26.8953,46.8011],[26.893,46.7983],[26.9129,46.7931],[26.9132,46.7901],[26.9077,46.7867],[26.9145,46.7826],[26.9224,46.7828],[26.9188,46.7779],[26.9222,46.7753],[26.9255,46.7757],[26.9279,46.7817],[26.936,46.7848],[26.9388,46.7781],[26.9468,46.7715],[26.9403,46.7664],[26.9472,46.7639],[26.9469,46.7587],[26.9396,46.7565],[26.9393,46.7527],[26.9498,46.7571],[26.966,46.7544],[26.9694,46.7592],[26.9787,46.7627],[27.0025,46.7654],[27.0092,46.7692],[27.0254,46.7691],[27.0289,46.7721],[27.0385,46.7702],[27.0454,46.7724],[27.0521,46.76],[27.0579,46.7601],[27.0616,46.7562],[27.0745,46.7664],[27.0988,46.7696],[27.1039,46.7674],[27.1153,46.7487],[27.1228,46.7503],[27.1298,46.7472],[27.1459,46.7538],[27.1423,46.7413],[27.152,46.7369],[27.1508,46.7313],[27.1605,46.7343],[27.1649,46.7429],[27.1631,46.7494],[27.1858,46.7498],[27.1875,46.7605],[27.1943,46.7643],[27.1954,46.7611],[27.2062,46.7699]]]}},{"type":"Feature","properties":{"name":"Bihor","code":"BH"},"geometry":{"type":"Polygon","coordinates":[[[22.6127,47.3348],[22.6079,47.328],[22.5872,47.3272],[22.5905,47.3257],[22.5892,47.3229],[22.576,47.3082],[22.5806,47.3012],[22.575,47.3006],[22.5697,47.3058],[22.5664,47.3038],[22.5609,47.3071],[22.5477,47.2982],[22.5531,47.2928],[22.5497,47.2916],[22.5535,47.2815],[22.5471,47.2809],[22.5468,47.2693],[22.5525,47.2724],[22.5606,47.2647],[22.5514,47.2606],[22.5583,47.2612],[22.5574,47.2541],[22.5612,47.2518],[22.5521,47.2483],[22.5399,47.2339],[22.5168,47.2327],[22.5172,47.226],[22.511,47.2196],[22.522,47.2082],[22.5158,47.207],[22.508,47.2148],[22.506,47.209],[22.5116,47.1962],[22.502,47.1887],[22.4935,47.1872],[22.5067,47.1733],[22.5082,47.1656],[22.5224,47.1644],[22.5314,47.1691],[22.5396,47.1615],[22.5338,47.1498],[22.5407,47.1467],[22.5486,47.1496],[22.5518,47.1454],[22.5497,47.1439],[22.5543,47.1432],[22.5439,47.14],[22.5441,47.1352],[22.5533,47.1345],[22.5559,47.1249],[22.5667,47.1263],[22.5667,47.1218],[22.5568,47.1162],[22.5143,47.1088],[22.5372,47.0997],[22.545,47.088],[22.5688,47.0823],[22.5734,47.0762],[22.5916,47.0681],[22.5923,47.0632],[22.6205,47.0603],[22.6311,47.0554],[22.6479,47.0573],[22.6673,47.05],[22.6868,47.0513],[22.6908,47.0466],[22.6904,47.0343],[22.6979,47.0305],[22.701,47.0181],[22.7096,47.0107],[22.7282,47.0075],[22.7142,46.9947],[22.703,46.9908],[22.6971,46.9816],[22.6748,46.9709],[22.6784,46.9625],[22.6765,46.9545],[22.6708,46.9501],[22.6797,46.9489],[22.679,46.9449],[22.6856,46.9387],[22.698,46.9387],[22.7172,46.9334],[22.7254,46.9228],[22.7367,46.915],[22.7757,46.9106],[22.7746,46.9023],[22.779,46.897],[22.7604,46.8778],[22.7541,46.8762],[22.7457,46.8579],[22.7455,46.8479],[22.733,46.8338],[22.7264,46.8159],[22.7138,46.8109],[22.7108,46.8128],[22.7042,46.8055],[22.658,46.8051],[22.6373,46.7994],[22.644,46.7934],[22.6537,46.7925],[22.7132,46.7633],[22.7112,46.7626],[22.7145,46.7531],[22.7082,46.7388],[22.7321,46.7245],[22.7409,46.7144],[22.7444,46.708],[22.7426,46.703],[22.7479,46.7002],[22.746,46.6948],[22.749,46.6892],[22.7556,46.6853],[22.771,46.6664],[22.7726,46.6524],[22.7936,46.6396],[22.7932,46.6338],[22.788,46.627],[22.8196,46.6386],[22.8116,46.6328],[22.8106,46.6272],[22.8015,46.6184],[22.8075,46.6105],[22.8063,46.5905],[22.8172,46.5843],[22.8145,46.5757],[22.818,46.5702],[22.8119,46.5689],[22.7858,46.5661],[22.7826,46.5716],[22.7744,46.5692],[22.7776,46.573],[22.7636,46.5758],[22.7629,46.5691],[22.7573,46.572],[22.7522,46.569],[22.7555,46.5547],[22.7513,46.5492],[22.7261,46.5469],[22.722,46.5412],[22.702,46.5306],[22.7003,46.5248],[22.691,46.5186],[22.677,46.5233],[22.6747,46.5066],[22.6797,46.4925],[22.673,46.4903],[22.6727,46.4856],[22.6638,46.4798],[22.673,46.4812],[22.6798,46.4764],[22.6774,46.4686],[22.6925,46.4533],[22.6882,46.4416],[22.6903,46.4397],[22.7199,46.4309],[22.6872,46.4122],[22.6776,46.4105],[22.6746,46.4087],[22.6766,46.4058],[22.6664,46.4041],[22.6489,46.3913],[22.6354,46.3896],[22.5881,46.3979],[22.5738,46.3978],[22.5658,46.3924],[22.5544,46.394],[22.511,46.3861],[22.4524,46.385],[22.4276,46.3919],[22.4114,46.4092],[22.4012,46.4097],[22.3704,46.4263],[22.3822,46.4311],[22.3739,46.4391],[22.3601,46.4389],[22.3445,46.4477],[22.3467,46.4533],[22.3392,46.4761],[22.3225,46.4829],[22.3286,46.4898],[22.3234,46.4954],[22.3274,46.5016],[22.3234,46.5099],[22.3252,46.5145],[22.3149,46.5151],[22.2724,46.5008],[22.2568,46.5071],[22.2461,46.5023],[22.2389,46.5083],[22.229,46.509],[22.229,46.5142],[22.2204,46.5137],[22.2221,46.5179],[22.2166,46.5218],[22.2093,46.5121],[22.1985,46.5133],[22.1755,46.5364],[22.1796,46.5389],[22.1791,46.5469],[22.1748,46.5582],[22.1693,46.5608],[22.1701,46.5647],[22.1644,46.5712],[22.1664,46.5817],[22.1697,46.5828],[22.1753,46.5963],[22.1684,46.6039],[22.1422,46.6024],[22.1339,46.6071],[22.1305,46.6027],[22.1167,46.6027],[22.1096,46.6072],[22.1084,46.6156],[22.0941,46.6143],[22.0887,46.6183],[22.0883,46.6339],[22.0756,46.6321],[22.0807,46.6376],[22.073,46.6387],[22.0709,46.6343],[22.0615,46.6362],[22.056,46.6321],[22.0539,46.6381],[22.0455,46.6371],[22.0419,46.642],[22.0267,46.644],[22.0292,46.6459],[22.0252,46.6497],[22.0259,46.6542],[22.0208,46.6542],[22.0175,46.6418],[22.0092,46.6369],[22.0004,46.6245],[21.9919,46.6238],[21.9889,46.6207],[21.9662,46.6213],[21.9522,46.6171],[21.9445,46.6212],[21.916,46.6257],[21.9105,46.6275],[21.9108,46.6305],[21.8813,46.6312],[21.9105,46.6628],[21.9054,46.6686],[21.8693,46.6809],[21.8574,46.6707],[21.8387,46.6682],[21.8096,46.6559],[21.7948,46.6547],[21.7832,46.6542],[21.7563,46.6632],[21.7314,46.6595],[21.7293,46.6635],[21.7067,46.6586],[21.6975,46.6598],[21.6893,46.6651],[21.6584,46.6625],[21.6468,46.6657],[21.6286,46.6495],[21.6204,46.6462],[21.6097,46.6449],[21.5766,46.6509],[21.5701,46.649],[21.5628,46.6396],[21.5628,46.6315],[21.5733,46.6257],[21.566,46.6251],[21.5692,46.6209],[21.5661,46.6234],[21.5604,46.6195],[21.5678,46.6129],[21.5677,46.6004],[21.5468,46.6013],[21.5391,46.6295],[21.5269,46.6329],[21.5277,46.638],[21.5214,46.639],[21.521,46.635],[21.5115,46.6366],[21.5102,46.6538],[21.5044,46.6532],[21.5018,46.6601],[21.4975,46.6612],[21.4849,46.6511],[21.4714,46.6608],[21.4591,46.6619],[21.4539,46.6582],[21.4601,46.6551],[21.4647,46.659],[21.4738,46.6527],[21.4415,46.6514],[21.4547,46.6608],[21.4556,46.6671],[21.4434,46.6663],[21.438,46.6703],[21.4302,46.6799],[21.4277,46.6891],[21.43,46.6938],[21.4344,46.6956],[21.4511,46.6885],[21.473,46.6957],[21.4921,46.686],[21.5002,46.6955],[21.5076,46.6981],[21.5077,46.7049],[21.5124,46.7078],[21.5111,46.7117],[21.5293,46.7208],[21.5267,46.7392],[21.4932,46.7575],[21.4848,46.7585],[21.4832,46.7647],[21.4902,46.7758],[21.5094,46.7834],[21.5138,46.7955],[21.5187,46.8],[21.5226,46.8139],[21.5191,46.8209],[21.5201,46.8373],[21.5345,46.8396],[21.5379,46.8474],[21.557,46.8537],[21.5691,46.854],[21.5968,46.8613],[21.6033,46.8687],[21.6011,46.8789],[21.6035,46.8848],[21.6142,46.8865],[21.6072,46.9046],[21.6028,46.9042],[21.5991,46.9092],[21.5989,46.9275],[21.6043,46.9323],[21.6384,46.9329],[21.6408,46.9389],[21.6559,46.9499],[21.658,46.9561],[21.6731,46.9537],[21.6816,46.9649],[21.6781,46.9686],[21.6679,46.9702],[21.6794,46.998],[21.689,47.0018],[21.6815,47.0059],[21.6779,47.0184],[21.661,47.0209],[21.65,47.0338],[21.6487,47.0403],[21.6828,47.0457],[21.6835,47.0511],[21.6898,47.0535],[21.6886,47.0555],[21.7048,47.0634],[21.7014,47.0682],[21.7164,47.0749],[21.7127,47.0825],[21.7261,47.0985],[21.7709,47.1088],[21.7926,47.1066],[21.7928,47.1113],[21.7892,47.1129],[21.7921,47.1156],[21.7892,47.1166],[21.7914,47.124],[21.8004,47.1306],[21.8097,47.1602],[21.8174,47.1727],[21.8294,47.1749],[21.8309,47.1789],[21.8387,47.1772],[21.8477,47.1845],[21.8581,47.187],[21.8581,47.2201],[21.8468,47.2238],[21.8516,47.2391],[21.8691,47.2611],[21.88,47.2648],[21.8878,47.2721],[21.8882,47.2779],[21.8801,47.2826],[21.8788,47.2874],[21.8861,47.2897],[21.8961,47.3163],[21.9216,47.3415],[21.9255,47.3535],[21.9398,47.3677],[21.9385,47.373],[21.953,47.3746],[21.9615,47.3812],[21.9772,47.3781],[21.9905,47.3814],[21.9988,47.3771],[22.012,47.3758],[22.0244,47.3931],[22.0355,47.4134],[22.0297,47.4227],[22.0354,47.4274],[22.0259,47.4424],[22.0327,47.451],[22.021,47.4546],[22.0074,47.4759],[22.0071,47.4833],[22.0126,47.5014],[22.0241,47.5199],[22.0454,47.5398],[22.0615,47.529],[22.0714,47.538],[22.0553,47.5485],[22.0792,47.5624],[22.0936,47.5581],[22.1051,47.5728],[22.1143,47.5752],[22.1291,47.5893],[22.1281,47.5981],[22.171,47.5917],[22.1808,47.6001],[22.2003,47.5991],[22.2073,47.5964],[22.2135,47.5859],[22.2243,47.5865],[22.2301,47.582],[22.2362,47.5653],[22.2441,47.5675],[22.249,47.5637],[22.2567,47.5668],[22.261,47.5643],[22.257,47.5608],[22.2616,47.5549],[22.2557,47.5398],[22.2854,47.5349],[22.2897,47.5405],[22.2924,47.5227],[22.2956,47.5196],[22.2861,47.5157],[22.2922,47.5093],[22.2883,47.5065],[22.3264,47.4993],[22.341,47.4908],[22.3407,47.4656],[22.3446,47.4564],[22.341,47.4556],[22.3521,47.434],[22.3581,47.4295],[22.3816,47.4272],[22.4073,47.4339],[22.409,47.4304],[22.4213,47.4321],[22.4328,47.422],[22.4398,47.4276],[22.4593,47.4319],[22.4739,47.4212],[22.4911,47.4254],[22.5033,47.4235],[22.5019,47.4175],[22.5086,47.4177],[22.5118,47.4233],[22.5294,47.4186],[22.5332,47.4073],[22.5307,47.3992],[22.551,47.401],[22.566,47.3919],[22.5684,47.3834],[22.5597,47.3802],[22.5772,47.3663],[22.5754,47.3618],[22.5711,47.3625],[22.57,47.3571],[22.5848,47.358],[22.5971,47.3474],[22.6091,47.3429],[22.6127,47.3348]]]}},{"type":"Feature","properties":{"name":"Bistrița-Năsăud","code":"BN"},"geometry":{"type":"Polygon","coordinates":[[[24.9609,47.5969],[24.9921,47.5856],[24.9897,47.5836],[24.9911,47.5805],[25.0078,47.5688],[25.052,47.5605],[25.0566,47.5525],[25.0567,47.545],[25.0665,47.5304],[25.0814,47.5262],[25.0951,47.5162],[25.0938,47.504],[25.0731,47.4934],[25.0724,47.4891],[25.0615,47.4813],[25.0454,47.481],[25.047,47.4702],[25.0603,47.4625],[25.0633,47.4547],[25.0679,47.453],[25.0662,47.4502],[25.0812,47.454],[25.0909,47.4489],[25.0776,47.4382],[25.0623,47.437],[25.0615,47.4334],[25.0524,47.431],[25.0503,47.4255],[25.0591,47.4208],[25.0583,47.4165],[25.05,47.4184],[25.0267,47.4358],[25.0147,47.4334],[25.0121,47.4284],[24.9995,47.4202],[24.9828,47.424],[24.9856,47.4181],[24.9907,47.4184],[24.9957,47.4132],[25.0013,47.4143],[25.0333,47.3943],[25.0347,47.385],[25.04,47.3804],[25.0528,47.3773],[25.0626,47.3792],[25.0694,47.3699],[25.0643,47.3664],[25.0605,47.3529],[25.0651,47.3464],[25.0771,47.3408],[25.0727,47.3295],[25.0764,47.3269],[25.0747,47.3214],[25.0787,47.3152],[25.0775,47.3117],[25.0622,47.3097],[25.0586,47.3044],[25.0474,47.3036],[25.0281,47.2868],[25.0384,47.283],[25.0513,47.2702],[25.0796,47.2586],[25.0749,47.2462],[25.0593,47.2345],[25.0443,47.2161],[25.0583,47.2014],[25.0566,47.188],[25.0613,47.1853],[25.0672,47.1668],[25.0576,47.1506],[25.0661,47.1428],[25.0634,47.1366],[25.051,47.1311],[25.0424,47.1328],[25.0341,47.1263],[25.0323,47.1194],[25.0135,47.1112],[24.9988,47.1108],[24.9859,47.1191],[24.9781,47.1139],[24.9534,47.1199],[24.9413,47.1065],[24.9408,47.1005],[24.9321,47.096],[24.9144,47.1022],[24.9055,47.1005],[24.8971,47.1093],[24.8702,47.1049],[24.8542,47.0959],[24.8391,47.0804],[24.8218,47.0712],[24.8152,47.0625],[24.793,47.0494],[24.7849,47.0394],[24.7742,47.0085],[24.7627,46.996],[24.7529,46.9955],[24.7404,46.9816],[24.74,46.9731],[24.745,46.9721],[24.7401,46.9602],[24.7332,46.9574],[24.741,46.9531],[24.7217,46.9324],[24.7536,46.9143],[24.7547,46.91],[24.7456,46.9058],[24.7284,46.9113],[24.725,46.9037],[24.7086,46.9021],[24.6937,46.9082],[24.6577,46.9091],[24.652,46.913],[24.6571,46.9131],[24.6557,46.9151],[24.6464,46.9192],[24.6534,46.9232],[24.64,46.9255],[24.6449,46.9369],[24.6385,46.9378],[24.6387,46.9452],[24.6292,46.9513],[24.6229,46.943],[24.6006,46.948],[24.5943,46.9452],[24.5855,46.9288],[24.5787,46.9259],[24.5853,46.9212],[24.5845,46.9152],[24.5701,46.9145],[24.5649,46.9124],[24.5689,46.9086],[24.5604,46.9054],[24.5324,46.907],[24.5318,46.899],[24.5403,46.8913],[24.532,46.8812],[24.5389,46.8764],[24.535,46.8727],[24.5383,46.8678],[24.5328,46.8705],[24.5272,46.854],[24.5091,46.8488],[24.5066,46.8526],[24.5033,46.8514],[24.5029,46.8462],[24.5061,46.8462],[24.5037,46.8396],[24.4904,46.8401],[24.4892,46.8357],[24.4672,46.8284],[24.4644,46.8221],[24.4582,46.8201],[24.4634,46.8116],[24.4564,46.8055],[24.4493,46.7891],[24.4602,46.785],[24.4622,46.7915],[24.4723,46.783],[24.4521,46.7657],[24.4375,46.771],[24.4326,46.7699],[24.4307,46.7754],[24.4255,46.7762],[24.424,46.7721],[24.4156,46.774],[24.4093,46.7721],[24.4083,46.7676],[24.4009,46.764],[24.4043,46.7607],[24.3988,46.7587],[24.4033,46.7543],[24.401,46.7505],[24.3886,46.7513],[24.384,46.7472],[24.3613,46.7465],[24.3384,46.7578],[24.3243,46.7541],[24.3088,46.7582],[24.3012,46.7532],[24.2892,46.7597],[24.2765,46.7609],[24.2476,46.7729],[24.2453,46.7713],[24.2475,46.7687],[24.2349,46.7729],[24.2403,46.7746],[24.2114,46.7835],[24.217,46.7879],[24.1984,46.7997],[24.1796,46.8047],[24.1776,46.8072],[24.183,46.8092],[24.1913,46.8056],[24.1928,46.8098],[24.1885,46.8122],[24.1969,46.8196],[24.1888,46.8311],[24.2106,46.8394],[24.206,46.8493],[24.1992,46.8526],[24.2191,46.8739],[24.2121,46.8852],[24.2274,46.8884],[24.2164,46.8971],[24.2149,46.9067],[24.2096,46.912],[24.1868,46.9218],[24.1936,46.9242],[24.1951,46.9307],[24.1925,46.9351],[24.1853,46.9289],[24.1615,46.9336],[24.1614,46.9479],[24.1678,46.9465],[24.1726,46.9531],[24.1783,46.9535],[24.1783,46.9569],[24.1704,46.9582],[24.1755,46.9632],[24.1582,46.9648],[24.157,46.9617],[24.1416,46.9673],[24.1139,46.9606],[24.1181,46.974],[24.1081,46.9853],[24.0995,46.9859],[24.0979,46.9891],[24.1021,46.9924],[24.1005,46.9961],[24.107,46.9952],[24.1044,47.0027],[24.1159,47.0112],[24.1153,47.0221],[24.1036,47.0272],[24.1166,47.0414],[24.1146,47.0506],[24.1179,47.051],[24.1188,47.0583],[24.1264,47.0604],[24.1239,47.0664],[24.1342,47.0739],[24.136,47.082],[24.1311,47.0878],[24.1472,47.0896],[24.1408,47.0943],[24.129,47.0927],[24.1195,47.0979],[24.1204,47.1059],[24.1099,47.1113],[24.1113,47.1185],[24.1078,47.1241],[24.0965,47.127],[24.0879,47.1152],[24.0772,47.1199],[24.0702,47.1182],[24.0698,47.1242],[24.0673,47.1243],[24.0708,47.1287],[24.0568,47.1329],[24.0405,47.1325],[24.0393,47.1403],[24.0263,47.1434],[24.0261,47.1459],[24.0174,47.1425],[24.0115,47.1505],[24.0144,47.1525],[24.0141,47.1586],[24.0238,47.1549],[24.0284,47.1641],[24.0246,47.1695],[24.0205,47.1682],[24.021,47.1731],[24.0166,47.1783],[24.002,47.1758],[24.0015,47.1718],[24.0073,47.1685],[24.0053,47.167],[23.9778,47.1681],[23.9697,47.1631],[23.9583,47.1622],[23.9545,47.1685],[23.9596,47.172],[23.9536,47.1775],[23.9506,47.1766],[23.936,47.1993],[23.9367,47.2116],[23.9292,47.2212],[23.9297,47.2318],[23.9247,47.236],[23.9234,47.2461],[23.9203,47.2472],[23.9213,47.2733],[23.9306,47.2743],[23.9331,47.2793],[23.9313,47.2824],[23.9347,47.2848],[23.9268,47.2985],[23.9328,47.3032],[23.9384,47.3028],[23.9401,47.3089],[23.9492,47.3056],[23.9535,47.3158],[23.9567,47.3159],[23.9569,47.3113],[23.9604,47.3124],[23.9595,47.317],[23.9647,47.312],[23.9716,47.3117],[23.9716,47.3164],[23.9768,47.315],[23.9819,47.3213],[23.9901,47.3183],[24.0071,47.3046],[24.0086,47.313],[24.0212,47.3142],[24.0184,47.3173],[24.0294,47.3248],[24.022,47.3291],[24.0268,47.3314],[24.0178,47.3445],[24.0227,47.362],[24.0328,47.3622],[24.0378,47.3741],[24.0608,47.3777],[24.0603,47.3813],[24.0705,47.3902],[24.0763,47.4028],[24.0724,47.4097],[24.0759,47.4123],[24.0843,47.4109],[24.0815,47.4126],[24.0858,47.413],[24.0857,47.4176],[24.0935,47.4175],[24.0943,47.4225],[24.103,47.4216],[24.1095,47.4268],[24.1104,47.4335],[24.1242,47.4378],[24.1207,47.4421],[24.1246,47.4439],[24.118,47.4473],[24.1266,47.4583],[24.1189,47.4605],[24.13,47.4656],[24.1224,47.4747],[24.1253,47.4742],[24.1285,47.4795],[24.1189,47.4782],[24.1176,47.4829],[24.123,47.4864],[24.1236,47.4936],[24.1213,47.4947],[24.1267,47.4994],[24.128,47.4941],[24.1323,47.494],[24.1312,47.491],[24.1414,47.4876],[24.1457,47.4914],[24.1442,47.4934],[24.1536,47.4948],[24.1534,47.5028],[24.1669,47.5057],[24.182,47.5072],[24.1894,47.5033],[24.1975,47.5063],[24.2052,47.498],[24.2166,47.5036],[24.2372,47.4989],[24.2411,47.5005],[24.2524,47.5189],[24.2585,47.5204],[24.2677,47.5174],[24.2698,47.5238],[24.278,47.53],[24.2794,47.5442],[24.2876,47.5463],[24.2934,47.5557],[24.302,47.5582],[24.3043,47.5665],[24.3005,47.5718],[24.3032,47.5791],[24.3218,47.5727],[24.326,47.5668],[24.3427,47.5654],[24.3493,47.5712],[24.3609,47.5747],[24.367,47.5872],[24.3757,47.5923],[24.3865,47.6084],[24.3914,47.6045],[24.4382,47.5906],[24.4564,47.5954],[24.4729,47.5878],[24.4915,47.5863],[24.5046,47.5813],[24.5142,47.5828],[24.5214,47.5774],[24.5536,47.5733],[24.5592,47.5647],[24.5656,47.5627],[24.5717,47.5623],[24.5815,47.5705],[24.6045,47.5686],[24.6319,47.5758],[24.6521,47.5675],[24.654,47.5623],[24.6519,47.5583],[24.6596,47.554],[24.6643,47.5575],[24.6912,47.5585],[24.7254,47.5759],[24.7346,47.5714],[24.7553,47.5713],[24.7712,47.572],[24.7874,47.577],[24.8072,47.5667],[24.8165,47.5765],[24.8218,47.5933],[24.8294,47.5968],[24.8459,47.5967],[24.8608,47.5913],[24.8991,47.603],[24.9166,47.5982],[24.9609,47.5969]]]}},{"type":"Feature","properties":{"name":"Botoșani","code":"BT"},"geometry":{"type":"Polygon","coordinates":[[[27.3914,47.5895],[27.3821,47.5848],[27.3307,47.5726],[27.3119,47.5772],[27.3011,47.576],[27.3056,47.5719],[27.295,47.567],[27.288,47.574],[27.283,47.5683],[27.2633,47.5711],[27.2568,47.5677],[27.2599,47.5646],[27.2484,47.5625],[27.2484,47.5589],[27.2528,47.5584],[27.2466,47.5565],[27.2542,47.553],[27.2464,47.5425],[27.2591,47.5291],[27.2422,47.522],[27.2373,47.5265],[27.2247,47.5224],[27.2295,47.515],[27.2232,47.5131],[27.2215,47.5187],[27.2172,47.5208],[27.1872,47.5205],[27.1867,47.5165],[27.1796,47.5174],[27.1801,47.5219],[27.1689,47.5238],[27.1591,47.5352],[27.1497,47.5292],[27.1444,47.5418],[27.1,47.5479],[27.0972,47.5422],[27.0915,47.5425],[27.0725,47.5128],[27.0762,47.4927],[27.0802,47.4924],[27.0814,47.4863],[27.0823,47.4644],[27.0726,47.4651],[27.0647,47.4619],[27.0492,47.4662],[27.0498,47.4517],[27.0421,47.4383],[27.0226,47.4612],[27.0124,47.4645],[27.0092,47.4626],[27.0053,47.4665],[27.012,47.4696],[27.01,47.4725],[27.0166,47.4691],[27.0068,47.4855],[27.0078,47.4755],[26.9905,47.4926],[26.9834,47.4908],[26.9774,47.4962],[26.968,47.4935],[26.9458,47.4973],[26.9293,47.4922],[26.8791,47.4916],[26.8661,47.4964],[26.8377,47.4973],[26.8358,47.5014],[26.8284,47.5011],[26.8183,47.508],[26.7879,47.4999],[26.7741,47.5039],[26.7496,47.5033],[26.7164,47.5153],[26.7095,47.51],[26.6987,47.5094],[26.7043,47.4994],[26.6976,47.4928],[26.7154,47.4862],[26.7268,47.4729],[26.7006,47.4717],[26.6305,47.4691],[26.599,47.4597],[26.5964,47.463],[26.5866,47.463],[26.5914,47.47],[26.5879,47.4779],[26.5893,47.4904],[26.5807,47.4924],[26.58,47.4978],[26.5705,47.4993],[26.5606,47.4956],[26.5577,47.504],[26.551,47.5042],[26.5527,47.5086],[26.5504,47.5117],[26.5522,47.5132],[26.5545,47.5098],[26.6048,47.5206],[26.604,47.5325],[26.578,47.5354],[26.5823,47.536],[26.5801,47.5375],[26.5825,47.539],[26.5687,47.5486],[26.5688,47.555],[26.5631,47.5562],[26.5646,47.5648],[26.5561,47.5754],[26.5581,47.5791],[26.5417,47.5826],[26.548,47.5867],[26.548,47.5912],[26.5441,47.5936],[26.5445,47.5968],[26.5399,47.5955],[26.5373,47.5984],[26.5482,47.6002],[26.5457,47.6058],[26.5521,47.6088],[26.547,47.6122],[26.5468,47.618],[26.5361,47.6194],[26.5372,47.6283],[26.5428,47.6318],[26.5367,47.6347],[26.5371,47.6379],[26.5447,47.6407],[26.5438,47.644],[26.5362,47.6486],[26.5177,47.6476],[26.5199,47.6518],[26.5032,47.6549],[26.5053,47.6595],[26.4967,47.6587],[26.5075,47.6635],[26.4635,47.7069],[26.4592,47.7138],[26.4676,47.7159],[26.4461,47.7336],[26.4323,47.7263],[26.4399,47.743],[26.4277,47.7406],[26.4205,47.7483],[26.4061,47.7419],[26.3971,47.7414],[26.4001,47.733],[26.3921,47.7383],[26.3957,47.7423],[26.3908,47.7451],[26.4063,47.754],[26.4024,47.7663],[26.4061,47.7678],[26.4022,47.7703],[26.405,47.7714],[26.4046,47.7779],[26.4077,47.7788],[26.404,47.78],[26.4063,47.7841],[26.3756,47.7737],[26.3716,47.7767],[26.3696,47.7741],[26.3657,47.7801],[26.3611,47.7808],[26.3606,47.7861],[26.3531,47.7849],[26.3544,47.791],[26.3421,47.7941],[26.339,47.7996],[26.3324,47.7995],[26.3325,47.8055],[26.3242,47.808],[26.3244,47.811],[26.3183,47.8148],[26.324,47.8194],[26.3176,47.8198],[26.3165,47.8265],[26.3241,47.8273],[26.3247,47.8312],[26.3109,47.829],[26.3123,47.8368],[26.3071,47.8366],[26.3057,47.8325],[26.3005,47.8358],[26.3008,47.8399],[26.3066,47.8412],[26.3028,47.8456],[26.311,47.849],[26.3036,47.8554],[26.2948,47.8557],[26.2948,47.8614],[26.2906,47.8645],[26.2817,47.8568],[26.2702,47.8674],[26.2641,47.8685],[26.2645,47.8709],[26.2714,47.8712],[26.2728,47.8757],[26.2631,47.8795],[26.2596,47.8857],[26.2496,47.8853],[26.2484,47.8904],[26.2409,47.8913],[26.2288,47.9001],[26.2256,47.8996],[26.2249,47.8946],[26.2152,47.8946],[26.2131,47.8889],[26.2033,47.8908],[26.2024,47.8881],[26.2064,47.8868],[26.1994,47.8844],[26.1948,47.8917],[26.1838,47.8929],[26.1826,47.9002],[26.1918,47.9086],[26.1829,47.9107],[26.184,47.9199],[26.1671,47.9202],[26.1633,47.9283],[26.1478,47.9243],[26.1454,47.9313],[26.1397,47.929],[26.126,47.9327],[26.1239,47.9361],[26.1286,47.9422],[26.1229,47.9456],[26.1311,47.9533],[26.1099,47.9626],[26.1216,47.9703],[26.0988,47.9788],[26.1171,47.9818],[26.1266,47.9878],[26.1374,47.9842],[26.1881,47.9955],[26.1992,48.008],[26.208,48.0289],[26.2121,48.0508],[26.2669,48.0765],[26.2754,48.0862],[26.2848,48.1133],[26.298,48.1337],[26.3342,48.1594],[26.3337,48.1668],[26.3279,48.1762],[26.3327,48.1858],[26.3481,48.183],[26.3506,48.186],[26.3473,48.19],[26.351,48.1916],[26.3564,48.1854],[26.3605,48.1852],[26.3771,48.1989],[26.386,48.1947],[26.3792,48.1888],[26.3868,48.187],[26.4051,48.1901],[26.4209,48.2017],[26.4359,48.1932],[26.4399,48.1962],[26.4322,48.2],[26.4352,48.2045],[26.4583,48.2068],[26.4607,48.2097],[26.4569,48.214],[26.4681,48.2164],[26.4715,48.2202],[26.4808,48.2151],[26.4945,48.2184],[26.5142,48.2111],[26.5246,48.2137],[26.5288,48.2098],[26.5499,48.2165],[26.5477,48.2228],[26.5497,48.2251],[26.572,48.2193],[26.573,48.2238],[26.5687,48.2312],[26.5717,48.2391],[26.5775,48.2437],[26.5877,48.2467],[26.5982,48.2384],[26.6204,48.2392],[26.6147,48.2506],[26.619,48.2519],[26.6291,48.2475],[26.6299,48.2586],[26.634,48.262],[26.6393,48.2604],[26.6457,48.2524],[26.6535,48.2547],[26.6583,48.2631],[26.663,48.2637],[26.6667,48.261],[26.6627,48.2521],[26.6667,48.2467],[26.684,48.2496],[26.692,48.2544],[26.6954,48.2627],[26.7002,48.2654],[26.7045,48.2634],[26.7087,48.2527],[26.725,48.2457],[26.7319,48.2503],[26.7264,48.2565],[26.7286,48.2582],[26.7427,48.2541],[26.7336,48.2464],[26.7359,48.245],[26.7662,48.2483],[26.7832,48.2431],[26.7864,48.25],[26.7971,48.2498],[26.8081,48.2545],[26.8161,48.2462],[26.8266,48.2443],[26.8316,48.2267],[26.8411,48.228],[26.8518,48.2341],[26.8564,48.2303],[26.8607,48.2181],[26.8842,48.2024],[26.9088,48.2014],[26.9033,48.1947],[26.8924,48.1918],[26.9035,48.1808],[26.9209,48.1822],[26.9132,48.197],[26.915,48.199],[26.9311,48.1998],[26.9449,48.1945],[26.9497,48.1845],[26.9327,48.1707],[26.9353,48.164],[26.946,48.1603],[26.9749,48.1609],[26.9856,48.1569],[26.9917,48.1498],[26.9801,48.1437],[26.9549,48.1518],[26.9514,48.1495],[26.951,48.1444],[26.9589,48.1336],[26.9679,48.1295],[26.986,48.1284],[27.0006,48.1219],[27.0202,48.1384],[27.0291,48.1361],[27.0231,48.1274],[27.0245,48.1243],[27.039,48.1299],[27.0337,48.1153],[27.0407,48.1034],[27.025,48.0899],[27.0419,48.0818],[27.0455,48.0691],[27.08,48.051],[27.0836,48.0456],[27.084,48.0347],[27.1075,48.0328],[27.1081,48.0284],[27.0922,48.022],[27.0904,48.0082],[27.0987,48.0056],[27.1125,48.0139],[27.1239,48.0161],[27.1308,48.0123],[27.1169,48.0006],[27.1218,47.9939],[27.1351,47.9914],[27.1661,47.9949],[27.1591,47.9867],[27.1532,47.9716],[27.1414,47.967],[27.1782,47.9469],[27.1508,47.9213],[27.1999,47.9018],[27.209,47.8494],[27.2299,47.8386],[27.2443,47.8375],[27.2482,47.8341],[27.2471,47.8304],[27.2344,47.825],[27.2228,47.8317],[27.2159,47.8257],[27.2153,47.8193],[27.222,47.8145],[27.2414,47.8158],[27.2411,47.8121],[27.2308,47.8063],[27.2315,47.799],[27.2494,47.7941],[27.249,47.788],[27.2545,47.7839],[27.2538,47.7787],[27.2665,47.7802],[27.2679,47.768],[27.2651,47.7607],[27.2797,47.7645],[27.2858,47.7561],[27.2801,47.7502],[27.2866,47.7485],[27.2945,47.7531],[27.2982,47.7487],[27.2865,47.745],[27.2808,47.7368],[27.2853,47.7304],[27.2945,47.7285],[27.2939,47.724],[27.286,47.7234],[27.2772,47.7288],[27.2687,47.7264],[27.2655,47.7328],[27.25,47.7195],[27.2665,47.7125],[27.2712,47.6997],[27.2827,47.7008],[27.2785,47.6926],[27.2734,47.6898],[27.2822,47.6832],[27.2965,47.6804],[27.2948,47.6624],[27.3073,47.6611],[27.3148,47.6498],[27.3149,47.6429],[27.3337,47.6274],[27.3615,47.6194],[27.3653,47.6093],[27.3747,47.6023],[27.3711,47.6005],[27.372,47.5979],[27.3914,47.5895]]]}},{"type":"Feature","properties":{"name":"Brăila","code":"BR"},"geometry":{"type":"Polygon","coordinates":[[[28.0306,45.4043],[28.0267,45.3935],[28.027,45.3684],[28.0229,45.3525],[28.0121,45.3342],[28.0093,45.3218],[27.9992,45.3082],[27.9948,45.2867],[28.0229,45.2669],[28.0681,45.2522],[28.0948,45.2494],[28.1151,45.2588],[28.121,45.243],[28.1306,45.2338],[28.0914,45.1903],[28.1409,45.1685],[28.1736,45.1473],[28.194,45.1412],[28.1977,45.1375],[28.1696,45.1221],[28.1792,45.1071],[28.1757,45.1019],[28.1604,45.1002],[28.1404,45.1039],[28.1352,45.1001],[28.1342,45.0824],[28.1374,45.0688],[28.1526,45.0367],[28.1357,45.0287],[28.1285,45.0136],[28.1424,44.9792],[28.15,44.977],[28.1513,44.9731],[28.1333,44.9493],[28.1249,44.922],[28.1281,44.9022],[28.142,44.893],[28.1424,44.89],[28.134,44.8802],[28.1124,44.872],[28.1002,44.8616],[28.0976,44.8468],[28.0764,44.8199],[28.0741,44.8039],[28.0646,44.7834],[28.0463,44.774],[28.0359,44.7604],[28.0274,44.764],[28.0155,44.7579],[28.0044,44.7576],[27.9479,44.7806],[27.8972,44.7725],[27.881,44.7631],[27.8738,44.7742],[27.8341,44.7783],[27.8267,44.7824],[27.8205,44.7972],[27.8263,44.8097],[27.8265,44.82],[27.8184,44.8204],[27.8058,44.8199],[27.8004,44.8148],[27.7886,44.8188],[27.7756,44.805],[27.7505,44.8078],[27.7283,44.8017],[27.7254,44.7938],[27.7437,44.7884],[27.7442,44.7792],[27.7228,44.7779],[27.7219,44.7651],[27.6491,44.7703],[27.6484,44.7758],[27.591,44.778],[27.5916,44.7835],[27.5332,44.7843],[27.5283,44.7887],[27.5216,44.7889],[27.5268,44.774],[27.5031,44.7744],[27.5033,44.78],[27.4839,44.7804],[27.478,44.7752],[27.4368,44.799],[27.4078,44.773],[27.3916,44.7834],[27.382,44.7747],[27.3639,44.7875],[27.3659,44.7895],[27.3411,44.8026],[27.3096,44.7747],[27.2886,44.7858],[27.2576,44.7497],[27.2216,44.7753],[27.2236,44.7826],[27.2035,44.7871],[27.2077,44.7969],[27.1979,44.8013],[27.1981,44.8048],[27.1891,44.8069],[27.1912,44.8118],[27.2115,44.8069],[27.2315,44.8593],[27.2129,44.8638],[27.216,44.8713],[27.2106,44.8727],[27.2348,44.8691],[27.2663,44.9477],[27.2801,44.9976],[27.2753,44.9938],[27.2493,44.9949],[27.2533,45.021],[27.2464,45.0205],[27.2477,45.0271],[27.1976,45.028],[27.2001,45.0548],[27.2061,45.0697],[27.2025,45.0692],[27.2054,45.0926],[27.1887,45.0921],[27.1878,45.0876],[27.1815,45.0874],[27.1778,45.0912],[27.1755,45.1057],[27.1874,45.109],[27.1791,45.1133],[27.167,45.1098],[27.1496,45.1712],[27.112,45.1564],[27.1136,45.1547],[27.1093,45.153],[27.1145,45.1374],[27.0977,45.1305],[27.0909,45.1392],[27.0663,45.1585],[27.0844,45.1799],[27.1148,45.2019],[27.1207,45.2142],[27.1183,45.2149],[27.1221,45.2176],[27.1253,45.2149],[27.1751,45.2493],[27.2106,45.2237],[27.2396,45.2098],[27.2432,45.2201],[27.2837,45.2001],[27.2924,45.2135],[27.3152,45.2106],[27.3209,45.2165],[27.3354,45.2108],[27.3501,45.2122],[27.3395,45.2157],[27.3484,45.2246],[27.344,45.226],[27.3517,45.2314],[27.3279,45.2387],[27.3398,45.2527],[27.3194,45.2615],[27.328,45.276],[27.3137,45.2873],[27.3125,45.2922],[27.3257,45.2918],[27.3352,45.2842],[27.3657,45.2726],[27.3739,45.2761],[27.3717,45.2817],[27.3845,45.2831],[27.3902,45.2867],[27.3869,45.2932],[27.3891,45.3126],[27.3798,45.3298],[27.3932,45.3316],[27.3915,45.3373],[27.4089,45.3404],[27.4065,45.3408],[27.4097,45.3427],[27.4079,45.353],[27.3984,45.3615],[27.4069,45.3614],[27.4417,45.3757],[27.4348,45.3947],[27.4294,45.4056],[27.4352,45.4069],[27.4328,45.4097],[27.4866,45.44],[27.5585,45.4884],[27.5622,45.4908],[27.5726,45.4873],[27.5753,45.4917],[27.5882,45.4854],[27.6056,45.4822],[27.6027,45.4776],[27.6141,45.4735],[27.6116,45.4643],[27.6241,45.4662],[27.6288,45.4546],[27.6462,45.4621],[27.6436,45.4777],[27.655,45.4798],[27.6544,45.4907],[27.6642,45.4898],[27.6589,45.476],[27.6616,45.472],[27.6927,45.4816],[27.6953,45.4787],[27.6941,45.4732],[27.6815,45.4666],[27.6886,45.4605],[27.6834,45.4615],[27.6733,45.4462],[27.7168,45.4335],[27.7206,45.4396],[27.7181,45.4409],[27.7284,45.4416],[27.7381,45.4367],[27.7332,45.4399],[27.7374,45.439],[27.7502,45.4485],[27.7423,45.4328],[27.744,45.4263],[27.7389,45.4211],[27.7396,45.4154],[27.783,45.4223],[27.7867,45.4195],[27.7864,45.4069],[27.8095,45.403],[27.8219,45.3965],[27.8433,45.4],[27.8565,45.3965],[27.8687,45.398],[27.8702,45.4019],[27.8655,45.4058],[27.8726,45.4107],[27.874,45.4179],[27.8837,45.4165],[27.8891,45.4201],[27.9168,45.407],[27.9467,45.4053],[27.9771,45.3954],[27.983,45.3906],[27.9887,45.3932],[27.9933,45.4005],[28.0058,45.3961],[28.0148,45.4014],[28.0306,45.4043]]]}},{"type":"Feature","properties":{"name":"Buzău","code":"BZ"},"geometry":{"type":"Polygon","coordinates":[[[27.4348,45.3947],[27.4417,45.3757],[27.4069,45.3614],[27.3984,45.3615],[27.4079,45.353],[27.4097,45.3427],[27.4065,45.3408],[27.4089,45.3404],[27.3915,45.3373],[27.3932,45.3316],[27.3798,45.3298],[27.3891,45.3126],[27.3869,45.2932],[27.3902,45.2867],[27.3845,45.2831],[27.3717,45.2817],[27.3739,45.2761],[27.3657,45.2726],[27.3352,45.2842],[27.3257,45.2918],[27.3125,45.2922],[27.3137,45.2873],[27.328,45.276],[27.3194,45.2615],[27.3398,45.2527],[27.3279,45.2387],[27.3517,45.2314],[27.344,45.226],[27.3484,45.2246],[27.3395,45.2157],[27.3501,45.2122],[27.3354,45.2108],[27.3209,45.2165],[27.3152,45.2106],[27.2924,45.2135],[27.2837,45.2001],[27.2432,45.2201],[27.2396,45.2098],[27.2106,45.2237],[27.1751,45.2493],[27.1253,45.2149],[27.1221,45.2176],[27.1183,45.2149],[27.1207,45.2142],[27.1148,45.2019],[27.0844,45.1799],[27.0663,45.1585],[27.0909,45.1392],[27.0977,45.1305],[27.1145,45.1374],[27.1093,45.153],[27.1136,45.1547],[27.112,45.1564],[27.1496,45.1712],[27.167,45.1098],[27.1791,45.1133],[27.1874,45.109],[27.1755,45.1057],[27.1778,45.0912],[27.1815,45.0874],[27.1878,45.0876],[27.1887,45.0921],[27.2054,45.0926],[27.2025,45.0692],[27.2061,45.0697],[27.2001,45.0548],[27.1976,45.028],[27.2477,45.0271],[27.2464,45.0205],[27.2533,45.021],[27.2493,44.9949],[27.2753,44.9938],[27.2801,44.9976],[27.2663,44.9477],[27.2348,44.8691],[27.2106,44.8727],[27.216,44.8713],[27.2129,44.8638],[27.2315,44.8593],[27.2115,44.8069],[27.1912,44.8118],[27.1891,44.8069],[27.1981,44.8048],[27.1979,44.8013],[27.2077,44.7969],[27.2035,44.7871],[27.1556,44.7888],[27.1482,44.7679],[27.1687,44.7624],[27.1664,44.7571],[27.1875,44.7513],[27.1792,44.7352],[27.1592,44.7402],[27.1574,44.7364],[27.1373,44.7417],[27.1341,44.7355],[27.0979,44.7448],[27.1109,44.782],[27.0562,44.7969],[27.008,44.8245],[26.9733,44.7883],[26.9102,44.8075],[26.9078,44.8054],[26.8784,44.8203],[26.8658,44.8061],[26.8465,44.8149],[26.8304,44.7977],[26.8169,44.8041],[26.8102,44.7953],[26.7766,44.8151],[26.7187,44.8092],[26.714,44.8195],[26.6787,44.8088],[26.6448,44.823],[26.631,44.8136],[26.619,44.8333],[26.6184,44.8409],[26.6056,44.857],[26.61,44.8591],[26.6009,44.8678],[26.6084,44.8722],[26.5931,44.8861],[26.585,44.8823],[26.5538,44.9152],[26.5483,44.9157],[26.5363,44.9101],[26.5305,44.9375],[26.5999,44.9559],[26.5928,44.964],[26.5793,44.9611],[26.5772,44.9715],[26.5609,44.9942],[26.5549,44.9994],[26.5471,44.9972],[26.5346,45.003],[26.5296,45.0149],[26.51,45.0129],[26.5136,45.004],[26.5019,44.9995],[26.4962,45.0067],[26.492,45.0054],[26.4844,45.0188],[26.4873,45.0201],[26.477,45.0341],[26.4779,45.0474],[26.4748,45.0474],[26.4688,45.0634],[26.463,45.07],[26.4432,45.0758],[26.443,45.0788],[26.4489,45.0792],[26.4514,45.0833],[26.4562,45.0816],[26.4521,45.0877],[26.4563,45.0919],[26.452,45.0985],[26.4547,45.0999],[26.4534,45.1122],[26.452,45.1157],[26.4495,45.1151],[26.4495,45.1261],[26.4565,45.1289],[26.4563,45.1361],[26.4695,45.1383],[26.4606,45.1662],[26.4604,45.1981],[26.4215,45.1752],[26.3967,45.1784],[26.3757,45.1583],[26.3524,45.1649],[26.3551,45.1719],[26.3535,45.1807],[26.3513,45.1865],[26.3459,45.1869],[26.3491,45.1923],[26.3457,45.1962],[26.3568,45.2143],[26.349,45.2121],[26.3349,45.2179],[26.3261,45.2169],[26.3145,45.2087],[26.3107,45.2108],[26.3029,45.2021],[26.2861,45.2075],[26.2689,45.2057],[26.2648,45.2092],[26.2567,45.2087],[26.2564,45.2013],[26.2496,45.1993],[26.251,45.2085],[26.246,45.2156],[26.2462,45.2232],[26.2336,45.234],[26.243,45.2355],[26.2421,45.2374],[26.2261,45.2444],[26.2315,45.2564],[26.2234,45.2737],[26.2174,45.2777],[26.2036,45.2737],[26.1853,45.2787],[26.1987,45.2857],[26.2088,45.2976],[26.2211,45.3052],[26.2302,45.3061],[26.2336,45.3147],[26.2238,45.3257],[26.2099,45.3278],[26.195,45.3468],[26.1904,45.3473],[26.1888,45.3559],[26.1774,45.3579],[26.1735,45.3626],[26.1602,45.363],[26.1616,45.3677],[26.1535,45.3771],[26.1595,45.388],[26.1582,45.3905],[26.162,45.3947],[26.1681,45.3955],[26.1631,45.4026],[26.1533,45.4042],[26.1434,45.4107],[26.1438,45.4196],[26.1473,45.4213],[26.1495,45.4294],[26.149,45.4572],[26.1228,45.4757],[26.1073,45.4767],[26.0922,45.484],[26.0869,45.4952],[26.0727,45.5058],[26.0844,45.5164],[26.0934,45.5163],[26.0988,45.5292],[26.1219,45.5491],[26.1284,45.5619],[26.1381,45.5674],[26.1477,45.5849],[26.1555,45.585],[26.1552,45.5768],[26.1608,45.5769],[26.1623,45.5699],[26.1684,45.568],[26.1705,45.5624],[26.173,45.564],[26.1801,45.5741],[26.1749,45.5794],[26.179,45.5873],[26.1776,45.5947],[26.1844,45.5955],[26.1855,45.6083],[26.2051,45.6144],[26.2128,45.6218],[26.2347,45.6221],[26.2461,45.6262],[26.2473,45.6214],[26.2553,45.6182],[26.2497,45.6123],[26.2506,45.6036],[26.2744,45.5925],[26.2813,45.5858],[26.2853,45.5937],[26.2957,45.598],[26.301,45.6053],[26.3058,45.6071],[26.3107,45.6031],[26.3178,45.6208],[26.3262,45.6247],[26.3292,45.6318],[26.3301,45.6378],[26.3242,45.6491],[26.3332,45.6688],[26.3323,45.6856],[26.3365,45.6868],[26.3419,45.7002],[26.349,45.7023],[26.3572,45.7121],[26.3534,45.7225],[26.3648,45.7227],[26.3709,45.7338],[26.3845,45.7362],[26.381,45.7412],[26.3807,45.7498],[26.3894,45.7668],[26.3833,45.7827],[26.3855,45.7937],[26.3921,45.8024],[26.4099,45.7902],[26.4182,45.7914],[26.4268,45.7884],[26.4408,45.7766],[26.4434,45.7516],[26.4357,45.7397],[26.4429,45.7354],[26.443,45.7312],[26.459,45.7256],[26.4668,45.7193],[26.4672,45.7046],[26.483,45.7011],[26.4895,45.6937],[26.4872,45.6875],[26.4931,45.6766],[26.5081,45.6671],[26.5179,45.6512],[26.5299,45.6409],[26.5415,45.6418],[26.5517,45.6293],[26.561,45.6279],[26.5737,45.6344],[26.5797,45.6333],[26.5811,45.6286],[26.5935,45.6204],[26.6153,45.628],[26.6478,45.609],[26.6659,45.6116],[26.6816,45.6087],[26.6848,45.6019],[26.6989,45.594],[26.7024,45.5865],[26.7161,45.5776],[26.719,45.5718],[26.7368,45.5709],[26.7434,45.5665],[26.7469,45.5625],[26.7392,45.5562],[26.7484,45.5484],[26.7666,45.5514],[26.7747,45.5486],[26.7798,45.5506],[26.7822,45.5478],[26.7916,45.5523],[26.8054,45.5479],[26.8176,45.5288],[26.8339,45.5178],[26.853,45.5254],[26.8902,45.5168],[26.894,45.5229],[26.9002,45.5234],[26.9034,45.5387],[26.9061,45.5328],[26.9262,45.5354],[26.9299,45.5316],[26.9385,45.532],[26.9419,45.5305],[26.9405,45.5255],[26.9483,45.5219],[26.9641,45.5337],[26.9733,45.5333],[26.9859,45.5377],[26.9751,45.5319],[26.9851,45.5196],[26.9856,45.5113],[27.0012,45.4917],[27.0022,45.4849],[27.0182,45.4781],[27.0454,45.4526],[27.0899,45.4459],[27.0977,45.4585],[27.1003,45.4583],[27.1037,45.4706],[27.1091,45.4688],[27.1093,45.4749],[27.1275,45.4689],[27.1272,45.4663],[27.1362,45.4656],[27.1402,45.4728],[27.1583,45.4652],[27.1429,45.4513],[27.1353,45.4513],[27.1313,45.4473],[27.1204,45.4477],[27.116,45.442],[27.1066,45.4385],[27.1127,45.4348],[27.1041,45.426],[27.1201,45.4208],[27.1148,45.4093],[27.1434,45.4104],[27.1479,45.4164],[27.1748,45.4277],[27.174,45.4316],[27.1831,45.4376],[27.1944,45.4534],[27.1996,45.4507],[27.2043,45.4528],[27.2234,45.4276],[27.238,45.433],[27.241,45.4299],[27.2465,45.4347],[27.2445,45.438],[27.2469,45.4409],[27.2541,45.4438],[27.2567,45.4494],[27.2795,45.4544],[27.2811,45.4335],[27.277,45.4322],[27.2803,45.4268],[27.2735,45.4282],[27.2646,45.4205],[27.27,45.3902],[27.3396,45.3835],[27.3366,45.3713],[27.3554,45.3712],[27.3796,45.375],[27.3944,45.3833],[27.4015,45.377],[27.4348,45.3947]]]}},{"type":"Feature","properties":{"name":"Caraș-Severin","code":"CS"},"geometry":{"type":"Polygon","coordinates":[[[22.4265,45.6689],[22.444,45.6607],[22.4539,45.6604],[22.4576,45.6537],[22.4535,45.6471],[22.4614,45.6435],[22.4647,45.6359],[22.4761,45.6263],[22.4743,45.6239],[22.4944,45.6182],[22.4982,45.6098],[22.5058,45.6084],[22.5065,45.5986],[22.5124,45.5953],[22.5444,45.5953],[22.5442,45.5876],[22.5481,45.581],[22.5575,45.5866],[22.571,45.5851],[22.571,45.582],[22.5744,45.5813],[22.5721,45.5793],[22.583,45.5844],[22.5838,45.581],[22.5955,45.5747],[22.5917,45.5654],[22.593,45.5607],[22.6366,45.5711],[22.6416,45.5648],[22.642,45.5599],[22.6382,45.5558],[22.641,45.5531],[22.6278,45.5425],[22.6272,45.536],[22.648,45.5417],[22.6527,45.5268],[22.6662,45.5181],[22.6771,45.5157],[22.6687,45.5066],[22.6734,45.5067],[22.6762,45.4966],[22.6897,45.4927],[22.692,45.4752],[22.6975,45.4624],[22.7066,45.461],[22.704,45.456],[22.7042,45.4328],[22.7077,45.4214],[22.7129,45.4158],[22.7024,45.4074],[22.7006,45.4015],[22.691,45.3918],[22.6673,45.3821],[22.6566,45.3713],[22.6688,45.3614],[22.6669,45.3522],[22.6832,45.3316],[22.6909,45.3274],[22.6992,45.3287],[22.6923,45.32],[22.6966,45.3031],[22.688,45.2954],[22.6871,45.2885],[22.6773,45.2826],[22.6888,45.2745],[22.6856,45.2689],[22.6863,45.258],[22.6863,45.253],[22.6761,45.2471],[22.6732,45.2403],[22.665,45.2358],[22.6446,45.2337],[22.6499,45.2266],[22.6463,45.2201],[22.6256,45.2084],[22.6149,45.2094],[22.6006,45.2054],[22.5959,45.1982],[22.5888,45.1959],[22.5756,45.1834],[22.5745,45.1757],[22.5602,45.1636],[22.5614,45.1593],[22.5588,45.1574],[22.581,45.1375],[22.5943,45.1342],[22.6029,45.1379],[22.6181,45.1338],[22.6284,45.1349],[22.6397,45.1272],[22.6495,45.1278],[22.6575,45.1151],[22.6566,45.1082],[22.6556,45.1039],[22.6378,45.0949],[22.631,45.0845],[22.6038,45.0629],[22.6013,45.0553],[22.5943,45.054],[22.5932,45.0494],[22.5858,45.0437],[22.5749,45.0429],[22.5636,45.0345],[22.5616,45.031],[22.5636,45.0277],[22.559,45.0219],[22.5463,45.0133],[22.5366,45.002],[22.5036,44.984],[22.4922,44.9733],[22.5117,44.9659],[22.5164,44.9557],[22.5022,44.9555],[22.4866,44.9493],[22.4868,44.9426],[22.4902,44.9407],[22.4888,44.9356],[22.4962,44.9289],[22.4933,44.929],[22.4961,44.9249],[22.4893,44.914],[22.491,44.9093],[22.4822,44.9069],[22.4888,44.8941],[22.4865,44.8812],[22.4763,44.8765],[22.4781,44.8726],[22.4709,44.8692],[22.4708,44.8607],[22.4575,44.8513],[22.4598,44.8433],[22.4444,44.8324],[22.4465,44.8223],[22.4386,44.813],[22.4305,44.8091],[22.4285,44.802],[22.4237,44.8005],[22.4259,44.7872],[22.4305,44.7813],[22.4244,44.7815],[22.423,44.7754],[22.4173,44.7704],[22.4205,44.7628],[22.4187,44.7563],[22.4015,44.7533],[22.3996,44.7582],[22.3916,44.7619],[22.3815,44.7554],[22.3682,44.7562],[22.3648,44.7529],[22.3655,44.7428],[22.3588,44.7434],[22.3581,44.7387],[22.354,44.7418],[22.3525,44.7572],[22.3416,44.7741],[22.3319,44.7779],[22.3109,44.775],[22.2973,44.7802],[22.2681,44.7825],[22.2627,44.7851],[22.2592,44.7922],[22.252,44.7937],[22.2518,44.7984],[22.2434,44.8075],[22.2068,44.8175],[22.2072,44.7993],[22.1992,44.7912],[22.1951,44.7792],[22.1982,44.7765],[22.1965,44.7718],[22.1989,44.7662],[22.2042,44.7614],[22.1918,44.7499],[22.1932,44.7459],[22.1855,44.7413],[22.174,44.7403],[22.1635,44.7434],[22.1612,44.7375],[22.1561,44.7366],[22.1535,44.7115],[22.1469,44.7008],[22.1491,44.6974],[22.146,44.6877],[22.1492,44.6825],[22.1449,44.6787],[22.1387,44.6599],[22.1535,44.6501],[22.1712,44.6487],[22.1774,44.6399],[22.1728,44.6339],[22.1763,44.6245],[22.1633,44.6095],[22.1633,44.6052],[22.1547,44.5987],[22.1561,44.5923],[22.1475,44.5853],[22.133,44.6006],[22.1286,44.5928],[22.1174,44.5918],[22.096,44.6095],[22.0972,44.6133],[22.0923,44.6191],[22.0844,44.618],[22.0823,44.6219],[22.0638,44.6151],[22.0652,44.6125],[22.062,44.6099],[22.0297,44.6058],[22.0235,44.6077],[22.0161,44.5992],[22.0044,44.608],[21.9996,44.6267],[21.9937,44.6322],[21.9508,44.6351],[21.9174,44.6474],[21.8915,44.6451],[21.8422,44.6543],[21.8146,44.6506],[21.7914,44.664],[21.7288,44.6535],[21.7162,44.6545],[21.689,44.6653],[21.6379,44.6596],[21.6227,44.6663],[21.618,44.6719],[21.6116,44.6863],[21.611,44.7012],[21.6154,44.7144],[21.6113,44.7269],[21.5964,44.7497],[21.5861,44.7593],[21.5369,44.7726],[21.5043,44.7711],[21.4598,44.7769],[21.419,44.7735],[21.4006,44.7774],[21.3922,44.7829],[21.3835,44.8077],[21.3765,44.8153],[21.3583,44.8217],[21.3564,44.8271],[21.3642,44.8292],[21.3628,44.8323],[21.3566,44.8316],[21.3601,44.8367],[21.357,44.8355],[21.353,44.8408],[21.3614,44.8404],[21.3576,44.8502],[21.3669,44.8646],[21.3721,44.8669],[21.3841,44.8653],[21.388,44.8698],[21.406,44.8664],[21.4068,44.8693],[21.4129,44.8691],[21.4178,44.8733],[21.4317,44.8682],[21.4355,44.8711],[21.442,44.8665],[21.4444,44.8676],[21.4411,44.87],[21.4469,44.874],[21.4507,44.8702],[21.4542,44.8737],[21.4633,44.8675],[21.4711,44.8713],[21.4855,44.8682],[21.5108,44.88],[21.5601,44.889],[21.5582,44.9066],[21.5502,44.9174],[21.5527,44.9239],[21.5467,44.9305],[21.5276,44.9393],[21.5197,44.938],[21.4693,44.9585],[21.4455,44.9622],[21.4382,44.9606],[21.4068,44.9785],[21.4147,44.9868],[21.3884,44.9981],[21.383,45.0018],[21.3868,45.0044],[21.377,45.0067],[21.3602,45.0204],[21.374,45.0281],[21.3825,45.0256],[21.3885,45.0292],[21.393,45.0272],[21.3943,45.0301],[21.398,45.0295],[21.3971,45.0315],[21.401,45.0302],[21.4058,45.037],[21.4207,45.0365],[21.4229,45.0324],[21.4263,45.0354],[21.4561,45.0404],[21.4471,45.0557],[21.4594,45.072],[21.4833,45.0913],[21.4698,45.1047],[21.4784,45.1212],[21.4869,45.1254],[21.4986,45.1255],[21.5275,45.1379],[21.5289,45.1474],[21.5164,45.1689],[21.4932,45.1732],[21.4831,45.1918],[21.4792,45.1931],[21.4774,45.1945],[21.4802,45.1963],[21.4973,45.1958],[21.5017,45.1999],[21.5147,45.2021],[21.5075,45.2037],[21.507,45.2119],[21.5099,45.2122],[21.504,45.2128],[21.5043,45.2173],[21.5114,45.2176],[21.5271,45.2318],[21.5263,45.2391],[21.5213,45.2449],[21.5306,45.2485],[21.5343,45.2639],[21.5498,45.2678],[21.5561,45.2724],[21.5515,45.2787],[21.5313,45.2914],[21.5428,45.2997],[21.5259,45.3315],[21.4939,45.3429],[21.4971,45.3509],[21.4924,45.3553],[21.4886,45.3531],[21.4451,45.3904],[21.4405,45.4071],[21.4615,45.4112],[21.461,45.4149],[21.4887,45.4186],[21.485,45.4347],[21.4755,45.4312],[21.4693,45.4357],[21.4718,45.4389],[21.47,45.4416],[21.4642,45.4429],[21.4587,45.4768],[21.4878,45.4872],[21.4939,45.4858],[21.5115,45.4936],[21.5291,45.4943],[21.5466,45.4883],[21.5566,45.4901],[21.5519,45.4934],[21.5591,45.5001],[21.5662,45.4964],[21.5726,45.5],[21.5844,45.5093],[21.579,45.5092],[21.5824,45.5142],[21.571,45.5214],[21.5852,45.5304],[21.5725,45.5347],[21.5778,45.5444],[21.5978,45.5566],[21.5999,45.5711],[21.6284,45.5682],[21.6479,45.5802],[21.6744,45.5858],[21.6938,45.5731],[21.7021,45.5737],[21.6985,45.5675],[21.7049,45.5614],[21.7241,45.5628],[21.729,45.5559],[21.7449,45.5522],[21.7473,45.5446],[21.817,45.5271],[21.8218,45.5297],[21.8314,45.5286],[21.8391,45.5362],[21.8757,45.5357],[21.8766,45.5431],[21.8713,45.5471],[21.8751,45.5529],[21.8717,45.5614],[21.9235,45.5669],[21.9351,45.5565],[21.9205,45.5528],[21.9269,45.5422],[21.9402,45.5314],[21.9444,45.521],[21.9412,45.514],[21.9453,45.5057],[21.9666,45.5081],[21.9749,45.5124],[21.9909,45.5031],[21.9927,45.5091],[22.0071,45.5041],[22.0087,45.5103],[22.0305,45.4974],[22.0428,45.4983],[22.0433,45.5053],[22.0541,45.5098],[22.0643,45.5086],[22.0657,45.5147],[22.0601,45.5201],[22.0663,45.5211],[22.0649,45.5287],[22.0761,45.5317],[22.0665,45.5355],[22.0574,45.5521],[22.0473,45.5497],[22.0456,45.552],[22.0449,45.5607],[22.0495,45.5614],[22.0442,45.5718],[22.0492,45.574],[22.0366,45.5871],[22.0453,45.5915],[22.074,45.5719],[22.1056,45.5952],[22.1149,45.5909],[22.1229,45.5959],[22.1271,45.5954],[22.1264,45.5924],[22.1346,45.5941],[22.1422,45.6015],[22.1432,45.6117],[22.1481,45.616],[22.1501,45.5984],[22.1623,45.6077],[22.1733,45.6044],[22.1888,45.6178],[22.1955,45.6126],[22.2043,45.611],[22.2077,45.6057],[22.2367,45.6043],[22.2528,45.5875],[22.2692,45.5846],[22.291,45.6053],[22.292,45.6202],[22.2955,45.6234],[22.2977,45.6365],[22.3175,45.6607],[22.3495,45.6637],[22.3581,45.6673],[22.3756,45.6668],[22.3893,45.6625],[22.4008,45.6688],[22.4194,45.6637],[22.4265,45.6689]]]}},{"type":"Feature","properties":{"name":"Constanța","code":"CT"},"geometry":{"type":"Polygon","coordinates":[[[28.9951,44.679],[28.9695,44.6512],[28.9503,44.6369],[28.931,44.604],[28.8866,44.5411],[28.857,44.5056],[28.761,44.4249],[28.7112,44.3766],[28.6985,44.3587],[28.6945,44.3501],[28.6956,44.3448],[28.6925,44.3457],[28.6892,44.3417],[28.6886,44.3303],[28.6947,44.3207],[28.6884,44.3296],[28.6859,44.3424],[28.682,44.3429],[28.6764,44.3371],[28.6759,44.3446],[28.6616,44.3366],[28.6616,44.3333],[28.6724,44.332],[28.6627,44.3331],[28.6596,44.3289],[28.6516,44.3278],[28.6534,44.325],[28.6892,44.3223],[28.6393,44.3242],[28.6291,44.3053],[28.6238,44.2878],[28.6219,44.2642],[28.6228,44.2505],[28.6296,44.2294],[28.6397,44.2181],[28.6469,44.2214],[28.6503,44.2196],[28.6465,44.2208],[28.6443,44.2165],[28.652,44.2118],[28.6522,44.2045],[28.6587,44.1994],[28.6554,44.1954],[28.6581,44.1926],[28.6553,44.1907],[28.6555,44.1823],[28.6586,44.1826],[28.6568,44.1791],[28.6613,44.1806],[28.6646,44.1777],[28.661,44.1791],[28.6595,44.1756],[28.6631,44.1738],[28.6621,44.1778],[28.6657,44.1721],[28.6604,44.1699],[28.6584,44.1617],[28.6716,44.1542],[28.6736,44.1431],[28.7006,44.1219],[28.7082,44.1084],[28.7002,44.1213],[28.6724,44.1433],[28.6714,44.1537],[28.6583,44.1607],[28.6567,44.1576],[28.6567,44.1711],[28.6509,44.1698],[28.6533,44.1656],[28.6432,44.1671],[28.6526,44.1627],[28.6468,44.1611],[28.6524,44.1594],[28.6438,44.1584],[28.654,44.1574],[28.6431,44.1546],[28.6543,44.1533],[28.6432,44.1508],[28.6441,44.1489],[28.6558,44.1499],[28.6447,44.1474],[28.6456,44.1455],[28.6583,44.1484],[28.6607,44.1458],[28.6608,44.1489],[28.6638,44.1465],[28.6627,44.1493],[28.6657,44.147],[28.6655,44.15],[28.6688,44.1471],[28.6472,44.141],[28.649,44.137],[28.6648,44.1405],[28.6566,44.1377],[28.6602,44.1282],[28.6632,44.1282],[28.6613,44.1245],[28.6662,44.1124],[28.6774,44.107],[28.6538,44.112],[28.6654,44.1124],[28.6571,44.1305],[28.6541,44.1286],[28.6569,44.1211],[28.6498,44.1194],[28.6494,44.1128],[28.6527,44.1118],[28.6501,44.1118],[28.6495,44.1195],[28.6566,44.1212],[28.6512,44.1298],[28.6442,44.1282],[28.6434,44.1151],[28.6412,44.1139],[28.6426,44.1182],[28.6392,44.1175],[28.6396,44.1132],[28.6432,44.1116],[28.6416,44.1021],[28.647,44.1019],[28.6479,44.11],[28.6672,44.1093],[28.667,44.1039],[28.6954,44.1028],[28.6948,44.0911],[28.689,44.0877],[28.6691,44.0885],[28.6439,44.0842],[28.6384,44.0766],[28.639,44.0695],[28.6421,44.0688],[28.6397,44.0658],[28.644,44.0639],[28.641,44.0595],[28.6458,44.045],[28.6554,44.0341],[28.6549,44.0293],[28.6602,44.0289],[28.6566,44.0248],[28.6616,44.022],[28.6602,44.0178],[28.6646,44.0079],[28.6626,44.0002],[28.6676,43.9867],[28.6566,43.9782],[28.6547,43.9672],[28.6416,43.9566],[28.6388,43.9398],[28.6331,43.9332],[28.6358,43.923],[28.6302,43.9135],[28.6138,43.8984],[28.6126,43.8869],[28.6077,43.8838],[28.6064,43.878],[28.6073,43.873],[28.6106,43.8729],[28.6058,43.8691],[28.6087,43.8673],[28.6061,43.8641],[28.6085,43.8502],[28.5914,43.8396],[28.5933,43.8282],[28.5885,43.8225],[28.5906,43.8183],[28.5879,43.8154],[28.5902,43.8152],[28.587,43.8109],[28.5908,43.8089],[28.5895,43.8052],[28.601,43.7988],[28.5891,43.8034],[28.5866,43.8096],[28.5813,43.8066],[28.5831,43.8048],[28.5756,43.7949],[28.5861,43.7924],[28.594,43.7991],[28.5875,43.7924],[28.5884,43.7898],[28.5808,43.7888],[28.5802,43.7808],[28.5832,43.779],[28.58,43.7777],[28.5745,43.7569],[28.579,43.7387],[28.4462,43.7337],[28.3485,43.7521],[28.2364,43.7585],[28.116,43.7972],[27.9942,43.8429],[27.9763,43.9009],[27.9541,43.9401],[27.9443,43.9848],[27.9168,44.0082],[27.8435,43.9664],[27.7542,43.9583],[27.7379,43.9535],[27.71,43.9594],[27.6737,44.0298],[27.6435,44.0479],[27.6119,44.0122],[27.4688,44.0225],[27.3994,44.0124],[27.3708,44.0389],[27.3562,44.0587],[27.2912,44.0752],[27.2907,44.0831],[27.2769,44.0993],[27.2763,44.1054],[27.2841,44.1099],[27.2759,44.1166],[27.2779,44.1225],[27.2714,44.1263],[27.2954,44.1381],[27.3151,44.1406],[27.3279,44.1393],[27.3595,44.1288],[27.3769,44.1283],[27.3928,44.1319],[27.4329,44.1249],[27.4535,44.1251],[27.4848,44.144],[27.504,44.1514],[27.5284,44.1701],[27.6006,44.1983],[27.637,44.2061],[27.6839,44.2012],[27.7002,44.1964],[27.7253,44.1976],[27.733,44.1994],[27.7787,44.2326],[27.8008,44.2401],[27.8287,44.2466],[27.8637,44.2454],[27.8849,44.251],[27.9125,44.2472],[27.934,44.2498],[27.9498,44.2571],[27.9675,44.2741],[27.98,44.293],[27.997,44.3046],[28.0119,44.3221],[28.0174,44.3403],[28.0254,44.3637],[28.0433,44.3846],[28.0694,44.4039],[28.0728,44.4139],[28.1047,44.4286],[28.1102,44.4397],[28.0983,44.4562],[28.0933,44.4794],[28.0875,44.4913],[28.0532,44.5087],[28.0346,44.5474],[28.0165,44.5648],[28.0137,44.5844],[28.0326,44.6073],[28.0318,44.6253],[28.0191,44.6389],[27.9692,44.6689],[27.9582,44.6802],[27.9312,44.6797],[27.9114,44.6969],[27.8803,44.7094],[27.8736,44.7196],[27.8714,44.7311],[27.881,44.7631],[27.8972,44.7725],[27.9479,44.7806],[28.0044,44.7576],[28.0155,44.7579],[28.0274,44.764],[28.0359,44.7604],[28.0463,44.774],[28.0646,44.7834],[28.0741,44.8039],[28.1101,44.7935],[28.1215,44.7984],[28.1297,44.7978],[28.1326,44.8008],[28.1535,44.8003],[28.1816,44.7854],[28.1815,44.7611],[28.1945,44.7542],[28.2164,44.7539],[28.217,44.7623],[28.2399,44.7647],[28.2404,44.7561],[28.2627,44.7558],[28.262,44.7477],[28.2588,44.748],[28.2618,44.7268],[28.2747,44.7184],[28.2688,44.7122],[28.2792,44.712],[28.2679,44.6992],[28.2739,44.6973],[28.2918,44.7087],[28.2986,44.7069],[28.3127,44.7115],[28.327,44.7073],[28.3146,44.6961],[28.3498,44.6907],[28.3655,44.6916],[28.3649,44.6848],[28.3746,44.6863],[28.3786,44.6842],[28.3781,44.6809],[28.3851,44.68],[28.3773,44.6637],[28.3774,44.6564],[28.3791,44.6526],[28.3868,44.6519],[28.3869,44.6395],[28.3964,44.6388],[28.4044,44.649],[28.4083,44.6489],[28.3951,44.6347],[28.412,44.6298],[28.4093,44.6246],[28.4198,44.6214],[28.4219,44.6159],[28.4347,44.6167],[28.4359,44.6253],[28.449,44.643],[28.4335,44.6495],[28.4375,44.6541],[28.4278,44.658],[28.4348,44.6738],[28.4483,44.6687],[28.4463,44.6647],[28.4692,44.657],[28.4713,44.6534],[28.4671,44.6482],[28.5208,44.6342],[28.5285,44.6359],[28.5325,44.6611],[28.536,44.6625],[28.581,44.6581],[28.5906,44.6542],[28.5962,44.6584],[28.683,44.6688],[28.6777,44.6626],[28.7015,44.6577],[28.6919,44.6529],[28.6961,44.6501],[28.7104,44.655],[28.7253,44.6487],[28.7331,44.6516],[28.7409,44.6468],[28.7495,44.6543],[28.7786,44.655],[28.7782,44.6487],[28.7849,44.6445],[28.7845,44.6413],[28.7906,44.6351],[28.7989,44.6345],[28.8038,44.639],[28.808,44.633],[28.8243,44.6323],[28.8654,44.6641],[28.9148,44.6863],[28.9146,44.6966],[28.9581,44.6943],[28.9857,44.6791],[28.9951,44.679]]]}},{"type":"Feature","properties":{"name":"Galați","code":"GL"},"geometry":{"type":"Polygon","coordinates":[[[28.1161,46.1076],[28.1228,46.1052],[28.1209,46.1033],[28.11,46.1036],[28.1072,46.0985],[28.1023,46.0984],[28.1071,46.0955],[28.1056,46.0895],[28.1115,46.087],[28.1071,46.0831],[28.1089,46.0783],[28.1002,46.081],[28.093,46.0793],[28.0933,46.074],[28.0889,46.0692],[28.1005,46.0645],[28.0979,46.0603],[28.0888,46.0595],[28.0914,46.0543],[28.1051,46.0528],[28.1005,46.0473],[28.1037,46.0431],[28.0972,46.0434],[28.0901,46.0344],[28.0875,46.0204],[28.0958,46.015],[28.0853,46.0082],[28.0911,46.005],[28.0991,45.9909],[28.1053,45.9892],[28.0983,45.9785],[28.1071,45.9782],[28.1015,45.9726],[28.1083,45.9683],[28.1051,45.9627],[28.1146,45.9539],[28.1182,45.9446],[28.1143,45.9356],[28.1208,45.9313],[28.1257,45.9225],[28.1161,45.9094],[28.1197,45.9007],[28.1121,45.8989],[28.1181,45.8875],[28.1126,45.8846],[28.1231,45.8821],[28.1269,45.8852],[28.1305,45.8817],[28.128,45.8775],[28.1325,45.8768],[28.1276,45.8707],[28.1269,45.8628],[28.1059,45.8596],[28.1141,45.8492],[28.1122,45.8448],[28.1054,45.8431],[28.1126,45.8345],[28.1089,45.8311],[28.1119,45.8267],[28.1094,45.8244],[28.113,45.8209],[28.1077,45.8164],[28.1186,45.8149],[28.1211,45.8064],[28.1197,45.8021],[28.1225,45.7978],[28.1189,45.7945],[28.1131,45.796],[28.114,45.7904],[28.1205,45.7911],[28.1353,45.7783],[28.1538,45.7824],[28.1551,45.7755],[28.1498,45.7732],[28.1498,45.7642],[28.1446,45.7641],[28.1434,45.7603],[28.1517,45.7542],[28.1511,45.7443],[28.1668,45.7365],[28.166,45.7305],[28.1608,45.7252],[28.1672,45.7238],[28.1641,45.7173],[28.1709,45.7095],[28.1601,45.7036],[28.1644,45.6973],[28.1625,45.6928],[28.1666,45.6823],[28.1714,45.6793],[28.1621,45.6604],[28.1659,45.6535],[28.1578,45.6512],[28.1712,45.6487],[28.1742,45.6447],[28.1716,45.6406],[28.1568,45.6366],[28.1441,45.6215],[28.137,45.6255],[28.1303,45.6237],[28.1298,45.6188],[28.1202,45.6266],[28.1128,45.6262],[28.1096,45.6213],[28.1006,45.6187],[28.0895,45.6101],[28.0884,45.6053],[28.0921,45.5986],[28.121,45.5791],[28.1173,45.576],[28.1211,45.5722],[28.1251,45.5739],[28.127,45.5713],[28.1307,45.5756],[28.1343,45.5711],[28.1348,45.5771],[28.1385,45.5776],[28.1455,45.566],[28.1565,45.5752],[28.155,45.5658],[28.1482,45.5624],[28.1588,45.5608],[28.1554,45.555],[28.1653,45.5454],[28.1659,45.537],[28.1621,45.5336],[28.1663,45.5284],[28.1654,45.5244],[28.1569,45.5243],[28.1667,45.5202],[28.1623,45.5121],[28.1544,45.5098],[28.1639,45.5083],[28.1622,45.5003],[28.1723,45.5006],[28.1856,45.4748],[28.2108,45.4672],[28.203,45.4669],[28.1938,45.4581],[28.1909,45.4413],[28.1935,45.4215],[28.1922,45.4153],[28.1873,45.413],[28.1308,45.4373],[28.0983,45.4411],[28.0809,45.4372],[28.0542,45.4242],[28.039,45.4159],[28.0306,45.4043],[28.0148,45.4014],[28.0058,45.3961],[27.9933,45.4005],[27.9887,45.3932],[27.983,45.3906],[27.9771,45.3954],[27.9467,45.4053],[27.9168,45.407],[27.8891,45.4201],[27.8837,45.4165],[27.874,45.4179],[27.8726,45.4107],[27.8655,45.4058],[27.8702,45.4019],[27.8687,45.398],[27.8565,45.3965],[27.8433,45.4],[27.8219,45.3965],[27.8095,45.403],[27.7864,45.4069],[27.7867,45.4195],[27.783,45.4223],[27.7396,45.4154],[27.7389,45.4211],[27.744,45.4263],[27.7423,45.4328],[27.7502,45.4485],[27.7374,45.439],[27.7332,45.4399],[27.7381,45.4367],[27.7284,45.4416],[27.7181,45.4409],[27.7206,45.4396],[27.7168,45.4335],[27.6733,45.4462],[27.6834,45.4615],[27.6886,45.4605],[27.6815,45.4666],[27.6941,45.4732],[27.6953,45.4787],[27.6927,45.4816],[27.6616,45.472],[27.6589,45.476],[27.6642,45.4898],[27.6544,45.4907],[27.655,45.4798],[27.6436,45.4777],[27.6462,45.4621],[27.6288,45.4546],[27.6241,45.4662],[27.6116,45.4643],[27.6141,45.4735],[27.6027,45.4776],[27.6056,45.4822],[27.5882,45.4854],[27.5753,45.4917],[27.5726,45.4873],[27.5622,45.4908],[27.5585,45.4884],[27.5429,45.4994],[27.537,45.4939],[27.5269,45.5003],[27.5325,45.5055],[27.5396,45.5053],[27.5418,45.5091],[27.5245,45.5196],[27.5222,45.5297],[27.5282,45.5387],[27.5283,45.5485],[27.5042,45.5632],[27.5101,45.5767],[27.5341,45.5784],[27.5363,45.5811],[27.5329,45.5853],[27.5188,45.5902],[27.5152,45.6046],[27.5075,45.6081],[27.4976,45.6069],[27.5134,45.6155],[27.5131,45.621],[27.5038,45.6265],[27.4884,45.6294],[27.4913,45.6358],[27.4887,45.6407],[27.4701,45.6366],[27.4648,45.6389],[27.4638,45.6456],[27.4523,45.6506],[27.4566,45.6579],[27.4506,45.6614],[27.4502,45.6708],[27.44,45.6791],[27.4307,45.6702],[27.4245,45.6684],[27.4211,45.6709],[27.4262,45.6782],[27.4174,45.68],[27.4156,45.6775],[27.4036,45.6823],[27.3909,45.6999],[27.375,45.7134],[27.3692,45.7252],[27.3624,45.7294],[27.354,45.7469],[27.3527,45.7565],[27.3556,45.7591],[27.3386,45.7838],[27.339,45.7876],[27.3423,45.7883],[27.3276,45.7948],[27.3197,45.8055],[27.3033,45.8451],[27.2901,45.8601],[27.2819,45.8556],[27.2792,45.8569],[27.2754,45.8666],[27.2816,45.868],[27.2792,45.8706],[27.273,45.8693],[27.271,45.874],[27.2487,45.8727],[27.2524,45.8824],[27.2764,45.8834],[27.2828,45.8863],[27.2739,45.8968],[27.2554,45.9311],[27.2415,45.9479],[27.2371,45.9683],[27.232,45.9767],[27.233,45.9892],[27.227,46.0091],[27.2308,46.0213],[27.2352,46.0241],[27.2331,46.0366],[27.2369,46.0462],[27.2412,46.0429],[27.2685,46.0415],[27.2755,46.0478],[27.2748,46.0546],[27.2778,46.0592],[27.2903,46.0598],[27.2875,46.0674],[27.2836,46.0672],[27.2847,46.0717],[27.2818,46.0751],[27.2851,46.0793],[27.2925,46.0804],[27.2919,46.0832],[27.3196,46.0861],[27.3227,46.0791],[27.3683,46.0787],[27.3691,46.0865],[27.3717,46.0878],[27.3939,46.0894],[27.3945,46.0863],[27.4243,46.0893],[27.4298,46.0946],[27.4264,46.099],[27.422,46.0992],[27.4227,46.111],[27.4282,46.1162],[27.4182,46.1306],[27.4268,46.1395],[27.4489,46.1265],[27.481,46.1259],[27.4841,46.1398],[27.5031,46.1396],[27.5055,46.1329],[27.5246,46.1145],[27.5355,46.0946],[27.5242,46.0921],[27.5204,46.0887],[27.5228,46.086],[27.5172,46.0854],[27.5319,46.0671],[27.5155,46.0563],[27.5159,46.0536],[27.5273,46.0441],[27.5414,46.0202],[27.551,46.0109],[27.5621,46.0067],[27.5626,46.0029],[27.5869,46.0076],[27.6045,46.0194],[27.5959,46.0277],[27.6049,46.0359],[27.5989,46.0413],[27.5999,46.0559],[27.6277,46.0614],[27.6232,46.0666],[27.617,46.0648],[27.6199,46.071],[27.6144,46.0734],[27.5901,46.0694],[27.5872,46.0718],[27.611,46.0768],[27.6064,46.0913],[27.5881,46.1114],[27.5966,46.1129],[27.589,46.1205],[27.5922,46.1207],[27.5912,46.124],[27.6013,46.1224],[27.5938,46.1262],[27.5903,46.1338],[27.5841,46.1355],[27.5857,46.1405],[27.5811,46.1446],[27.5911,46.1502],[27.6036,46.1445],[27.5978,46.1393],[27.6029,46.1352],[27.6025,46.1322],[27.6074,46.1305],[27.6103,46.1363],[27.6267,46.1343],[27.6339,46.1384],[27.6472,46.1299],[27.6505,46.1404],[27.6716,46.1328],[27.6759,46.1414],[27.6932,46.1322],[27.7102,46.1386],[27.711,46.1292],[27.7624,46.1281],[27.7636,46.1153],[27.7785,46.1125],[27.7779,46.1098],[27.7861,46.1124],[27.7877,46.1051],[27.7829,46.1055],[27.7892,46.0984],[27.7881,46.0949],[27.7915,46.0958],[27.7918,46.1009],[27.7951,46.0979],[27.8155,46.1048],[27.808,46.1116],[27.8166,46.1136],[27.822,46.1202],[27.8293,46.1114],[27.8387,46.1157],[27.8302,46.1272],[27.8453,46.1264],[27.8426,46.1329],[27.8459,46.1335],[27.8469,46.1578],[27.8562,46.1577],[27.8572,46.1631],[27.8691,46.1613],[27.8726,46.158],[27.8687,46.1571],[27.873,46.1527],[27.8719,46.1456],[27.8853,46.1454],[27.9107,46.1538],[27.9171,46.1486],[27.9262,46.1525],[27.9396,46.1351],[27.9646,46.1415],[27.9727,46.1222],[27.9797,46.1239],[27.9843,46.1105],[28.0093,46.1153],[28.0089,46.1049],[28.0413,46.1064],[28.0758,46.1175],[28.1043,46.1168],[28.1159,46.1126],[28.1138,46.1078],[28.1161,46.1076]]]}},{"type":"Feature","properties":{"name":"Harghita","code":"HR"},"geometry":{"type":"Polygon","coordinates":[[[25.6616,47.0917],[25.6657,47.0885],[25.6771,47.0896],[25.704,47.0798],[25.7095,47.0815],[25.7154,47.0767],[25.7381,47.0712],[25.7438,47.0521],[25.7693,47.0356],[25.7733,47.0263],[25.7697,47.0163],[25.7898,46.9964],[25.7923,46.9802],[25.8015,46.9665],[25.8092,46.9667],[25.818,46.9766],[25.8267,46.974],[25.8322,46.9651],[25.8387,46.9627],[25.8424,46.943],[25.8517,46.9322],[25.8539,46.9248],[25.862,46.9234],[25.8421,46.9204],[25.8393,46.9235],[25.8232,46.9235],[25.8037,46.929],[25.8006,46.924],[25.8015,46.9153],[25.7859,46.9047],[25.7654,46.8845],[25.7745,46.8713],[25.7811,46.8686],[25.7815,46.8631],[25.7752,46.853],[25.7628,46.8461],[25.7624,46.8412],[25.7721,46.8346],[25.7795,46.8342],[25.784,46.8413],[25.7788,46.8444],[25.7793,46.8503],[25.7828,46.8512],[25.8048,46.8406],[25.7939,46.8327],[25.7828,46.8338],[25.777,46.8256],[25.7825,46.8216],[25.7852,46.8128],[25.8074,46.8049],[25.801,46.8009],[25.8088,46.7929],[25.8086,46.7858],[25.8038,46.7785],[25.8062,46.7759],[25.7998,46.7693],[25.805,46.7649],[25.8033,46.7419],[25.8072,46.7374],[25.7977,46.7284],[25.7997,46.7282],[25.7953,46.7199],[25.8044,46.7068],[25.8116,46.6987],[25.8356,46.6827],[25.8374,46.6768],[25.8604,46.6601],[25.8674,46.6494],[25.8769,46.6509],[25.888,46.6481],[25.9019,46.6495],[25.9088,46.6556],[25.9027,46.6688],[25.8857,46.6837],[25.8839,46.6888],[25.8898,46.6935],[25.8913,46.6992],[25.9027,46.7044],[25.9106,46.7003],[25.9318,46.7024],[25.955,46.6952],[25.9616,46.6991],[25.9752,46.6973],[25.9746,46.6891],[25.9775,46.6848],[25.9727,46.6776],[25.9811,46.6802],[25.9934,46.6738],[26.0001,46.6633],[26.0065,46.6597],[26.0077,46.6484],[26.0194,46.6343],[26.0033,46.6378],[26.0016,46.6273],[25.9917,46.6214],[25.9905,46.6161],[25.9971,46.609],[25.9985,46.6015],[26.0122,46.59],[26.0225,46.5888],[26.0261,46.5773],[26.0336,46.5704],[26.0316,46.5603],[26.0392,46.5557],[26.0405,46.5504],[26.0355,46.5438],[26.0574,46.527],[26.0745,46.5255],[26.0832,46.5125],[26.0746,46.4845],[26.0632,46.4872],[26.0566,46.4944],[26.019,46.4924],[26.007,46.4826],[26.0168,46.477],[26.0167,46.4728],[26.0116,46.4692],[26.0171,46.4612],[26.0083,46.4589],[26.0051,46.4548],[26.0058,46.4449],[25.987,46.4389],[26.0032,46.4252],[25.9972,46.4201],[26.0003,46.4138],[25.9953,46.4068],[26.0035,46.4064],[26.0023,46.4088],[26.0062,46.4127],[26.02,46.4091],[26.0224,46.4163],[26.03,46.4101],[26.0341,46.4172],[26.0469,46.4166],[26.0602,46.4134],[26.0618,46.4102],[26.0564,46.4036],[26.0619,46.4007],[26.1098,46.4005],[26.1332,46.3969],[26.1493,46.3887],[26.166,46.3848],[26.1627,46.3808],[26.1668,46.3693],[26.1635,46.3619],[26.1666,46.3554],[26.1644,46.3471],[26.1543,46.3393],[26.1493,46.329],[26.1506,46.3218],[26.1561,46.3152],[26.1633,46.3164],[26.1773,46.3107],[26.1913,46.3124],[26.1932,46.3103],[26.221,46.3146],[26.2322,46.3257],[26.2357,46.3351],[26.2419,46.3357],[26.2452,46.3402],[26.2708,46.3449],[26.2913,46.336],[26.293,46.3316],[26.2836,46.3212],[26.2807,46.3068],[26.2775,46.304],[26.2788,46.2995],[26.2722,46.2964],[26.2744,46.2874],[26.2691,46.2872],[26.263,46.2801],[26.2534,46.2773],[26.2533,46.2669],[26.2648,46.2563],[26.2586,46.2503],[26.2635,46.2464],[26.2623,46.2393],[26.2503,46.2355],[26.2585,46.2316],[26.2541,46.2232],[26.2597,46.223],[26.2585,46.2194],[26.2615,46.2156],[26.2573,46.2158],[26.2518,46.2101],[26.2196,46.206],[26.2166,46.1948],[26.207,46.1791],[26.1836,46.1849],[26.1877,46.179],[26.1797,46.1821],[26.1768,46.1797],[26.1766,46.1679],[26.1724,46.1603],[26.1314,46.1717],[26.1227,46.1689],[26.1163,46.161],[26.0972,46.1653],[26.085,46.1598],[26.0881,46.1565],[26.0569,46.1598],[26.0382,46.1512],[26.0356,46.1442],[26.0297,46.1431],[26.0195,46.128],[26.0009,46.13],[25.9917,46.1252],[25.9837,46.1284],[25.9827,46.1341],[25.9787,46.1351],[25.9395,46.1267],[25.9133,46.1304],[25.9033,46.1221],[25.8973,46.124],[25.8868,46.1212],[25.8778,46.124],[25.8572,46.1197],[25.8471,46.1243],[25.8455,46.1316],[25.8376,46.135],[25.8341,46.1454],[25.8238,46.1493],[25.821,46.1547],[25.8054,46.1647],[25.804,46.1728],[25.7917,46.1759],[25.7887,46.1797],[25.7917,46.1853],[25.7907,46.1924],[25.7847,46.2],[25.7661,46.2108],[25.7653,46.2154],[25.7232,46.2558],[25.7342,46.2633],[25.726,46.2746],[25.7001,46.2767],[25.6801,46.2717],[25.6743,46.2627],[25.6658,46.2577],[25.6325,46.2474],[25.6308,46.2443],[25.6137,46.2394],[25.6029,46.2416],[25.5748,46.2129],[25.5629,46.2181],[25.5566,46.2078],[25.5472,46.2096],[25.5348,46.2027],[25.5344,46.1996],[25.5082,46.1882],[25.5057,46.1853],[25.5104,46.1778],[25.5047,46.166],[25.509,46.1616],[25.4977,46.1484],[25.4789,46.1456],[25.4808,46.1362],[25.4773,46.1333],[25.4783,46.1241],[25.4678,46.114],[25.4673,46.1069],[25.4513,46.1041],[25.4544,46.12],[25.4493,46.1249],[25.4272,46.122],[25.4152,46.1251],[25.4071,46.1239],[25.4104,46.129],[25.4049,46.1327],[25.3996,46.1334],[25.3949,46.1301],[25.3854,46.1363],[25.3736,46.1356],[25.3599,46.1462],[25.3565,46.1538],[25.3474,46.1611],[25.3488,46.1631],[25.3325,46.1777],[25.3197,46.1731],[25.3114,46.1774],[25.2938,46.1771],[25.2727,46.1708],[25.2662,46.1755],[25.2734,46.1872],[25.2586,46.1905],[25.2583,46.1817],[25.2514,46.1773],[25.2661,46.1686],[25.2569,46.1555],[25.2605,46.151],[25.2495,46.1414],[25.2289,46.1467],[25.2249,46.1515],[25.2184,46.1513],[25.2165,46.1552],[25.1897,46.1708],[25.1789,46.164],[25.1733,46.1655],[25.1517,46.1779],[25.1382,46.1812],[25.1307,46.1873],[25.1126,46.2096],[25.1062,46.2306],[25.0758,46.2325],[25.078,46.2408],[25.0697,46.2449],[25.0525,46.2453],[25.0378,46.2401],[25.0049,46.2483],[24.9997,46.2433],[24.9896,46.2445],[24.9907,46.2409],[24.9859,46.2371],[24.9692,46.2445],[24.9596,46.244],[24.9587,46.2468],[24.9622,46.2493],[24.9537,46.2502],[24.9546,46.2464],[24.945,46.2476],[24.9435,46.2449],[24.941,46.2484],[24.9337,46.2477],[24.9322,46.2536],[24.939,46.2544],[24.9386,46.2589],[24.9287,46.2622],[24.9351,46.2659],[24.9295,46.2668],[24.9345,46.273],[24.93,46.2713],[24.9092,46.28],[24.8882,46.2995],[24.8831,46.2975],[24.874,46.3024],[24.8682,46.299],[24.8712,46.3045],[24.8619,46.3085],[24.8614,46.3113],[24.8674,46.3131],[24.8684,46.3183],[24.8782,46.3252],[24.8674,46.3258],[24.8699,46.3395],[24.8632,46.3461],[24.8537,46.3479],[24.8575,46.3519],[24.857,46.3572],[24.8607,46.3551],[24.8853,46.364],[24.8811,46.3697],[24.8891,46.3763],[24.8797,46.3787],[24.8761,46.3821],[24.8786,46.3837],[24.8919,46.3817],[24.9086,46.3906],[24.9152,46.387],[24.9234,46.3874],[24.9298,46.3827],[24.9312,46.3771],[24.9437,46.3774],[24.9484,46.3745],[24.9796,46.3849],[24.9599,46.4038],[24.9435,46.4042],[24.9366,46.4084],[24.9357,46.4209],[24.95,46.4338],[24.9469,46.4433],[24.9604,46.4443],[24.9631,46.447],[24.9809,46.444],[24.9881,46.45],[24.9919,46.459],[24.9889,46.4655],[24.9983,46.4655],[24.9957,46.4631],[25.0019,46.4573],[25.0091,46.4639],[25.0176,46.4641],[25.0219,46.469],[25.024,46.4738],[25.0201,46.4751],[25.0248,46.4796],[25.0181,46.4813],[25.0198,46.4835],[25.0157,46.486],[25.0183,46.4878],[25.0129,46.4923],[25.0118,46.4902],[25.0092,46.495],[24.9832,46.4956],[24.9979,46.5093],[25.0045,46.5102],[25.0082,46.5193],[25.0115,46.5192],[25.0179,46.5275],[25.0141,46.5297],[25.0224,46.5411],[25.0304,46.5414],[25.0512,46.5519],[25.0688,46.5554],[25.0778,46.5685],[25.0756,46.5702],[25.0856,46.5729],[25.0878,46.5769],[25.0996,46.5774],[25.1043,46.5823],[25.1512,46.5772],[25.1535,46.5814],[25.1514,46.5844],[25.1634,46.5885],[25.1752,46.5994],[25.1792,46.5992],[25.1946,46.6275],[25.2147,46.626],[25.2153,46.6198],[25.2184,46.6193],[25.221,46.625],[25.2181,46.6275],[25.2259,46.6285],[25.2324,46.634],[25.2227,46.6396],[25.239,46.6501],[25.2369,46.6694],[25.2521,46.675],[25.2665,46.6703],[25.2806,46.6716],[25.2949,46.688],[25.2815,46.7086],[25.259,46.7276],[25.2642,46.7332],[25.2611,46.7498],[25.2648,46.7527],[25.2769,46.7504],[25.2895,46.7524],[25.3172,46.7685],[25.3185,46.7729],[25.3131,46.7859],[25.2855,46.7975],[25.2861,46.8037],[25.2793,46.8149],[25.2818,46.8273],[25.2884,46.8304],[25.2833,46.8357],[25.2763,46.8351],[25.2642,46.8417],[25.2513,46.8411],[25.2573,46.8594],[25.2644,46.8667],[25.2647,46.8764],[25.2712,46.8836],[25.2693,46.8872],[25.2773,46.8967],[25.2671,46.9001],[25.2622,46.9123],[25.27,46.9278],[25.2707,46.9458],[25.2834,46.9534],[25.2821,46.9623],[25.2891,46.9707],[25.2875,46.9765],[25.2833,46.9779],[25.2891,46.9798],[25.2896,46.9828],[25.2891,46.993],[25.2763,46.9991],[25.2655,47.0107],[25.2702,47.0189],[25.2696,47.0312],[25.2616,47.0384],[25.253,47.0407],[25.2311,47.0615],[25.2306,47.0757],[25.2358,47.0875],[25.2467,47.0979],[25.2643,47.1037],[25.2794,47.1037],[25.2959,47.1153],[25.2967,47.1214],[25.2872,47.1332],[25.2961,47.1482],[25.2944,47.1559],[25.305,47.1651],[25.3246,47.166],[25.3532,47.1751],[25.3585,47.1797],[25.3742,47.1753],[25.3887,47.1808],[25.4038,47.1784],[25.4251,47.1839],[25.4277,47.1808],[25.4265,47.1697],[25.4455,47.1533],[25.4512,47.1535],[25.458,47.1444],[25.4713,47.1398],[25.4782,47.1336],[25.4963,47.1282],[25.5052,47.1181],[25.517,47.119],[25.5303,47.1105],[25.5274,47.1001],[25.5315,47.097],[25.532,47.0867],[25.5356,47.0835],[25.5523,47.0812],[25.5744,47.0847],[25.6016,47.0773],[25.6137,47.0838],[25.6238,47.095],[25.6401,47.0933],[25.6522,47.0872],[25.6616,47.0917]]]}},{"type":"Feature","properties":{"name":"Ialomița","code":"IL"},"geometry":{"type":"Polygon","coordinates":[[[26.6056,44.857],[26.6184,44.8409],[26.619,44.8333],[26.631,44.8136],[26.6448,44.823],[26.6787,44.8088],[26.714,44.8195],[26.7187,44.8092],[26.7766,44.8151],[26.8102,44.7953],[26.8169,44.8041],[26.8304,44.7977],[26.8465,44.8149],[26.8658,44.8061],[26.8784,44.8203],[26.9078,44.8054],[26.9102,44.8075],[26.9733,44.7883],[27.008,44.8245],[27.0562,44.7969],[27.1109,44.782],[27.0979,44.7448],[27.1341,44.7355],[27.1373,44.7417],[27.1574,44.7364],[27.1592,44.7402],[27.1792,44.7352],[27.1875,44.7513],[27.1664,44.7571],[27.1687,44.7624],[27.1482,44.7679],[27.1556,44.7888],[27.2035,44.7871],[27.2236,44.7826],[27.2216,44.7753],[27.2576,44.7497],[27.2886,44.7858],[27.3096,44.7747],[27.3411,44.8026],[27.3659,44.7895],[27.3639,44.7875],[27.382,44.7747],[27.3916,44.7834],[27.4078,44.773],[27.4368,44.799],[27.478,44.7752],[27.4839,44.7804],[27.5033,44.78],[27.5031,44.7744],[27.5268,44.774],[27.5216,44.7889],[27.5283,44.7887],[27.5332,44.7843],[27.5916,44.7835],[27.591,44.778],[27.6484,44.7758],[27.6491,44.7703],[27.7219,44.7651],[27.7228,44.7779],[27.7442,44.7792],[27.7437,44.7884],[27.7254,44.7938],[27.7283,44.8017],[27.7505,44.8078],[27.7756,44.805],[27.7886,44.8188],[27.8004,44.8148],[27.8058,44.8199],[27.8184,44.8204],[27.8265,44.82],[27.8263,44.8097],[27.8205,44.7972],[27.8267,44.7824],[27.8341,44.7783],[27.8738,44.7742],[27.881,44.7631],[27.8714,44.7311],[27.8736,44.7196],[27.8803,44.7094],[27.9114,44.6969],[27.9312,44.6797],[27.9582,44.6802],[27.9692,44.6689],[28.0191,44.6389],[28.0318,44.6253],[28.0326,44.6073],[28.0137,44.5844],[28.0165,44.5648],[28.0346,44.5474],[28.0532,44.5087],[28.0875,44.4913],[28.0933,44.4794],[28.0983,44.4562],[28.1102,44.4397],[28.1047,44.4286],[28.0728,44.4139],[28.0694,44.4039],[28.0433,44.3846],[28.0254,44.3637],[28.0174,44.3403],[27.8551,44.3801],[27.8426,44.3679],[27.8348,44.3473],[27.8134,44.3341],[27.8033,44.3414],[27.7996,44.3384],[27.7891,44.3551],[27.7719,44.3443],[27.7625,44.3478],[27.7486,44.3619],[27.7564,44.3659],[27.7475,44.3749],[27.7456,44.3819],[27.7699,44.3948],[27.7657,44.3974],[27.748,44.3974],[27.7466,44.4054],[27.7336,44.4062],[27.7317,44.408],[27.7342,44.4177],[27.6543,44.4209],[27.6594,44.4461],[27.6485,44.4508],[27.6494,44.465],[27.6386,44.4654],[27.6391,44.4707],[27.5702,44.4678],[27.572,44.5591],[27.5586,44.5611],[27.5464,44.562],[27.5457,44.5421],[27.5253,44.5438],[27.5185,44.4971],[27.5024,44.4967],[27.5024,44.4936],[27.3885,44.4962],[27.3901,44.5059],[27.3698,44.5061],[27.3702,44.5163],[27.3522,44.5173],[27.3456,44.4859],[27.2875,44.4897],[27.2903,44.5038],[27.2678,44.5063],[27.263,44.4891],[27.2279,44.4934],[27.2313,44.5073],[27.2243,44.5082],[27.2255,44.5132],[27.2058,44.5158],[27.2019,44.5021],[27.2105,44.501],[27.2062,44.4838],[27.1871,44.4867],[27.1885,44.4919],[27.1399,44.5009],[27.1355,44.483],[27.0916,44.4851],[27.0917,44.5086],[27.0035,44.5087],[27.0036,44.529],[26.9717,44.5289],[26.8927,44.5159],[26.8975,44.5231],[26.8814,44.528],[26.8755,44.5176],[26.8619,44.5201],[26.8441,44.5153],[26.8442,44.5193],[26.8502,44.5246],[26.8299,44.5276],[26.8234,44.5115],[26.8106,44.5224],[26.805,44.515],[26.7963,44.511],[26.7701,44.5178],[26.7731,44.5229],[26.7793,44.5214],[26.787,44.5418],[26.7603,44.55],[26.7542,44.5281],[26.7227,44.5377],[26.726,44.559],[26.6806,44.5625],[26.6827,44.5652],[26.6733,44.5725],[26.6838,44.5911],[26.665,44.5955],[26.6356,44.5409],[26.6447,44.5361],[26.6413,44.5317],[26.6211,44.5431],[26.6145,44.5354],[26.6199,44.5305],[26.6186,44.5277],[26.6037,44.5324],[26.6018,44.5266],[26.6108,44.5224],[26.5942,44.5142],[26.5953,44.5111],[26.5882,44.5124],[26.5994,44.5231],[26.5629,44.5266],[26.5222,44.5582],[26.5127,44.5616],[26.5078,44.5554],[26.4916,44.5623],[26.4964,44.5715],[26.4799,44.5765],[26.4666,44.5636],[26.4562,44.5667],[26.4485,44.5655],[26.439,44.5487],[26.4646,44.5494],[26.4672,44.5469],[26.4285,44.5216],[26.4192,44.5247],[26.4161,44.5217],[26.4128,44.5227],[26.415,44.5262],[26.4005,44.5313],[26.3911,44.5391],[26.3671,44.5269],[26.3431,44.5493],[26.3372,44.5474],[26.3563,44.5643],[26.3613,44.5612],[26.3678,44.5653],[26.3606,44.5676],[26.3816,44.585],[26.3726,44.5906],[26.4011,44.6122],[26.3971,44.6246],[26.3757,44.6208],[26.368,44.6404],[26.3592,44.6378],[26.36,44.6524],[26.3542,44.6616],[26.3435,44.6721],[26.3297,44.6788],[26.3329,44.6816],[26.3344,44.6795],[26.3415,44.6876],[26.3474,44.6845],[26.3525,44.6883],[26.3599,44.6878],[26.3702,44.6984],[26.3615,44.702],[26.3609,44.7051],[26.3742,44.7205],[26.3473,44.731],[26.3018,44.7689],[26.3068,44.775],[26.3105,44.7735],[26.3146,44.7771],[26.322,44.7909],[26.3285,44.7903],[26.322,44.7868],[26.3228,44.7843],[26.3343,44.7846],[26.3346,44.7914],[26.3376,44.7933],[26.3407,44.7916],[26.3426,44.7826],[26.3485,44.784],[26.3442,44.7776],[26.3556,44.7821],[26.3625,44.7806],[26.3562,44.7717],[26.3568,44.7683],[26.37,44.7712],[26.3671,44.7662],[26.3706,44.7626],[26.3852,44.7617],[26.4532,44.8109],[26.4935,44.7908],[26.5042,44.7975],[26.5074,44.7966],[26.5332,44.8205],[26.5253,44.8269],[26.6056,44.857]]]}},{"type":"Feature","properties":{"name":"Maramureș","code":"MM"},"geometry":{"type":"Polygon","coordinates":[[[24.9471,47.7291],[24.9478,47.7174],[24.9537,47.7122],[24.9523,47.7055],[24.9603,47.7055],[24.9783,47.6975],[25.0076,47.6767],[25.0174,47.6743],[25.0222,47.6664],[25.0516,47.6588],[25.0564,47.6476],[25.0518,47.6406],[25.0328,47.6379],[25.0257,47.6341],[25.0117,47.6337],[24.995,47.6265],[24.9913,47.6204],[24.9843,47.6204],[24.975,47.6138],[24.9586,47.6152],[24.9565,47.6123],[24.9609,47.5969],[24.9166,47.5982],[24.8991,47.603],[24.8608,47.5913],[24.8459,47.5967],[24.8294,47.5968],[24.8218,47.5933],[24.8165,47.5765],[24.8072,47.5667],[24.7874,47.577],[24.7712,47.572],[24.7553,47.5713],[24.7346,47.5714],[24.7254,47.5759],[24.6912,47.5585],[24.6643,47.5575],[24.6596,47.554],[24.6519,47.5583],[24.654,47.5623],[24.6521,47.5675],[24.6319,47.5758],[24.6045,47.5686],[24.5815,47.5705],[24.5717,47.5623],[24.5656,47.5627],[24.5592,47.5647],[24.5536,47.5733],[24.5214,47.5774],[24.5142,47.5828],[24.5046,47.5813],[24.4915,47.5863],[24.4729,47.5878],[24.4564,47.5954],[24.4382,47.5906],[24.3914,47.6045],[24.3865,47.6084],[24.3757,47.5923],[24.367,47.5872],[24.3609,47.5747],[24.3493,47.5712],[24.3427,47.5654],[24.326,47.5668],[24.3218,47.5727],[24.3032,47.5791],[24.3005,47.5718],[24.3043,47.5665],[24.302,47.5582],[24.2934,47.5557],[24.2876,47.5463],[24.2794,47.5442],[24.278,47.53],[24.2698,47.5238],[24.2677,47.5174],[24.2585,47.5204],[24.2524,47.5189],[24.2411,47.5005],[24.2372,47.4989],[24.2166,47.5036],[24.2052,47.498],[24.1975,47.5063],[24.1894,47.5033],[24.182,47.5072],[24.1669,47.5057],[24.1534,47.5028],[24.1536,47.4948],[24.1442,47.4934],[24.1457,47.4914],[24.1414,47.4876],[24.1312,47.491],[24.1323,47.494],[24.128,47.4941],[24.1267,47.4994],[24.1213,47.4947],[24.1236,47.4936],[24.123,47.4864],[24.1176,47.4829],[24.1189,47.4782],[24.1285,47.4795],[24.1253,47.4742],[24.1224,47.4747],[24.13,47.4656],[24.1189,47.4605],[24.1266,47.4583],[24.118,47.4473],[24.1246,47.4439],[24.1207,47.4421],[24.1242,47.4378],[24.1104,47.4335],[24.1095,47.4268],[24.103,47.4216],[24.0943,47.4225],[24.0935,47.4175],[24.0857,47.4176],[24.0858,47.413],[24.0815,47.4126],[24.0843,47.4109],[24.0759,47.4123],[24.0724,47.4097],[24.0763,47.4028],[24.0705,47.3902],[24.0603,47.3813],[24.0608,47.3777],[24.0378,47.3741],[24.0328,47.3622],[24.0227,47.362],[23.9972,47.3657],[23.9942,47.3633],[23.9993,47.3581],[23.9832,47.3651],[23.9698,47.3657],[23.9558,47.3595],[23.9411,47.3597],[23.9252,47.3524],[23.9164,47.3569],[23.8981,47.3544],[23.8874,47.3656],[23.8723,47.3709],[23.8693,47.3745],[23.8722,47.3776],[23.8699,47.3802],[23.8667,47.3703],[23.8527,47.3681],[23.8469,47.3724],[23.8406,47.3546],[23.8322,47.3477],[23.8414,47.34],[23.8299,47.3384],[23.8244,47.3448],[23.8216,47.3415],[23.8078,47.343],[23.7908,47.3366],[23.7645,47.3372],[23.7599,47.3353],[23.7624,47.33],[23.7603,47.3259],[23.7505,47.3262],[23.7453,47.3206],[23.7364,47.3231],[23.7277,47.321],[23.7186,47.3276],[23.7176,47.3323],[23.7105,47.3309],[23.7066,47.3382],[23.7011,47.3412],[23.7036,47.343],[23.7014,47.3446],[23.7068,47.3454],[23.6998,47.3474],[23.7124,47.3522],[23.6964,47.3545],[23.6883,47.3518],[23.6805,47.3551],[23.6667,47.3665],[23.6672,47.3743],[23.6641,47.3754],[23.6681,47.3796],[23.6658,47.3817],[23.6611,47.3795],[23.6498,47.3908],[23.6361,47.3921],[23.6315,47.396],[23.6118,47.3883],[23.6103,47.386],[23.6142,47.3811],[23.6111,47.3816],[23.6083,47.3749],[23.5844,47.3721],[23.579,47.3622],[23.5597,47.363],[23.5573,47.3666],[23.5387,47.3696],[23.5336,47.3671],[23.5152,47.3685],[23.517,47.366],[23.5111,47.3622],[23.4928,47.366],[23.4816,47.3777],[23.4717,47.378],[23.4677,47.3753],[23.4672,47.3782],[23.4386,47.3807],[23.4201,47.3882],[23.4139,47.3855],[23.4075,47.3906],[23.4019,47.3881],[23.3971,47.3919],[23.391,47.3882],[23.3774,47.3881],[23.3621,47.4001],[23.3573,47.4158],[23.3501,47.4129],[23.3414,47.4149],[23.3362,47.4119],[23.3224,47.4149],[23.3122,47.4238],[23.3081,47.4212],[23.2879,47.4228],[23.2871,47.4268],[23.2694,47.4252],[23.2592,47.4279],[23.2453,47.4392],[23.2448,47.4357],[23.2367,47.4349],[23.2251,47.4399],[23.2203,47.4373],[23.2204,47.4332],[23.2055,47.442],[23.2057,47.4479],[23.1959,47.4524],[23.1873,47.4522],[23.1836,47.4591],[23.1615,47.4444],[23.159,47.4381],[23.1556,47.4381],[23.1566,47.4415],[23.1379,47.4444],[23.1061,47.4424],[23.096,47.4379],[23.079,47.4449],[23.0662,47.4399],[23.061,47.4413],[23.0581,47.4367],[23.0488,47.4369],[23.0357,47.4173],[23.045,47.4128],[23.0324,47.4145],[23.0237,47.4294],[23.0169,47.433],[22.9979,47.4307],[22.9642,47.4394],[22.9669,47.4449],[22.9653,47.4557],[22.975,47.4613],[22.9772,47.459],[22.9834,47.4606],[22.981,47.4654],[22.984,47.4693],[22.9717,47.4671],[22.9745,47.4704],[22.971,47.4765],[22.9655,47.4746],[22.9615,47.4785],[22.9632,47.4865],[22.9741,47.4872],[22.987,47.4834],[22.9941,47.4935],[23.0008,47.4905],[23.0118,47.4929],[23.0162,47.4879],[23.0309,47.4857],[23.0464,47.4878],[23.0421,47.5079],[23.0519,47.5287],[23.0494,47.5392],[23.0529,47.5437],[23.053,47.5552],[23.0592,47.56],[23.0654,47.5714],[23.0874,47.5815],[23.1153,47.6044],[23.122,47.6145],[23.1404,47.6241],[23.1435,47.6238],[23.167,47.5936],[23.1819,47.5921],[23.1856,47.5872],[23.1905,47.5868],[23.1869,47.5811],[23.2112,47.5709],[23.2126,47.5634],[23.2339,47.5503],[23.2574,47.5503],[23.2607,47.5605],[23.2572,47.5718],[23.2594,47.5799],[23.2814,47.5769],[23.2864,47.581],[23.2887,47.6006],[23.2794,47.6114],[23.285,47.6148],[23.2875,47.6302],[23.3039,47.6272],[23.3071,47.6337],[23.3141,47.6378],[23.3313,47.6393],[23.34,47.6438],[23.3352,47.6474],[23.3343,47.6525],[23.344,47.6612],[23.3518,47.6621],[23.356,47.6677],[23.3532,47.6721],[23.3582,47.6741],[23.3633,47.6654],[23.374,47.6709],[23.3717,47.6729],[23.3734,47.6766],[23.3878,47.6848],[23.3795,47.69],[23.3641,47.6861],[23.3627,47.6999],[23.3429,47.7069],[23.3406,47.715],[23.3273,47.7085],[23.3145,47.7129],[23.305,47.7123],[23.2946,47.7186],[23.296,47.7242],[23.291,47.7277],[23.275,47.7219],[23.255,47.7273],[23.248,47.723],[23.2424,47.7236],[23.2411,47.7318],[23.2301,47.7392],[23.2338,47.7421],[23.236,47.7549],[23.2297,47.7639],[23.2354,47.7656],[23.2248,47.7664],[23.2489,47.7872],[23.2602,47.7893],[23.2618,47.7973],[23.2729,47.7944],[23.2814,47.7973],[23.3086,47.7861],[23.3076,47.7786],[23.3115,47.7748],[23.3475,47.7777],[23.3532,47.7771],[23.3539,47.7741],[23.3716,47.7795],[23.3903,47.7797],[23.3925,47.7759],[23.4078,47.776],[23.4183,47.7669],[23.4263,47.7668],[23.4308,47.7703],[23.4443,47.7674],[23.4511,47.7618],[23.4641,47.7669],[23.472,47.7793],[23.477,47.7815],[23.5092,47.7884],[23.5185,47.796],[23.5324,47.7953],[23.5377,47.8024],[23.5604,47.8041],[23.5612,47.8152],[23.5746,47.8237],[23.5743,47.8365],[23.5832,47.8363],[23.5885,47.8448],[23.6024,47.852],[23.6084,47.851],[23.609,47.8452],[23.6129,47.8461],[23.6387,47.8623],[23.6359,47.8755],[23.6276,47.8864],[23.6132,47.8898],[23.6148,47.8934],[23.6117,47.8986],[23.588,47.9006],[23.5808,47.9157],[23.5811,47.9229],[23.5722,47.9265],[23.5721,47.9318],[23.5647,47.9434],[23.5518,47.9383],[23.5426,47.9414],[23.5311,47.9515],[23.5098,47.9552],[23.4936,47.9678],[23.5035,47.9704],[23.5053,47.9806],[23.5212,47.9945],[23.5291,48.0198],[23.542,48.009],[23.5667,48.003],[23.5866,48.0038],[23.5935,48.0083],[23.6025,48.0062],[23.6113,48.0081],[23.6234,48.0026],[23.6347,48.003],[23.6422,47.9997],[23.6464,47.9912],[23.6647,47.9837],[23.7085,47.9944],[23.7164,47.9881],[23.7206,47.995],[23.7523,47.9968],[23.7605,47.9928],[23.7718,47.9949],[23.7898,47.9864],[23.8002,47.9866],[23.8196,47.9805],[23.8215,47.979],[23.8178,47.9775],[23.8183,47.975],[23.834,47.9676],[23.8326,47.9607],[23.8427,47.9505],[23.8439,47.9417],[23.8641,47.9318],[23.8837,47.9442],[23.8934,47.9426],[23.913,47.9471],[23.9212,47.9453],[23.9302,47.9488],[23.942,47.9485],[23.9491,47.9623],[23.9546,47.9647],[23.9672,47.9626],[23.9759,47.9679],[23.9827,47.9594],[24.0091,47.9673],[24.0219,47.9599],[24.0319,47.9493],[24.0622,47.9534],[24.0711,47.947],[24.0986,47.9365],[24.1002,47.928],[24.1114,47.9151],[24.1303,47.916],[24.1395,47.912],[24.1507,47.917],[24.1614,47.9149],[24.1651,47.9203],[24.1814,47.915],[24.1967,47.9161],[24.2174,47.9028],[24.2185,47.8976],[24.2283,47.8965],[24.2555,47.9067],[24.2796,47.906],[24.2978,47.9115],[24.3038,47.9171],[24.3249,47.9259],[24.3347,47.9178],[24.3449,47.9147],[24.3813,47.9265],[24.3803,47.9339],[24.3939,47.9543],[24.4097,47.9601],[24.4172,47.9597],[24.4359,47.9705],[24.4507,47.9629],[24.4717,47.9631],[24.4874,47.9559],[24.5124,47.9518],[24.527,47.9615],[24.5524,47.9586],[24.5629,47.9686],[24.5754,47.9674],[24.5833,47.9649],[24.5841,47.9607],[24.5956,47.9544],[24.5985,47.9502],[24.5969,47.9464],[24.6017,47.9453],[24.6108,47.9518],[24.6234,47.9518],[24.6284,47.9479],[24.6323,47.9398],[24.6298,47.9344],[24.6365,47.9298],[24.635,47.9246],[24.6516,47.9191],[24.6526,47.9107],[24.661,47.9089],[24.6738,47.8964],[24.6673,47.8857],[24.6658,47.8765],[24.6723,47.8631],[24.6814,47.8605],[24.6852,47.8551],[24.7029,47.8525],[24.7058,47.8401],[24.7198,47.8393],[24.7344,47.8439],[24.753,47.8297],[24.7584,47.8371],[24.7653,47.8393],[24.7781,47.8374],[24.7841,47.8234],[24.7944,47.8251],[24.8278,47.8205],[24.8215,47.8063],[24.8367,47.7935],[24.8363,47.7797],[24.8514,47.7747],[24.8553,47.7658],[24.8782,47.7527],[24.8814,47.739],[24.8864,47.7339],[24.8831,47.7244],[24.9471,47.7291]]]}},{"type":"Feature","properties":{"name":"Mehedinți","code":"MH"},"geometry":{"type":"Polygon","coordinates":[[[23.455,44.5696],[23.4522,44.5526],[23.4283,44.5426],[23.4353,44.5399],[23.4272,44.5326],[23.4175,44.5325],[23.4156,44.527],[23.3992,44.536],[23.3704,44.5444],[23.3564,44.5408],[23.3531,44.5379],[23.3568,44.5365],[23.3545,44.5339],[23.3368,44.5237],[23.3232,44.5309],[23.3262,44.5332],[23.3166,44.54],[23.3002,44.5369],[23.2874,44.5383],[23.2671,44.5302],[23.2539,44.5299],[23.257,44.5202],[23.273,44.5203],[23.2838,44.516],[23.2791,44.5081],[23.2795,44.5015],[23.2445,44.4968],[23.2489,44.4803],[23.2393,44.4782],[23.2359,44.4744],[23.2232,44.4728],[23.223,44.4705],[23.2141,44.4704],[23.2141,44.467],[23.1998,44.468],[23.1963,44.452],[23.2165,44.4438],[23.2151,44.4402],[23.2231,44.4391],[23.2222,44.4361],[23.2052,44.4361],[23.1972,44.4138],[23.1783,44.4242],[23.1664,44.4121],[23.1998,44.392],[23.2174,44.3866],[23.2181,44.3755],[23.2071,44.3676],[23.1977,44.3726],[23.1925,44.3694],[23.1935,44.3671],[23.1889,44.3674],[23.1933,44.3527],[23.1762,44.3245],[23.1459,44.319],[23.1397,44.3154],[23.1311,44.3163],[23.1188,44.3031],[23.124,44.3013],[23.1091,44.2717],[23.1083,44.2625],[23.0936,44.2619],[23.0891,44.2429],[23.0978,44.2404],[23.0942,44.2227],[23.1121,44.2174],[23.0951,44.1992],[23.1179,44.1895],[23.1099,44.1501],[23.0972,44.1462],[23.0846,44.1515],[23.0855,44.1568],[23.0053,44.1581],[23.0046,44.1397],[22.9832,44.1242],[22.9639,44.0985],[22.9255,44.1021],[22.899,44.1147],[22.871,44.1331],[22.8406,44.1465],[22.8132,44.1538],[22.7822,44.1719],[22.7494,44.1978],[22.6945,44.2045],[22.6757,44.2147],[22.6722,44.2192],[22.6721,44.2288],[22.6856,44.2562],[22.6852,44.2655],[22.6788,44.2781],[22.6719,44.2836],[22.645,44.2925],[22.6052,44.2955],[22.5579,44.3091],[22.5478,44.3226],[22.5239,44.3393],[22.5038,44.3805],[22.4989,44.4113],[22.5017,44.4173],[22.4718,44.4368],[22.4615,44.4503],[22.456,44.47],[22.4657,44.4797],[22.4965,44.4776],[22.5168,44.4717],[22.5482,44.4817],[22.5552,44.4898],[22.5604,44.5052],[22.5629,44.5331],[22.5822,44.5493],[22.6208,44.5517],[22.6428,44.5445],[22.6809,44.5215],[22.6959,44.5166],[22.759,44.5367],[22.764,44.5442],[22.7597,44.558],[22.7081,44.6026],[22.686,44.607],[22.6787,44.6167],[22.6709,44.6192],[22.6367,44.6144],[22.6182,44.6155],[22.571,44.6356],[22.5646,44.6412],[22.5626,44.6479],[22.4793,44.7096],[22.4639,44.7148],[22.43,44.71],[22.4209,44.7062],[22.3984,44.6846],[22.3837,44.6763],[22.3679,44.6723],[22.3316,44.6753],[22.3085,44.6587],[22.3034,44.6532],[22.2999,44.6387],[22.2744,44.6254],[22.2723,44.6129],[22.2645,44.5962],[22.2302,44.5614],[22.2074,44.5235],[22.1937,44.5073],[22.1873,44.4849],[22.1731,44.4759],[22.1455,44.4727],[22.1281,44.4752],[22.0762,44.5053],[22.0738,44.52],[22.0681,44.5287],[22.0353,44.5492],[22.0266,44.5676],[22.0263,44.5912],[22.0161,44.5992],[22.0235,44.6077],[22.0297,44.6058],[22.062,44.6099],[22.0652,44.6125],[22.0638,44.6151],[22.0823,44.6219],[22.0844,44.618],[22.0923,44.6191],[22.0972,44.6133],[22.096,44.6095],[22.1174,44.5918],[22.1286,44.5928],[22.133,44.6006],[22.1475,44.5853],[22.1561,44.5923],[22.1547,44.5987],[22.1633,44.6052],[22.1633,44.6095],[22.1763,44.6245],[22.1728,44.6339],[22.1774,44.6399],[22.1712,44.6487],[22.1535,44.6501],[22.1387,44.6599],[22.1449,44.6787],[22.1492,44.6825],[22.146,44.6877],[22.1491,44.6974],[22.1469,44.7008],[22.1535,44.7115],[22.1561,44.7366],[22.1612,44.7375],[22.1635,44.7434],[22.174,44.7403],[22.1855,44.7413],[22.1932,44.7459],[22.1918,44.7499],[22.2042,44.7614],[22.1989,44.7662],[22.1965,44.7718],[22.1982,44.7765],[22.1951,44.7792],[22.1992,44.7912],[22.2072,44.7993],[22.2068,44.8175],[22.2434,44.8075],[22.2518,44.7984],[22.252,44.7937],[22.2592,44.7922],[22.2627,44.7851],[22.2681,44.7825],[22.2973,44.7802],[22.3109,44.775],[22.3319,44.7779],[22.3416,44.7741],[22.3525,44.7572],[22.354,44.7418],[22.3581,44.7387],[22.3588,44.7434],[22.3655,44.7428],[22.3648,44.7529],[22.3682,44.7562],[22.3815,44.7554],[22.3916,44.7619],[22.3996,44.7582],[22.4015,44.7533],[22.4187,44.7563],[22.4205,44.7628],[22.4173,44.7704],[22.423,44.7754],[22.4244,44.7815],[22.4305,44.7813],[22.4259,44.7872],[22.4237,44.8005],[22.4285,44.802],[22.4305,44.8091],[22.4386,44.813],[22.4465,44.8223],[22.4444,44.8324],[22.4598,44.8433],[22.4575,44.8513],[22.4708,44.8607],[22.4709,44.8692],[22.4781,44.8726],[22.4763,44.8765],[22.4865,44.8812],[22.4888,44.8941],[22.4822,44.9069],[22.491,44.9093],[22.4893,44.914],[22.4961,44.9249],[22.4933,44.929],[22.4962,44.9289],[22.4888,44.9356],[22.4902,44.9407],[22.4868,44.9426],[22.4866,44.9493],[22.5022,44.9555],[22.5164,44.9557],[22.5117,44.9659],[22.4922,44.9733],[22.5036,44.984],[22.5366,45.002],[22.5463,45.0133],[22.559,45.0219],[22.5636,45.0277],[22.5616,45.031],[22.5636,45.0345],[22.5749,45.0429],[22.5858,45.0437],[22.5932,45.0494],[22.5943,45.054],[22.6013,45.0553],[22.6038,45.0629],[22.631,45.0845],[22.6378,45.0949],[22.6556,45.1039],[22.6566,45.1082],[22.6584,45.1108],[22.6613,45.1058],[22.6734,45.1007],[22.6826,45.1062],[22.686,45.104],[22.6989,45.087],[22.6987,45.0786],[22.705,45.0673],[22.7084,45.0716],[22.7267,45.0781],[22.7278,45.0754],[22.7333,45.0752],[22.725,45.068],[22.7375,45.068],[22.733,45.0638],[22.7382,45.059],[22.7612,45.0586],[22.7682,45.0612],[22.7825,45.0502],[22.7831,45.0459],[22.8139,45.0365],[22.8313,45.0237],[22.8284,45.0194],[22.8508,44.9991],[22.8486,44.993],[22.8608,44.9895],[22.8858,44.9971],[22.8948,44.994],[22.8927,44.9923],[22.9,44.9918],[22.8935,44.9858],[22.8933,44.9776],[22.8896,44.9768],[22.8978,44.9651],[22.8865,44.9645],[22.8804,44.9602],[22.8699,44.9615],[22.8744,44.9525],[22.8713,44.9449],[22.8788,44.9343],[22.8777,44.9259],[22.8845,44.92],[22.8826,44.9166],[22.8901,44.9045],[22.8884,44.8955],[22.8959,44.885],[22.8922,44.8799],[22.8956,44.8729],[22.8917,44.8674],[22.8972,44.8588],[22.8895,44.8531],[22.8954,44.8492],[22.8969,44.8414],[22.9078,44.8278],[22.9088,44.822],[22.9199,44.8223],[22.9333,44.8146],[22.9399,44.8148],[22.9431,44.8115],[22.9413,44.8102],[22.947,44.8071],[22.934,44.8021],[22.9416,44.7831],[22.9476,44.7793],[22.9612,44.7947],[22.9823,44.7833],[22.9892,44.7832],[22.996,44.7759],[22.9906,44.7742],[22.9964,44.7716],[22.9919,44.7684],[22.9948,44.7675],[22.9947,44.7619],[23.0034,44.7579],[23.0033,44.7523],[23.0059,44.7511],[23.0032,44.7478],[23.0086,44.7462],[23.0049,44.7448],[23.0219,44.7356],[23.0475,44.734],[23.0527,44.7254],[23.0556,44.7293],[23.0627,44.7291],[23.0658,44.7238],[23.0588,44.7219],[23.0673,44.7156],[23.0636,44.7155],[23.0626,44.7116],[23.0751,44.7081],[23.0773,44.7016],[23.0852,44.7016],[23.0896,44.695],[23.105,44.694],[23.1105,44.6894],[23.1107,44.6853],[23.1172,44.6879],[23.1175,44.6818],[23.1236,44.6875],[23.1317,44.6865],[23.1397,44.6788],[23.1449,44.6812],[23.1306,44.688],[23.1351,44.6953],[23.1457,44.6889],[23.1704,44.6903],[23.1883,44.6952],[23.1937,44.6921],[23.1855,44.6788],[23.2069,44.679],[23.2195,44.6749],[23.2275,44.677],[23.2389,44.671],[23.2745,44.6688],[23.2885,44.6764],[23.2935,44.6708],[23.3158,44.6618],[23.3213,44.6537],[23.3197,44.6478],[23.3567,44.63],[23.3722,44.6268],[23.3934,44.6295],[23.3849,44.6203],[23.4127,44.6105],[23.4123,44.603],[23.4031,44.5911],[23.425,44.5883],[23.4256,44.5809],[23.4445,44.5768],[23.4431,44.5713],[23.455,44.5696]]]}},{"type":"Feature","properties":{"name":"Mureș","code":"MS"},"geometry":{"type":"Polygon","coordinates":[[[25.2467,47.0979],[25.2358,47.0875],[25.2306,47.0757],[25.2311,47.0615],[25.253,47.0407],[25.2616,47.0384],[25.2696,47.0312],[25.2702,47.0189],[25.2655,47.0107],[25.2763,46.9991],[25.2891,46.993],[25.2896,46.9828],[25.2891,46.9798],[25.2833,46.9779],[25.2875,46.9765],[25.2891,46.9707],[25.2821,46.9623],[25.2834,46.9534],[25.2707,46.9458],[25.27,46.9278],[25.2622,46.9123],[25.2671,46.9001],[25.2773,46.8967],[25.2693,46.8872],[25.2712,46.8836],[25.2647,46.8764],[25.2644,46.8667],[25.2573,46.8594],[25.2513,46.8411],[25.2642,46.8417],[25.2763,46.8351],[25.2833,46.8357],[25.2884,46.8304],[25.2818,46.8273],[25.2793,46.8149],[25.2861,46.8037],[25.2855,46.7975],[25.3131,46.7859],[25.3185,46.7729],[25.3172,46.7685],[25.2895,46.7524],[25.2769,46.7504],[25.2648,46.7527],[25.2611,46.7498],[25.2642,46.7332],[25.259,46.7276],[25.2815,46.7086],[25.2949,46.688],[25.2806,46.6716],[25.2665,46.6703],[25.2521,46.675],[25.2369,46.6694],[25.239,46.6501],[25.2227,46.6396],[25.2324,46.634],[25.2259,46.6285],[25.2181,46.6275],[25.221,46.625],[25.2184,46.6193],[25.2153,46.6198],[25.2147,46.626],[25.1946,46.6275],[25.1792,46.5992],[25.1752,46.5994],[25.1634,46.5885],[25.1514,46.5844],[25.1535,46.5814],[25.1512,46.5772],[25.1043,46.5823],[25.0996,46.5774],[25.0878,46.5769],[25.0856,46.5729],[25.0756,46.5702],[25.0778,46.5685],[25.0688,46.5554],[25.0512,46.5519],[25.0304,46.5414],[25.0224,46.5411],[25.0141,46.5297],[25.0179,46.5275],[25.0115,46.5192],[25.0082,46.5193],[25.0045,46.5102],[24.9979,46.5093],[24.9832,46.4956],[25.0092,46.495],[25.0118,46.4902],[25.0129,46.4923],[25.0183,46.4878],[25.0157,46.486],[25.0198,46.4835],[25.0181,46.4813],[25.0248,46.4796],[25.0201,46.4751],[25.024,46.4738],[25.0219,46.469],[25.0176,46.4641],[25.0091,46.4639],[25.0019,46.4573],[24.9957,46.4631],[24.9983,46.4655],[24.9889,46.4655],[24.9919,46.459],[24.9881,46.45],[24.9809,46.444],[24.9631,46.447],[24.9604,46.4443],[24.9469,46.4433],[24.95,46.4338],[24.9357,46.4209],[24.9366,46.4084],[24.9435,46.4042],[24.9599,46.4038],[24.9796,46.3849],[24.9484,46.3745],[24.9437,46.3774],[24.9312,46.3771],[24.9298,46.3827],[24.9234,46.3874],[24.9152,46.387],[24.9086,46.3906],[24.8919,46.3817],[24.8786,46.3837],[24.8761,46.3821],[24.8797,46.3787],[24.8891,46.3763],[24.8811,46.3697],[24.8853,46.364],[24.8607,46.3551],[24.857,46.3572],[24.8575,46.3519],[24.8537,46.3479],[24.8632,46.3461],[24.8699,46.3395],[24.8674,46.3258],[24.8782,46.3252],[24.8684,46.3183],[24.8674,46.3131],[24.8614,46.3113],[24.8619,46.3085],[24.8712,46.3045],[24.8682,46.299],[24.874,46.3024],[24.8831,46.2975],[24.8882,46.2995],[24.9092,46.28],[24.93,46.2713],[24.9345,46.273],[24.9295,46.2668],[24.9351,46.2659],[24.9287,46.2622],[24.9386,46.2589],[24.939,46.2544],[24.9322,46.2536],[24.9337,46.2477],[24.941,46.2484],[24.9435,46.2449],[24.945,46.2476],[24.9546,46.2464],[24.9537,46.2502],[24.9622,46.2493],[24.9587,46.2468],[24.9596,46.244],[24.9692,46.2445],[24.9859,46.2371],[24.9907,46.2409],[24.9896,46.2445],[24.9997,46.2433],[25.0049,46.2483],[25.0378,46.2401],[25.0525,46.2453],[25.0697,46.2449],[25.078,46.2408],[25.0758,46.2325],[25.1062,46.2306],[25.1126,46.2096],[25.1307,46.1873],[25.1382,46.1812],[25.1517,46.1779],[25.1733,46.1655],[25.1629,46.1588],[25.1495,46.1586],[25.1357,46.1473],[25.129,46.1501],[25.1306,46.148],[25.1258,46.1424],[25.1157,46.1418],[25.1015,46.1501],[25.0844,46.1486],[25.0789,46.1514],[25.0543,46.1349],[25.0461,46.1332],[25.0197,46.1419],[25.015,46.1463],[25.0096,46.1392],[24.9976,46.1348],[24.9935,46.1291],[24.9779,46.1255],[24.9579,46.1121],[24.9488,46.1022],[24.9463,46.0935],[24.9559,46.0908],[24.9466,46.0791],[24.9185,46.0794],[24.8999,46.0923],[24.9004,46.1062],[24.8631,46.1109],[24.8419,46.107],[24.8183,46.0943],[24.8049,46.0925],[24.7754,46.1019],[24.7765,46.0935],[24.7696,46.0868],[24.7598,46.0849],[24.7477,46.0895],[24.7377,46.0893],[24.7216,46.0836],[24.7163,46.0764],[24.6956,46.0831],[24.6916,46.0943],[24.6727,46.1035],[24.6755,46.1086],[24.6732,46.1114],[24.6765,46.1128],[24.6725,46.1216],[24.6772,46.1285],[24.6686,46.1376],[24.6761,46.1486],[24.6799,46.1483],[24.6802,46.1586],[24.674,46.1684],[24.6826,46.1833],[24.684,46.1965],[24.6758,46.2086],[24.6774,46.2146],[24.6736,46.2189],[24.6653,46.2264],[24.6542,46.2267],[24.6506,46.232],[24.6563,46.2375],[24.6591,46.2332],[24.6671,46.2329],[24.6639,46.2288],[24.6694,46.2282],[24.6718,46.244],[24.6764,46.2497],[24.6699,46.2561],[24.6726,46.2618],[24.6676,46.2699],[24.666,46.281],[24.6581,46.2781],[24.6462,46.2793],[24.6395,46.2716],[24.6326,46.2705],[24.6304,46.2662],[24.6323,46.2624],[24.6221,46.2589],[24.6254,46.2571],[24.6237,46.2514],[24.6046,46.2516],[24.5936,46.2713],[24.5902,46.2715],[24.5908,46.2684],[24.5889,46.2707],[24.5772,46.2681],[24.5733,46.2706],[24.5744,46.2733],[24.5697,46.2747],[24.5671,46.2708],[24.5689,46.2667],[24.5627,46.2577],[24.5496,46.257],[24.5476,46.2608],[24.5398,46.2608],[24.5354,46.2506],[24.5155,46.2539],[24.4976,46.2425],[24.4939,46.2431],[24.4973,46.2528],[24.4887,46.2589],[24.4666,46.262],[24.464,46.2556],[24.4596,46.2558],[24.4492,46.2612],[24.4352,46.2582],[24.4317,46.2626],[24.42,46.2653],[24.4091,46.2613],[24.4002,46.2521],[24.3887,46.2534],[24.3789,46.2437],[24.3634,46.247],[24.3532,46.2542],[24.3454,46.2544],[24.3377,46.2499],[24.3296,46.2547],[24.3122,46.2522],[24.2991,46.2551],[24.2876,46.2841],[24.2729,46.2764],[24.2733,46.2676],[24.2651,46.2666],[24.2643,46.2534],[24.2491,46.2502],[24.2313,46.2596],[24.2208,46.2641],[24.2101,46.2635],[24.2065,46.2664],[24.211,46.2717],[24.1942,46.283],[24.1833,46.2832],[24.1802,46.278],[24.1767,46.2802],[24.1783,46.2768],[24.175,46.2768],[24.179,46.2733],[24.1749,46.2738],[24.176,46.2688],[24.1649,46.2714],[24.1652,46.2774],[24.1597,46.2775],[24.1625,46.2798],[24.1574,46.2828],[24.1592,46.2915],[24.1424,46.301],[24.1483,46.3098],[24.1485,46.3262],[24.1431,46.3317],[24.137,46.3319],[24.1393,46.3329],[24.1358,46.3362],[24.1145,46.3336],[24.0993,46.337],[24.0749,46.3357],[24.0667,46.3412],[24.0508,46.3434],[24.0423,46.3512],[24.0199,46.3604],[24.0196,46.363],[24.0308,46.3665],[24.0303,46.3695],[24.0187,46.367],[23.9958,46.3718],[23.9895,46.381],[23.9935,46.3847],[24.0098,46.3904],[24.0244,46.4032],[24.0355,46.4069],[24.0301,46.4161],[24.035,46.421],[24.0358,46.4322],[24.0272,46.4406],[24.0325,46.4465],[24.0334,46.4506],[24.0291,46.4542],[24.0323,46.4571],[24.0267,46.46],[24.0194,46.4571],[24.0229,46.4496],[23.9974,46.4272],[23.9923,46.4263],[23.9853,46.4309],[24.0049,46.4422],[23.9951,46.4487],[23.9852,46.4495],[23.9901,46.4519],[23.9881,46.454],[23.9795,46.4533],[23.9794,46.4561],[23.9849,46.4588],[23.9708,46.4594],[23.9678,46.4726],[23.9629,46.4757],[23.9737,46.482],[23.9642,46.4984],[23.9703,46.5028],[23.969,46.505],[23.975,46.5046],[23.9591,46.5155],[23.9693,46.5221],[23.9869,46.5423],[24.0032,46.5412],[24.0194,46.5313],[24.0291,46.5332],[24.0343,46.5421],[24.0454,46.5451],[24.0375,46.5573],[24.0526,46.5618],[24.0525,46.575],[24.0602,46.591],[24.0676,46.5984],[24.0691,46.606],[24.0642,46.6093],[24.0562,46.6067],[24.0551,46.6098],[24.0252,46.6155],[24.0202,46.6279],[24.029,46.6298],[24.0347,46.6413],[24.0336,46.6451],[24.0589,46.6511],[24.0638,46.6565],[24.0946,46.6572],[24.0938,46.6615],[24.1024,46.6616],[24.1084,46.6782],[24.1133,46.683],[24.1139,46.694],[24.1244,46.7001],[24.1108,46.7095],[24.0891,46.7111],[24.0665,46.7335],[24.0745,46.7454],[24.0849,46.7463],[24.0838,46.7494],[24.0877,46.7498],[24.0879,46.7536],[24.1159,46.7424],[24.1261,46.7465],[24.1158,46.7654],[24.1176,46.7738],[24.1675,46.7812],[24.1708,46.7863],[24.1806,46.7872],[24.188,46.7935],[24.1851,46.8007],[24.1796,46.8047],[24.1984,46.7997],[24.217,46.7879],[24.2114,46.7835],[24.2403,46.7746],[24.2349,46.7729],[24.2475,46.7687],[24.2453,46.7713],[24.2476,46.7729],[24.2765,46.7609],[24.2892,46.7597],[24.3012,46.7532],[24.3088,46.7582],[24.3243,46.7541],[24.3384,46.7578],[24.3613,46.7465],[24.384,46.7472],[24.3886,46.7513],[24.401,46.7505],[24.4033,46.7543],[24.3988,46.7587],[24.4043,46.7607],[24.4009,46.764],[24.4083,46.7676],[24.4093,46.7721],[24.4156,46.774],[24.424,46.7721],[24.4255,46.7762],[24.4307,46.7754],[24.4326,46.7699],[24.4375,46.771],[24.4521,46.7657],[24.4723,46.783],[24.4622,46.7915],[24.4602,46.785],[24.4493,46.7891],[24.4564,46.8055],[24.4634,46.8116],[24.4582,46.8201],[24.4644,46.8221],[24.4672,46.8284],[24.4892,46.8357],[24.4904,46.8401],[24.5037,46.8396],[24.5061,46.8462],[24.5029,46.8462],[24.5033,46.8514],[24.5066,46.8526],[24.5091,46.8488],[24.5272,46.854],[24.5328,46.8705],[24.5383,46.8678],[24.535,46.8727],[24.5389,46.8764],[24.532,46.8812],[24.5403,46.8913],[24.5318,46.899],[24.5324,46.907],[24.5604,46.9054],[24.5689,46.9086],[24.5649,46.9124],[24.5701,46.9145],[24.5845,46.9152],[24.5853,46.9212],[24.5787,46.9259],[24.5855,46.9288],[24.5943,46.9452],[24.6006,46.948],[24.6229,46.943],[24.6292,46.9513],[24.6387,46.9452],[24.6385,46.9378],[24.6449,46.9369],[24.64,46.9255],[24.6534,46.9232],[24.6464,46.9192],[24.6557,46.9151],[24.6571,46.9131],[24.652,46.913],[24.6577,46.9091],[24.6937,46.9082],[24.7086,46.9021],[24.725,46.9037],[24.7284,46.9113],[24.7456,46.9058],[24.7547,46.91],[24.7536,46.9143],[24.7217,46.9324],[24.741,46.9531],[24.7332,46.9574],[24.7401,46.9602],[24.745,46.9721],[24.74,46.9731],[24.7404,46.9816],[24.7529,46.9955],[24.7627,46.996],[24.7742,47.0085],[24.7849,47.0394],[24.793,47.0494],[24.8152,47.0625],[24.8218,47.0712],[24.8391,47.0804],[24.8542,47.0959],[24.8702,47.1049],[24.8971,47.1093],[24.9055,47.1005],[24.9144,47.1022],[24.9321,47.096],[24.9408,47.1005],[24.9413,47.1065],[24.9534,47.1199],[24.9781,47.1139],[24.9859,47.1191],[24.9988,47.1108],[25.0135,47.1112],[25.0323,47.1194],[25.0341,47.1263],[25.0424,47.1328],[25.051,47.1311],[25.0634,47.1366],[25.0944,47.1205],[25.1097,47.1197],[25.1249,47.1232],[25.1295,47.1164],[25.1383,47.1167],[25.1441,47.1132],[25.1644,47.1297],[25.1731,47.1306],[25.1823,47.128],[25.1999,47.1136],[25.2264,47.1081],[25.2334,47.0983],[25.2467,47.0979]]]}},{"type":"Feature","properties":{"name":"Prahova","code":"PH"},"geometry":{"type":"Polygon","coordinates":[[[26.0727,45.5058],[26.0869,45.4952],[26.0922,45.484],[26.1073,45.4767],[26.1228,45.4757],[26.149,45.4572],[26.1495,45.4294],[26.1473,45.4213],[26.1438,45.4196],[26.1434,45.4107],[26.1533,45.4042],[26.1631,45.4026],[26.1681,45.3955],[26.162,45.3947],[26.1582,45.3905],[26.1595,45.388],[26.1535,45.3771],[26.1616,45.3677],[26.1602,45.363],[26.1735,45.3626],[26.1774,45.3579],[26.1888,45.3559],[26.1904,45.3473],[26.195,45.3468],[26.2099,45.3278],[26.2238,45.3257],[26.2336,45.3147],[26.2302,45.3061],[26.2211,45.3052],[26.2088,45.2976],[26.1987,45.2857],[26.1853,45.2787],[26.2036,45.2737],[26.2174,45.2777],[26.2234,45.2737],[26.2315,45.2564],[26.2261,45.2444],[26.2421,45.2374],[26.243,45.2355],[26.2336,45.234],[26.2462,45.2232],[26.246,45.2156],[26.251,45.2085],[26.2496,45.1993],[26.2564,45.2013],[26.2567,45.2087],[26.2648,45.2092],[26.2689,45.2057],[26.2861,45.2075],[26.3029,45.2021],[26.3107,45.2108],[26.3145,45.2087],[26.3261,45.2169],[26.3349,45.2179],[26.349,45.2121],[26.3568,45.2143],[26.3457,45.1962],[26.3491,45.1923],[26.3459,45.1869],[26.3513,45.1865],[26.3535,45.1807],[26.3551,45.1719],[26.3524,45.1649],[26.3757,45.1583],[26.3967,45.1784],[26.4215,45.1752],[26.4604,45.1981],[26.4606,45.1662],[26.4695,45.1383],[26.4563,45.1361],[26.4565,45.1289],[26.4495,45.1261],[26.4495,45.1151],[26.452,45.1157],[26.4534,45.1122],[26.4547,45.0999],[26.452,45.0985],[26.4563,45.0919],[26.4521,45.0877],[26.4562,45.0816],[26.4514,45.0833],[26.4489,45.0792],[26.443,45.0788],[26.4432,45.0758],[26.463,45.07],[26.4688,45.0634],[26.4748,45.0474],[26.4779,45.0474],[26.477,45.0341],[26.4873,45.0201],[26.4844,45.0188],[26.492,45.0054],[26.4962,45.0067],[26.5019,44.9995],[26.5136,45.004],[26.51,45.0129],[26.5296,45.0149],[26.5346,45.003],[26.5471,44.9972],[26.5549,44.9994],[26.5609,44.9942],[26.5772,44.9715],[26.5793,44.9611],[26.5928,44.964],[26.5999,44.9559],[26.5305,44.9375],[26.5363,44.9101],[26.5483,44.9157],[26.5538,44.9152],[26.585,44.8823],[26.5931,44.8861],[26.6084,44.8722],[26.6009,44.8678],[26.61,44.8591],[26.6056,44.857],[26.5253,44.8269],[26.5332,44.8205],[26.5074,44.7966],[26.5042,44.7975],[26.4935,44.7908],[26.4532,44.8109],[26.3852,44.7617],[26.3706,44.7626],[26.3671,44.7662],[26.37,44.7712],[26.3568,44.7683],[26.3562,44.7717],[26.3625,44.7806],[26.3556,44.7821],[26.3442,44.7776],[26.3485,44.784],[26.3426,44.7826],[26.3407,44.7916],[26.3376,44.7933],[26.3346,44.7914],[26.3343,44.7846],[26.3228,44.7843],[26.322,44.7868],[26.3285,44.7903],[26.322,44.7909],[26.3146,44.7771],[26.3105,44.7735],[26.3068,44.775],[26.3018,44.7689],[26.3012,44.7667],[26.2738,44.7689],[26.272,44.756],[26.258,44.7571],[26.2563,44.7423],[26.2483,44.738],[26.2404,44.7389],[26.2386,44.7439],[26.2194,44.7496],[26.194,44.7513],[26.1839,44.7578],[26.1775,44.756],[26.1804,44.7509],[26.1739,44.749],[26.153,44.7586],[26.1439,44.7558],[26.1398,44.7594],[26.138,44.7551],[26.1423,44.7529],[26.1255,44.751],[26.1128,44.7544],[26.1019,44.7669],[26.0989,44.7624],[26.0888,44.7602],[26.0989,44.7399],[26.0856,44.7414],[26.0836,44.7459],[26.0782,44.7445],[26.0702,44.7513],[26.0614,44.749],[26.0622,44.7409],[26.0509,44.739],[26.0501,44.734],[26.047,44.7351],[26.0493,44.7423],[26.0436,44.7442],[26.0345,44.7408],[26.0241,44.7447],[26.0181,44.7419],[26.0112,44.7436],[26.0005,44.7351],[25.9877,44.7465],[25.9747,44.7365],[25.9661,44.738],[25.9696,44.7478],[25.9623,44.7492],[25.9608,44.7459],[25.9639,44.7399],[25.9599,44.7388],[25.973,44.7278],[25.9689,44.7204],[25.9708,44.7104],[25.9537,44.708],[25.9546,44.7143],[25.9678,44.7203],[25.9631,44.725],[25.9543,44.7221],[25.9332,44.6948],[25.9281,44.6982],[25.9264,44.709],[25.9147,44.7163],[25.9084,44.7334],[25.9165,44.7375],[25.9167,44.7343],[25.9227,44.7352],[25.9211,44.7395],[25.9249,44.739],[25.9239,44.7444],[25.9367,44.7484],[25.9408,44.7567],[25.9353,44.7578],[25.9334,44.7631],[25.9248,44.7627],[25.9298,44.7677],[25.9228,44.7701],[25.9266,44.7717],[25.9157,44.7722],[25.916,44.7756],[25.92,44.7757],[25.9172,44.7776],[25.9191,44.7798],[25.916,44.7857],[25.9092,44.7867],[25.9061,44.7907],[25.9053,44.7957],[25.9092,44.7959],[25.8996,44.8011],[25.895,44.7999],[25.8861,44.8068],[25.8829,44.8135],[25.8863,44.818],[25.8769,44.8203],[25.8734,44.8254],[25.8745,44.8314],[25.8629,44.8308],[25.8601,44.8261],[25.8431,44.816],[25.8418,44.81],[25.7776,44.8246],[25.7743,44.837],[25.7764,44.8422],[25.8021,44.8523],[25.797,44.8546],[25.8044,44.8629],[25.8028,44.8674],[25.8142,44.8745],[25.8089,44.8889],[25.8253,44.8971],[25.8201,44.9032],[25.8208,44.9135],[25.8134,44.9147],[25.8112,44.9226],[25.8022,44.9211],[25.7914,44.9447],[25.7726,44.9404],[25.7694,44.947],[25.7456,44.9423],[25.7406,44.9447],[25.7096,44.9414],[25.688,44.9474],[25.6881,44.9514],[25.6778,44.9656],[25.6789,44.9735],[25.6836,44.9788],[25.6766,44.9937],[25.6788,44.9971],[25.6755,45.0096],[25.6876,45.0204],[25.6839,45.024],[25.6869,45.0291],[25.7041,45.0342],[25.6992,45.0396],[25.7017,45.045],[25.6869,45.0591],[25.6752,45.0808],[25.6658,45.0832],[25.6548,45.091],[25.6397,45.092],[25.6341,45.1047],[25.6234,45.1066],[25.6192,45.1188],[25.605,45.1244],[25.6051,45.129],[25.5935,45.1435],[25.5978,45.1491],[25.5638,45.1727],[25.5579,45.1923],[25.5354,45.1879],[25.5318,45.1903],[25.5305,45.1945],[25.54,45.2033],[25.5342,45.216],[25.511,45.2219],[25.5182,45.232],[25.5282,45.2371],[25.5253,45.2438],[25.5301,45.244],[25.5336,45.2539],[25.5528,45.2659],[25.5549,45.2706],[25.5496,45.2803],[25.5443,45.2816],[25.5397,45.2895],[25.5329,45.2929],[25.5336,45.3018],[25.5036,45.318],[25.4875,45.3146],[25.4741,45.3277],[25.4781,45.3368],[25.47,45.3406],[25.4677,45.3471],[25.4738,45.3572],[25.471,45.3747],[25.4738,45.3796],[25.4809,45.3828],[25.4844,45.395],[25.4697,45.4119],[25.4719,45.4266],[25.4623,45.4334],[25.4557,45.4333],[25.4526,45.4413],[25.4607,45.4535],[25.4764,45.453],[25.4981,45.4674],[25.5116,45.4704],[25.5249,45.4655],[25.5325,45.459],[25.5723,45.4677],[25.589,45.4611],[25.6027,45.4633],[25.607,45.476],[25.6246,45.4851],[25.6295,45.4899],[25.63,45.4961],[25.6427,45.4954],[25.6428,45.4921],[25.681,45.5006],[25.6995,45.4909],[25.7019,45.4811],[25.7265,45.4654],[25.7436,45.4679],[25.7659,45.4656],[25.7721,45.4743],[25.7865,45.4818],[25.7972,45.4713],[25.8095,45.4679],[25.8142,45.4581],[25.8199,45.4556],[25.8197,45.4495],[25.8284,45.4388],[25.8224,45.4316],[25.8422,45.4297],[25.8633,45.4222],[25.8676,45.4231],[25.8692,45.4359],[25.8897,45.4467],[25.8892,45.4544],[25.8923,45.4594],[25.8875,45.4668],[25.8973,45.4782],[25.891,45.4879],[25.8997,45.4989],[25.9077,45.501],[25.921,45.522],[25.9269,45.5216],[25.9378,45.5125],[25.9622,45.5106],[25.9674,45.5078],[25.9954,45.5144],[26.0088,45.5042],[26.0134,45.4902],[26.0311,45.4858],[26.0411,45.4784],[26.0467,45.4784],[26.0477,45.4824],[26.0528,45.4821],[26.0547,45.4851],[26.0655,45.4853],[26.0664,45.5021],[26.0727,45.5058]]]}},{"type":"Feature","properties":{"name":"Satu Mare","code":"SM"},"geometry":{"type":"Polygon","coordinates":[[[23.4936,47.9678],[23.5098,47.9552],[23.5311,47.9515],[23.5426,47.9414],[23.5518,47.9383],[23.5647,47.9434],[23.5721,47.9318],[23.5722,47.9265],[23.5811,47.9229],[23.5808,47.9157],[23.588,47.9006],[23.6117,47.8986],[23.6148,47.8934],[23.6132,47.8898],[23.6276,47.8864],[23.6359,47.8755],[23.6387,47.8623],[23.6129,47.8461],[23.609,47.8452],[23.6084,47.851],[23.6024,47.852],[23.5885,47.8448],[23.5832,47.8363],[23.5743,47.8365],[23.5746,47.8237],[23.5612,47.8152],[23.5604,47.8041],[23.5377,47.8024],[23.5324,47.7953],[23.5185,47.796],[23.5092,47.7884],[23.477,47.7815],[23.472,47.7793],[23.4641,47.7669],[23.4511,47.7618],[23.4443,47.7674],[23.4308,47.7703],[23.4263,47.7668],[23.4183,47.7669],[23.4078,47.776],[23.3925,47.7759],[23.3903,47.7797],[23.3716,47.7795],[23.3539,47.7741],[23.3532,47.7771],[23.3475,47.7777],[23.3115,47.7748],[23.3076,47.7786],[23.3086,47.7861],[23.2814,47.7973],[23.2729,47.7944],[23.2618,47.7973],[23.2602,47.7893],[23.2489,47.7872],[23.2248,47.7664],[23.2354,47.7656],[23.2297,47.7639],[23.236,47.7549],[23.2338,47.7421],[23.2301,47.7392],[23.2411,47.7318],[23.2424,47.7236],[23.248,47.723],[23.255,47.7273],[23.275,47.7219],[23.291,47.7277],[23.296,47.7242],[23.2946,47.7186],[23.305,47.7123],[23.3145,47.7129],[23.3273,47.7085],[23.3406,47.715],[23.3429,47.7069],[23.3627,47.6999],[23.3641,47.6861],[23.3795,47.69],[23.3878,47.6848],[23.3734,47.6766],[23.3717,47.6729],[23.374,47.6709],[23.3633,47.6654],[23.3582,47.6741],[23.3532,47.6721],[23.356,47.6677],[23.3518,47.6621],[23.344,47.6612],[23.3343,47.6525],[23.3352,47.6474],[23.34,47.6438],[23.3313,47.6393],[23.3141,47.6378],[23.3071,47.6337],[23.3039,47.6272],[23.2875,47.6302],[23.285,47.6148],[23.2794,47.6114],[23.2887,47.6006],[23.2864,47.581],[23.2814,47.5769],[23.2594,47.5799],[23.2572,47.5718],[23.2607,47.5605],[23.2574,47.5503],[23.2339,47.5503],[23.2126,47.5634],[23.2112,47.5709],[23.1869,47.5811],[23.1905,47.5868],[23.1856,47.5872],[23.1819,47.5921],[23.167,47.5936],[23.1435,47.6238],[23.1404,47.6241],[23.122,47.6145],[23.1153,47.6044],[23.0874,47.5815],[23.0654,47.5714],[23.0592,47.56],[23.053,47.5552],[23.0529,47.5437],[23.0494,47.5392],[23.0519,47.5287],[23.0421,47.5079],[23.0464,47.4878],[23.0309,47.4857],[23.0162,47.4879],[23.0118,47.4929],[23.0008,47.4905],[22.9941,47.4935],[22.987,47.4834],[22.9741,47.4872],[22.9632,47.4865],[22.9615,47.4785],[22.9655,47.4746],[22.971,47.4765],[22.9745,47.4704],[22.9717,47.4671],[22.984,47.4693],[22.981,47.4654],[22.9834,47.4606],[22.9772,47.459],[22.975,47.4613],[22.9653,47.4557],[22.9669,47.4449],[22.9642,47.4394],[22.9979,47.4307],[23.0169,47.433],[23.0237,47.4294],[23.0324,47.4145],[23.045,47.4128],[23.0357,47.4173],[23.0488,47.4369],[23.0581,47.4367],[23.061,47.4413],[23.0662,47.4399],[23.079,47.4449],[23.096,47.4379],[23.1061,47.4424],[23.116,47.4314],[23.1183,47.417],[23.1124,47.4109],[23.1201,47.4087],[23.1191,47.3956],[23.1083,47.396],[23.0899,47.3846],[23.0976,47.3799],[23.0959,47.3771],[23.1041,47.3735],[23.0871,47.3634],[23.079,47.3661],[23.0738,47.3637],[23.0738,47.3603],[23.0626,47.3603],[23.0592,47.3566],[23.06,47.3519],[23.0548,47.3531],[23.0542,47.3505],[23.0464,47.3572],[23.0421,47.3554],[23.0386,47.3593],[23.0204,47.3569],[23.0178,47.3637],[23.003,47.369],[22.9974,47.3615],[22.9898,47.3615],[22.9766,47.352],[22.9565,47.3601],[22.936,47.3749],[22.9374,47.3811],[22.9324,47.3812],[22.9331,47.3927],[22.9206,47.3946],[22.9248,47.4016],[22.9185,47.4017],[22.9203,47.4096],[22.9156,47.4099],[22.9161,47.4136],[22.8654,47.418],[22.8612,47.4123],[22.8594,47.4176],[22.8488,47.419],[22.8478,47.4222],[22.833,47.4181],[22.8108,47.3999],[22.801,47.4092],[22.8019,47.4116],[22.7865,47.4173],[22.7779,47.4164],[22.7785,47.4194],[22.7682,47.4186],[22.7611,47.4161],[22.758,47.4095],[22.749,47.4053],[22.7479,47.4079],[22.7334,47.405],[22.7365,47.4012],[22.7228,47.3927],[22.6935,47.3862],[22.6737,47.3766],[22.67,47.3803],[22.6574,47.3746],[22.6454,47.3742],[22.6408,47.3663],[22.6423,47.3609],[22.6297,47.3498],[22.6339,47.346],[22.635,47.3355],[22.6314,47.3419],[22.6275,47.3413],[22.6271,47.3349],[22.6127,47.3348],[22.6091,47.3429],[22.5971,47.3474],[22.5848,47.358],[22.57,47.3571],[22.5711,47.3625],[22.5754,47.3618],[22.5772,47.3663],[22.5597,47.3802],[22.5684,47.3834],[22.566,47.3919],[22.551,47.401],[22.5307,47.3992],[22.5332,47.4073],[22.5294,47.4186],[22.5118,47.4233],[22.5086,47.4177],[22.5019,47.4175],[22.5033,47.4235],[22.4911,47.4254],[22.4739,47.4212],[22.4593,47.4319],[22.4398,47.4276],[22.4328,47.422],[22.4213,47.4321],[22.409,47.4304],[22.4073,47.4339],[22.3816,47.4272],[22.3581,47.4295],[22.3521,47.434],[22.341,47.4556],[22.3446,47.4564],[22.3407,47.4656],[22.341,47.4908],[22.3264,47.4993],[22.2883,47.5065],[22.2922,47.5093],[22.2861,47.5157],[22.2956,47.5196],[22.2924,47.5227],[22.2897,47.5405],[22.2854,47.5349],[22.2557,47.5398],[22.2616,47.5549],[22.257,47.5608],[22.261,47.5643],[22.2567,47.5668],[22.249,47.5637],[22.2441,47.5675],[22.2362,47.5653],[22.2301,47.582],[22.2243,47.5865],[22.2135,47.5859],[22.2073,47.5964],[22.2003,47.5991],[22.1808,47.6001],[22.183,47.6064],[22.1899,47.6119],[22.2033,47.6549],[22.2116,47.6539],[22.2221,47.6621],[22.2201,47.6637],[22.2251,47.6807],[22.2228,47.6826],[22.2259,47.688],[22.231,47.6933],[22.254,47.6951],[22.259,47.6984],[22.2622,47.7137],[22.2593,47.7174],[22.2645,47.7312],[22.2854,47.7294],[22.3032,47.7371],[22.3061,47.7414],[22.3174,47.7433],[22.3209,47.755],[22.3172,47.7659],[22.3304,47.7651],[22.3463,47.7529],[22.357,47.749],[22.3867,47.7453],[22.4104,47.7467],[22.4115,47.7424],[22.4301,47.741],[22.4258,47.7501],[22.427,47.7545],[22.4326,47.762],[22.441,47.7919],[22.4479,47.8031],[22.467,47.8051],[22.4815,47.811],[22.5399,47.782],[22.5495,47.7727],[22.6115,47.772],[22.6155,47.7773],[22.627,47.7761],[22.6368,47.7807],[22.6467,47.7791],[22.6601,47.7819],[22.6707,47.7882],[22.6802,47.7877],[22.7014,47.815],[22.6997,47.8184],[22.7094,47.8239],[22.7114,47.8349],[22.7224,47.8384],[22.756,47.8348],[22.7661,47.8419],[22.7769,47.8427],[22.7775,47.8521],[22.773,47.8631],[22.7621,47.867],[22.7685,47.8786],[22.7582,47.886],[22.7582,47.8935],[22.7832,47.8938],[22.793,47.891],[22.8256,47.9077],[22.847,47.9081],[22.8664,47.9249],[22.8665,47.929],[22.8726,47.9324],[22.8727,47.9363],[22.8798,47.9435],[22.885,47.9447],[22.8867,47.9515],[22.8947,47.9519],[22.9077,47.9601],[22.9111,47.9571],[22.9129,47.9603],[22.9145,47.9572],[22.9171,47.9605],[22.9193,47.9569],[22.9204,47.9597],[22.93,47.9593],[22.9479,47.9671],[22.9428,47.9723],[22.9359,47.9987],[22.9231,48.0022],[22.9201,48.0069],[22.9219,48.0145],[22.927,48.0192],[22.9443,48.0166],[22.9612,48.0075],[22.9629,48.0116],[22.9778,48.0099],[22.9768,48.0068],[22.9925,48.0046],[22.9967,47.996],[23.0061,47.9956],[23.0136,47.9905],[23.0243,47.9917],[23.0305,48.0004],[23.057,48.0034],[23.0656,48.0078],[23.091,48.0054],[23.0979,48.0158],[23.0903,48.0165],[23.0898,48.0195],[23.1014,48.026],[23.1092,48.0353],[23.1092,48.0383],[23.0981,48.0442],[23.1124,48.0544],[23.1093,48.0581],[23.1124,48.0618],[23.1064,48.0659],[23.1137,48.0694],[23.118,48.0767],[23.1233,48.0774],[23.1236,48.0818],[23.114,48.0862],[23.1303,48.0957],[23.1391,48.0947],[23.1464,48.0998],[23.151,48.1126],[23.1656,48.1153],[23.1666,48.12],[23.1812,48.1173],[23.1817,48.1119],[23.1885,48.1087],[23.1852,48.1035],[23.1892,48.0977],[23.2464,48.0919],[23.2518,48.1008],[23.2678,48.1001],[23.2695,48.0852],[23.281,48.0819],[23.2922,48.0731],[23.2859,48.0705],[23.2768,48.0576],[23.2939,48.0444],[23.3028,48.0421],[23.3144,48.0447],[23.3251,48.0361],[23.3326,48.0384],[23.3375,48.0364],[23.3308,48.0326],[23.3285,48.0261],[23.3319,48.0206],[23.3385,48.0182],[23.3506,48.0203],[23.3573,48.0143],[23.3734,48.0098],[23.3767,48.0069],[23.3758,48.0036],[23.3994,48.0012],[23.4034,47.999],[23.4016,47.995],[23.405,47.9918],[23.4174,47.9867],[23.4336,47.9905],[23.4365,47.983],[23.4462,47.9812],[23.4497,47.9762],[23.4804,47.9733],[23.4936,47.9678]]]}},{"type":"Feature","properties":{"name":"Sibiu","code":"SB"},"geometry":{"type":"Polygon","coordinates":[[[24.9466,46.0791],[24.9497,46.0767],[24.9485,46.0727],[24.9652,46.0618],[24.945,46.0558],[24.9451,46.0512],[24.9348,46.05],[24.9294,46.0446],[24.9189,46.0437],[24.9077,46.0381],[24.8985,46.0414],[24.8894,46.0397],[24.885,46.0327],[24.8755,46.0299],[24.8655,46.0097],[24.8341,46.0063],[24.8212,46.0101],[24.8195,46.0055],[24.8252,45.996],[24.8389,45.9865],[24.8355,45.9778],[24.7918,45.973],[24.7687,45.9756],[24.7718,45.9626],[24.7525,45.9439],[24.7489,45.935],[24.7209,45.9459],[24.7029,45.9401],[24.6998,45.9319],[24.7073,45.9278],[24.7068,45.9183],[24.7122,45.9114],[24.7118,45.9023],[24.7161,45.8945],[24.7259,45.8917],[24.7508,45.8767],[24.7552,45.871],[24.7712,45.8681],[24.7762,45.8613],[24.7698,45.857],[24.7752,45.8504],[24.7735,45.8397],[24.7535,45.8424],[24.7422,45.8408],[24.7343,45.8361],[24.7183,45.8409],[24.7169,45.8384],[24.7219,45.8354],[24.7251,45.8266],[24.7229,45.8207],[24.7134,45.8162],[24.7094,45.8166],[24.7003,45.8283],[24.6881,45.8364],[24.6831,45.8321],[24.6843,45.8245],[24.6778,45.8247],[24.661,45.8176],[24.6552,45.8119],[24.6576,45.8082],[24.6432,45.803],[24.6416,45.8001],[24.6442,45.7973],[24.6392,45.7951],[24.6443,45.7911],[24.6445,45.7865],[24.6416,45.7854],[24.6454,45.7677],[24.6429,45.7655],[24.648,45.7632],[24.6596,45.7484],[24.6722,45.7201],[24.6816,45.7096],[24.677,45.6922],[24.6784,45.6862],[24.6746,45.684],[24.6807,45.6804],[24.683,45.6707],[24.6773,45.6632],[24.6784,45.6466],[24.6693,45.6398],[24.6749,45.6161],[24.6825,45.6108],[24.6849,45.6041],[24.671,45.5946],[24.6595,45.597],[24.6582,45.6031],[24.6493,45.6016],[24.6424,45.6041],[24.6325,45.6012],[24.6262,45.6039],[24.6225,45.5995],[24.6066,45.5988],[24.6019,45.5946],[24.5966,45.5962],[24.5894,45.5895],[24.5659,45.5791],[24.5537,45.5877],[24.5231,45.5806],[24.5115,45.5868],[24.4814,45.5725],[24.4777,45.5816],[24.4614,45.5809],[24.4465,45.5909],[24.4373,45.5878],[24.4324,45.5812],[24.3864,45.5839],[24.3582,45.5763],[24.3421,45.5762],[24.337,45.5725],[24.3324,45.576],[24.3344,45.5819],[24.3112,45.5678],[24.2853,45.5618],[24.2766,45.5552],[24.266,45.5558],[24.2668,45.5494],[24.2573,45.5431],[24.2267,45.5472],[24.2254,45.5405],[24.212,45.5313],[24.2121,45.5262],[24.205,45.5236],[24.1836,45.5218],[24.1722,45.5144],[24.1589,45.5137],[24.1565,45.5174],[24.1466,45.5122],[24.1282,45.5143],[24.1202,45.5127],[24.1188,45.5088],[24.1138,45.5125],[24.0796,45.5125],[24.0363,45.5228],[24.0217,45.531],[24.0113,45.5319],[24.001,45.5266],[23.9863,45.5328],[23.9741,45.5337],[23.9635,45.5304],[23.9223,45.536],[23.9047,45.5289],[23.8809,45.5269],[23.8734,45.5228],[23.8579,45.535],[23.8199,45.5293],[23.805,45.532],[23.7948,45.5302],[23.7712,45.5107],[23.7626,45.5108],[23.7414,45.5012],[23.7214,45.5024],[23.7036,45.4968],[23.6975,45.4986],[23.6651,45.4934],[23.654,45.5052],[23.6505,45.5164],[23.6523,45.52],[23.6452,45.5237],[23.6478,45.5271],[23.638,45.5354],[23.6361,45.544],[23.6106,45.5636],[23.6158,45.5667],[23.618,45.5809],[23.6294,45.5885],[23.6437,45.5884],[23.6527,45.6013],[23.6467,45.6033],[23.6432,45.6111],[23.6366,45.6118],[23.6323,45.6216],[23.6334,45.6287],[23.6445,45.6299],[23.6449,45.6401],[23.6254,45.6589],[23.6163,45.6604],[23.6126,45.6652],[23.5927,45.6737],[23.5907,45.6763],[23.5965,45.6789],[23.5968,45.6829],[23.6109,45.6876],[23.6103,45.6907],[23.5977,45.6945],[23.5889,45.7027],[23.5936,45.7058],[23.5966,45.7035],[23.5982,45.7068],[23.5957,45.7083],[23.6047,45.7162],[23.6011,45.7229],[23.6098,45.723],[23.6099,45.7265],[23.6196,45.7355],[23.6154,45.7392],[23.6223,45.7505],[23.6319,45.7523],[23.645,45.7457],[23.6594,45.7612],[23.6745,45.7495],[23.659,45.7633],[23.6492,45.7657],[23.6492,45.7702],[23.6432,45.7718],[23.6387,45.7781],[23.6279,45.7793],[23.622,45.7833],[23.6245,45.7944],[23.6147,45.7961],[23.6166,45.8019],[23.6249,45.8083],[23.6439,45.8044],[23.6496,45.8076],[23.6756,45.8049],[23.6792,45.8076],[23.6875,45.8026],[23.6877,45.8077],[23.6957,45.8089],[23.6943,45.8251],[23.6993,45.8287],[23.719,45.8239],[23.7159,45.8251],[23.7166,45.8303],[23.7213,45.8332],[23.7345,45.8307],[23.7327,45.8382],[23.7271,45.8401],[23.7269,45.8481],[23.7327,45.8428],[23.7477,45.8618],[23.7734,45.8807],[23.7665,45.8885],[23.7498,45.8852],[23.7444,45.8926],[23.7304,45.8972],[23.7271,45.9026],[23.7352,45.906],[23.73,45.9098],[23.7354,45.9116],[23.7331,45.9143],[23.7498,45.9222],[23.7589,45.9201],[23.7894,45.9283],[23.798,45.9247],[23.797,45.9223],[23.805,45.9238],[23.804,45.9287],[23.8164,45.9232],[23.8249,45.931],[23.8272,45.9404],[23.8355,45.943],[23.8373,45.9514],[23.85,45.959],[23.8608,45.9538],[23.8616,45.9497],[23.8701,45.9487],[23.8745,45.9584],[23.873,45.9615],[23.8636,45.963],[23.8609,45.9805],[23.8544,45.9814],[23.8562,45.9826],[23.8524,45.9855],[23.8569,46.0009],[23.8512,46.0019],[23.8518,46.0085],[23.8457,46.0078],[23.8795,46.0361],[23.8828,46.0343],[23.8913,46.0447],[23.9008,46.0409],[23.9129,46.0411],[23.9197,46.0437],[23.9224,46.0486],[23.928,46.0488],[23.9337,46.0437],[23.9319,46.0394],[23.9369,46.0378],[23.9569,46.0363],[23.9643,46.0406],[23.9661,46.0373],[23.9632,46.0342],[23.9678,46.034],[23.9796,46.0382],[23.9845,46.0347],[23.9768,46.0294],[23.9908,46.0183],[23.9877,46.018],[23.9898,46.0092],[24.0001,45.9981],[24.0065,46.0007],[24.005,46.0119],[24.0074,46.0167],[24.0269,46.0285],[24.0185,46.0389],[24.0324,46.0408],[24.0269,46.0628],[24.0325,46.0727],[24.0441,46.0803],[24.0425,46.0965],[24.0583,46.0845],[24.076,46.0942],[24.0678,46.0948],[24.0771,46.0981],[24.0754,46.1016],[24.0825,46.1019],[24.0809,46.1037],[24.0859,46.1069],[24.0903,46.1166],[24.1033,46.1221],[24.1189,46.1348],[24.1379,46.1378],[24.1516,46.1349],[24.1913,46.1529],[24.2133,46.1542],[24.2168,46.164],[24.2095,46.1742],[24.1927,46.178],[24.1876,46.1833],[24.1956,46.2045],[24.1947,46.2087],[24.1988,46.2123],[24.1904,46.224],[24.2098,46.2334],[24.2193,46.2303],[24.2288,46.2313],[24.2516,46.2404],[24.2294,46.25],[24.2277,46.2552],[24.2313,46.2596],[24.2491,46.2502],[24.2643,46.2534],[24.2651,46.2666],[24.2733,46.2676],[24.2729,46.2764],[24.2876,46.2841],[24.2991,46.2551],[24.3122,46.2522],[24.3296,46.2547],[24.3377,46.2499],[24.3454,46.2544],[24.3532,46.2542],[24.3634,46.247],[24.3789,46.2437],[24.3887,46.2534],[24.4002,46.2521],[24.4091,46.2613],[24.42,46.2653],[24.4317,46.2626],[24.4352,46.2582],[24.4492,46.2612],[24.4596,46.2558],[24.464,46.2556],[24.4666,46.262],[24.4887,46.2589],[24.4973,46.2528],[24.4939,46.2431],[24.4976,46.2425],[24.5155,46.2539],[24.5354,46.2506],[24.5398,46.2608],[24.5476,46.2608],[24.5496,46.257],[24.5627,46.2577],[24.5689,46.2667],[24.5671,46.2708],[24.5697,46.2747],[24.5744,46.2733],[24.5733,46.2706],[24.5772,46.2681],[24.5889,46.2707],[24.5908,46.2684],[24.5902,46.2715],[24.5936,46.2713],[24.6046,46.2516],[24.6237,46.2514],[24.6254,46.2571],[24.6221,46.2589],[24.6323,46.2624],[24.6304,46.2662],[24.6326,46.2705],[24.6395,46.2716],[24.6462,46.2793],[24.6581,46.2781],[24.666,46.281],[24.6676,46.2699],[24.6726,46.2618],[24.6699,46.2561],[24.6764,46.2497],[24.6718,46.244],[24.6694,46.2282],[24.6639,46.2288],[24.6671,46.2329],[24.6591,46.2332],[24.6563,46.2375],[24.6506,46.232],[24.6542,46.2267],[24.6653,46.2264],[24.6736,46.2189],[24.6774,46.2146],[24.6758,46.2086],[24.684,46.1965],[24.6826,46.1833],[24.674,46.1684],[24.6802,46.1586],[24.6799,46.1483],[24.6761,46.1486],[24.6686,46.1376],[24.6772,46.1285],[24.6725,46.1216],[24.6765,46.1128],[24.6732,46.1114],[24.6755,46.1086],[24.6727,46.1035],[24.6916,46.0943],[24.6956,46.0831],[24.7163,46.0764],[24.7216,46.0836],[24.7377,46.0893],[24.7477,46.0895],[24.7598,46.0849],[24.7696,46.0868],[24.7765,46.0935],[24.7754,46.1019],[24.8049,46.0925],[24.8183,46.0943],[24.8419,46.107],[24.8631,46.1109],[24.9004,46.1062],[24.8999,46.0923],[24.9185,46.0794],[24.9466,46.0791]]]}},{"type":"Feature","properties":{"name":"Suceava","code":"SV"},"geometry":{"type":"Polygon","coordinates":[[[26.0988,47.9788],[26.1216,47.9703],[26.1099,47.9626],[26.1311,47.9533],[26.1229,47.9456],[26.1286,47.9422],[26.1239,47.9361],[26.126,47.9327],[26.1397,47.929],[26.1454,47.9313],[26.1478,47.9243],[26.1633,47.9283],[26.1671,47.9202],[26.184,47.9199],[26.1829,47.9107],[26.1918,47.9086],[26.1826,47.9002],[26.1838,47.8929],[26.1948,47.8917],[26.1994,47.8844],[26.2064,47.8868],[26.2024,47.8881],[26.2033,47.8908],[26.2131,47.8889],[26.2152,47.8946],[26.2249,47.8946],[26.2256,47.8996],[26.2288,47.9001],[26.2409,47.8913],[26.2484,47.8904],[26.2496,47.8853],[26.2596,47.8857],[26.2631,47.8795],[26.2728,47.8757],[26.2714,47.8712],[26.2645,47.8709],[26.2641,47.8685],[26.2702,47.8674],[26.2817,47.8568],[26.2906,47.8645],[26.2948,47.8614],[26.2948,47.8557],[26.3036,47.8554],[26.311,47.849],[26.3028,47.8456],[26.3066,47.8412],[26.3008,47.8399],[26.3005,47.8358],[26.3057,47.8325],[26.3071,47.8366],[26.3123,47.8368],[26.3109,47.829],[26.3247,47.8312],[26.3241,47.8273],[26.3165,47.8265],[26.3176,47.8198],[26.324,47.8194],[26.3183,47.8148],[26.3244,47.811],[26.3242,47.808],[26.3325,47.8055],[26.3324,47.7995],[26.339,47.7996],[26.3421,47.7941],[26.3544,47.791],[26.3531,47.7849],[26.3606,47.7861],[26.3611,47.7808],[26.3657,47.7801],[26.3696,47.7741],[26.3716,47.7767],[26.3756,47.7737],[26.4063,47.7841],[26.404,47.78],[26.4077,47.7788],[26.4046,47.7779],[26.405,47.7714],[26.4022,47.7703],[26.4061,47.7678],[26.4024,47.7663],[26.4063,47.754],[26.3908,47.7451],[26.3957,47.7423],[26.3921,47.7383],[26.4001,47.733],[26.3971,47.7414],[26.4061,47.7419],[26.4205,47.7483],[26.4277,47.7406],[26.4399,47.743],[26.4323,47.7263],[26.4461,47.7336],[26.4676,47.7159],[26.4592,47.7138],[26.4635,47.7069],[26.5075,47.6635],[26.4967,47.6587],[26.5053,47.6595],[26.5032,47.6549],[26.5199,47.6518],[26.5177,47.6476],[26.5362,47.6486],[26.5438,47.644],[26.5447,47.6407],[26.5371,47.6379],[26.5367,47.6347],[26.5428,47.6318],[26.5372,47.6283],[26.5361,47.6194],[26.5468,47.618],[26.547,47.6122],[26.5521,47.6088],[26.5457,47.6058],[26.5482,47.6002],[26.5373,47.5984],[26.5399,47.5955],[26.5445,47.5968],[26.5441,47.5936],[26.548,47.5912],[26.548,47.5867],[26.5417,47.5826],[26.5581,47.5791],[26.5561,47.5754],[26.5646,47.5648],[26.5631,47.5562],[26.5688,47.555],[26.5687,47.5486],[26.5825,47.539],[26.5801,47.5375],[26.5823,47.536],[26.578,47.5354],[26.604,47.5325],[26.6048,47.5206],[26.5545,47.5098],[26.5522,47.5132],[26.5504,47.5117],[26.5527,47.5086],[26.551,47.5042],[26.5577,47.504],[26.5606,47.4956],[26.5705,47.4993],[26.58,47.4978],[26.5807,47.4924],[26.5893,47.4904],[26.5879,47.4779],[26.5914,47.47],[26.5866,47.463],[26.5964,47.463],[26.599,47.4597],[26.6305,47.4691],[26.7006,47.4717],[26.6953,47.465],[26.6951,47.4595],[26.6872,47.4628],[26.6815,47.4615],[26.6804,47.4398],[26.687,47.4369],[26.6919,47.4256],[26.7013,47.4198],[26.7043,47.4151],[26.7034,47.4088],[26.696,47.4008],[26.6901,47.4041],[26.6889,47.4141],[26.6795,47.4134],[26.6691,47.4063],[26.644,47.3988],[26.6512,47.3958],[26.6503,47.3906],[26.6575,47.3931],[26.6701,47.3851],[26.6692,47.3807],[26.6766,47.379],[26.679,47.376],[26.6774,47.3725],[26.6632,47.3678],[26.6721,47.3643],[26.6799,47.3681],[26.6841,47.3651],[26.6812,47.3614],[26.6096,47.3553],[26.5993,47.3674],[26.5706,47.3763],[26.5709,47.3894],[26.5329,47.3898],[26.5267,47.3996],[26.5275,47.4046],[26.493,47.3923],[26.4947,47.3842],[26.5051,47.3767],[26.5068,47.3724],[26.5026,47.3719],[26.5089,47.3631],[26.4988,47.3618],[26.5019,47.3568],[26.4977,47.3563],[26.497,47.3499],[26.502,47.3505],[26.5109,47.3353],[26.5213,47.3402],[26.5413,47.3154],[26.5502,47.3179],[26.5529,47.3149],[26.5497,47.3131],[26.5505,47.3099],[26.5635,47.3151],[26.5742,47.3064],[26.5699,47.2969],[26.5641,47.2967],[26.5629,47.2924],[26.5463,47.3008],[26.5078,47.2717],[26.5001,47.2836],[26.4826,47.2883],[26.4815,47.293],[26.4443,47.3167],[26.4365,47.3273],[26.4055,47.3403],[26.3813,47.3294],[26.3757,47.3332],[26.371,47.3322],[26.3672,47.3285],[26.3735,47.327],[26.3645,47.3199],[26.3581,47.3198],[26.3581,47.3224],[26.2771,47.2951],[26.283,47.2914],[26.2786,47.2861],[26.2671,47.2819],[26.2634,47.2844],[26.2521,47.2796],[26.2427,47.281],[26.2263,47.2914],[26.2097,47.2939],[26.2061,47.2988],[26.1859,47.3074],[26.1726,47.2965],[26.1371,47.2886],[26.1252,47.2973],[26.1092,47.2923],[26.1045,47.2878],[26.0942,47.2877],[26.0563,47.2746],[26.0386,47.2798],[26.0249,47.2894],[26.0083,47.2834],[25.9786,47.2887],[25.9639,47.2811],[25.9323,47.2771],[25.9314,47.2686],[25.9236,47.2592],[25.9005,47.262],[25.8874,47.2709],[25.8819,47.284],[25.8733,47.288],[25.8701,47.2937],[25.8577,47.2946],[25.8353,47.3119],[25.8184,47.3114],[25.8098,47.3161],[25.773,47.3209],[25.7639,47.3176],[25.7775,47.308],[25.7893,47.2866],[25.8047,47.2802],[25.809,47.2711],[25.8062,47.2684],[25.813,47.2602],[25.7882,47.2386],[25.7741,47.2357],[25.7681,47.2308],[25.7534,47.2294],[25.7501,47.2249],[25.7431,47.2263],[25.7349,47.2164],[25.729,47.2171],[25.7295,47.2037],[25.7182,47.2006],[25.716,47.1971],[25.7171,47.1853],[25.7223,47.1798],[25.7211,47.175],[25.7005,47.1707],[25.6979,47.1638],[25.6918,47.1588],[25.6905,47.1547],[25.6978,47.1434],[25.674,47.129],[25.674,47.1216],[25.664,47.1194],[25.6659,47.1079],[25.6596,47.0959],[25.6616,47.0917],[25.6522,47.0872],[25.6401,47.0933],[25.6238,47.095],[25.6137,47.0838],[25.6016,47.0773],[25.5744,47.0847],[25.5523,47.0812],[25.5356,47.0835],[25.532,47.0867],[25.5315,47.097],[25.5274,47.1001],[25.5303,47.1105],[25.517,47.119],[25.5052,47.1181],[25.4963,47.1282],[25.4782,47.1336],[25.4713,47.1398],[25.458,47.1444],[25.4512,47.1535],[25.4455,47.1533],[25.4265,47.1697],[25.4277,47.1808],[25.4251,47.1839],[25.4038,47.1784],[25.3887,47.1808],[25.3742,47.1753],[25.3585,47.1797],[25.3532,47.1751],[25.3246,47.166],[25.305,47.1651],[25.2944,47.1559],[25.2961,47.1482],[25.2872,47.1332],[25.2967,47.1214],[25.2959,47.1153],[25.2794,47.1037],[25.2643,47.1037],[25.2467,47.0979],[25.2334,47.0983],[25.2264,47.1081],[25.1999,47.1136],[25.1823,47.128],[25.1731,47.1306],[25.1644,47.1297],[25.1441,47.1132],[25.1383,47.1167],[25.1295,47.1164],[25.1249,47.1232],[25.1097,47.1197],[25.0944,47.1205],[25.0634,47.1366],[25.0661,47.1428],[25.0576,47.1506],[25.0672,47.1668],[25.0613,47.1853],[25.0566,47.188],[25.0583,47.2014],[25.0443,47.2161],[25.0593,47.2345],[25.0749,47.2462],[25.0796,47.2586],[25.0513,47.2702],[25.0384,47.283],[25.0281,47.2868],[25.0474,47.3036],[25.0586,47.3044],[25.0622,47.3097],[25.0775,47.3117],[25.0787,47.3152],[25.0747,47.3214],[25.0764,47.3269],[25.0727,47.3295],[25.0771,47.3408],[25.0651,47.3464],[25.0605,47.3529],[25.0643,47.3664],[25.0694,47.3699],[25.0626,47.3792],[25.0528,47.3773],[25.04,47.3804],[25.0347,47.385],[25.0333,47.3943],[25.0013,47.4143],[24.9957,47.4132],[24.9907,47.4184],[24.9856,47.4181],[24.9828,47.424],[24.9995,47.4202],[25.0121,47.4284],[25.0147,47.4334],[25.0267,47.4358],[25.05,47.4184],[25.0583,47.4165],[25.0591,47.4208],[25.0503,47.4255],[25.0524,47.431],[25.0615,47.4334],[25.0623,47.437],[25.0776,47.4382],[25.0909,47.4489],[25.0812,47.454],[25.0662,47.4502],[25.0679,47.453],[25.0633,47.4547],[25.0603,47.4625],[25.047,47.4702],[25.0454,47.481],[25.0615,47.4813],[25.0724,47.4891],[25.0731,47.4934],[25.0938,47.504],[25.0951,47.5162],[25.0814,47.5262],[25.0665,47.5304],[25.0567,47.545],[25.0566,47.5525],[25.052,47.5605],[25.0078,47.5688],[24.9911,47.5805],[24.9897,47.5836],[24.9921,47.5856],[24.9609,47.5969],[24.9565,47.6123],[24.9586,47.6152],[24.975,47.6138],[24.9843,47.6204],[24.9913,47.6204],[24.995,47.6265],[25.0117,47.6337],[25.0257,47.6341],[25.0328,47.6379],[25.0518,47.6406],[25.0564,47.6476],[25.0516,47.6588],[25.0222,47.6664],[25.0174,47.6743],[25.0076,47.6767],[24.9783,47.6975],[24.9603,47.7055],[24.9523,47.7055],[24.9537,47.7122],[24.9478,47.7174],[24.9471,47.7291],[24.9834,47.7295],[24.9949,47.725],[25.007,47.7344],[25.0401,47.7254],[25.0538,47.7464],[25.0651,47.7406],[25.1156,47.7548],[25.1162,47.7679],[25.1341,47.7823],[25.1488,47.792],[25.1533,47.7892],[25.1676,47.7923],[25.1709,47.7966],[25.1669,47.809],[25.1775,47.8141],[25.1802,47.8259],[25.2024,47.8397],[25.2018,47.8503],[25.222,47.8587],[25.2249,47.8729],[25.2216,47.8808],[25.2302,47.8931],[25.2388,47.8959],[25.2449,47.8932],[25.2519,47.8951],[25.2583,47.892],[25.2698,47.8924],[25.3109,47.9144],[25.3401,47.9141],[25.5014,47.9328],[25.5923,47.9384],[25.6255,47.9488],[25.6565,47.9494],[25.7168,47.9408],[25.7206,47.9444],[25.7333,47.9457],[25.7395,47.9416],[25.7746,47.9394],[25.8187,47.9541],[25.826,47.9639],[25.8375,47.9672],[25.8613,47.9702],[25.8919,47.9612],[25.9079,47.9649],[25.9147,47.9774],[25.9405,47.9758],[25.952,47.9709],[26.0611,47.988],[26.0988,47.9788]]]}},{"type":"Feature","properties":{"name":"Timiș","code":"TM"},"geometry":{"type":"Polygon","coordinates":[[[20.7053,46.1613],[20.7162,46.16],[20.7186,46.1486],[20.7278,46.1453],[20.7462,46.148],[20.7727,46.1445],[20.7817,46.1256],[20.7986,46.1208],[20.804,46.1069],[20.833,46.0906],[20.8594,46.0898],[20.8694,46.0826],[20.8891,46.0842],[20.9107,46.0729],[20.9179,46.0743],[20.9219,46.0594],[20.9406,46.0375],[21.0426,46.0361],[21.05,46.0364],[21.0495,46.0395],[21.0687,46.0398],[21.0744,46.0126],[21.0827,46.0131],[21.0849,45.997],[21.1102,45.9771],[21.1195,45.983],[21.1255,45.977],[21.1564,45.994],[21.163,45.9935],[21.172,45.9987],[21.2004,45.9814],[21.242,45.9714],[21.2362,45.9819],[21.2458,45.9789],[21.248,45.9808],[21.2386,45.9825],[21.2383,45.9864],[21.2621,45.9949],[21.2737,46.0153],[21.2846,46.0201],[21.3147,46.0091],[21.318,46.0129],[21.3262,46.0072],[21.3364,46.0074],[21.3461,45.9998],[21.3495,46.0022],[21.3607,45.9954],[21.351,45.9837],[21.3657,45.9819],[21.3631,45.9857],[21.3681,45.9913],[21.3814,46.0003],[21.3888,46.0015],[21.3909,46.0086],[21.3965,46.0055],[21.4213,46.0115],[21.4167,46.0166],[21.4496,46.0293],[21.4337,46.0442],[21.4367,46.0463],[21.4321,46.0572],[21.4353,46.0595],[21.4406,46.0562],[21.4388,46.052],[21.4492,46.0458],[21.4614,46.0558],[21.4772,46.0632],[21.4978,46.0688],[21.515,46.0679],[21.5363,46.033],[21.534,46.0256],[21.5244,46.0184],[21.5242,46.0103],[21.5475,46.0062],[21.5521,45.9951],[21.5606,45.9962],[21.5606,46.0025],[21.5918,45.9946],[21.591,45.9906],[21.618,45.982],[21.6158,45.9773],[21.6215,45.9751],[21.6419,45.974],[21.63,45.9428],[21.6484,45.9475],[21.6549,45.9418],[21.6549,45.9382],[21.662,45.9354],[21.6676,45.9263],[21.663,45.9147],[21.6677,45.9062],[21.6924,45.9163],[21.6932,45.926],[21.7031,45.944],[21.7142,45.955],[21.7139,45.9612],[21.7247,45.9684],[21.7216,45.9758],[21.7366,45.99],[21.7423,45.9785],[21.7626,45.9565],[21.7754,45.9487],[21.7686,45.9393],[21.7718,45.9278],[21.768,45.92],[21.7697,45.9169],[21.8053,45.9211],[21.7994,45.9253],[21.8011,45.9439],[21.8187,45.9491],[21.8166,45.9544],[21.812,45.9536],[21.8153,45.956],[21.811,45.9574],[21.8197,45.9678],[21.8235,45.9619],[21.8376,45.9568],[21.8428,45.95],[21.8514,45.9472],[21.8657,45.9486],[21.8724,45.9587],[21.8935,45.9525],[21.9162,45.9631],[21.9224,45.9707],[21.9197,45.9791],[21.9253,45.9848],[21.9359,45.988],[21.9556,45.9872],[21.9675,45.9944],[21.9872,45.9885],[21.9879,45.9776],[21.9984,45.9679],[22.0089,45.9709],[22.0332,45.9662],[22.0397,45.9685],[22.048,45.9615],[22.0699,45.9591],[22.0928,45.9457],[22.1241,45.9377],[22.1284,45.9333],[22.1256,45.9269],[22.1325,45.9266],[22.1354,45.9228],[22.143,45.9257],[22.1546,45.9209],[22.1727,45.9285],[22.1814,45.9234],[22.2008,45.9226],[22.2046,45.9162],[22.2178,45.9127],[22.2215,45.9032],[22.2261,45.9019],[22.2469,45.9036],[22.2486,45.9147],[22.2454,45.9252],[22.2599,45.9342],[22.2652,45.9348],[22.2707,45.9303],[22.2752,45.9343],[22.2967,45.9308],[22.3121,45.9376],[22.3077,45.9409],[22.3156,45.9623],[22.3155,45.9654],[22.3114,45.9667],[22.3226,45.9718],[22.3394,45.9743],[22.3528,45.9727],[22.3777,45.9643],[22.3823,45.9578],[22.419,45.9376],[22.4188,45.9307],[22.4116,45.9228],[22.4104,45.9071],[22.4008,45.9005],[22.3871,45.8974],[22.3686,45.8836],[22.378,45.8861],[22.3861,45.8839],[22.3913,45.8746],[22.4031,45.8671],[22.4023,45.8607],[22.4106,45.8546],[22.421,45.8576],[22.4256,45.8543],[22.4358,45.8558],[22.4482,45.8478],[22.4622,45.8474],[22.4601,45.8375],[22.4683,45.8345],[22.4763,45.838],[22.4784,45.8078],[22.4701,45.8028],[22.4808,45.7946],[22.4804,45.7868],[22.5002,45.7851],[22.5176,45.7929],[22.5245,45.8001],[22.5342,45.8014],[22.5471,45.7903],[22.5515,45.7786],[22.5394,45.7644],[22.5063,45.7432],[22.4946,45.7426],[22.4856,45.7357],[22.4698,45.7315],[22.465,45.722],[22.4686,45.6937],[22.4507,45.6823],[22.4397,45.6834],[22.4317,45.6799],[22.4265,45.6689],[22.4194,45.6637],[22.4008,45.6688],[22.3893,45.6625],[22.3756,45.6668],[22.3581,45.6673],[22.3495,45.6637],[22.3175,45.6607],[22.2977,45.6365],[22.2955,45.6234],[22.292,45.6202],[22.291,45.6053],[22.2692,45.5846],[22.2528,45.5875],[22.2367,45.6043],[22.2077,45.6057],[22.2043,45.611],[22.1955,45.6126],[22.1888,45.6178],[22.1733,45.6044],[22.1623,45.6077],[22.1501,45.5984],[22.1481,45.616],[22.1432,45.6117],[22.1422,45.6015],[22.1346,45.5941],[22.1264,45.5924],[22.1271,45.5954],[22.1229,45.5959],[22.1149,45.5909],[22.1056,45.5952],[22.074,45.5719],[22.0453,45.5915],[22.0366,45.5871],[22.0492,45.574],[22.0442,45.5718],[22.0495,45.5614],[22.0449,45.5607],[22.0456,45.552],[22.0473,45.5497],[22.0574,45.5521],[22.0665,45.5355],[22.0761,45.5317],[22.0649,45.5287],[22.0663,45.5211],[22.0601,45.5201],[22.0657,45.5147],[22.0643,45.5086],[22.0541,45.5098],[22.0433,45.5053],[22.0428,45.4983],[22.0305,45.4974],[22.0087,45.5103],[22.0071,45.5041],[21.9927,45.5091],[21.9909,45.5031],[21.9749,45.5124],[21.9666,45.5081],[21.9453,45.5057],[21.9412,45.514],[21.9444,45.521],[21.9402,45.5314],[21.9269,45.5422],[21.9205,45.5528],[21.9351,45.5565],[21.9235,45.5669],[21.8717,45.5614],[21.8751,45.5529],[21.8713,45.5471],[21.8766,45.5431],[21.8757,45.5357],[21.8391,45.5362],[21.8314,45.5286],[21.8218,45.5297],[21.817,45.5271],[21.7473,45.5446],[21.7449,45.5522],[21.729,45.5559],[21.7241,45.5628],[21.7049,45.5614],[21.6985,45.5675],[21.7021,45.5737],[21.6938,45.5731],[21.6744,45.5858],[21.6479,45.5802],[21.6284,45.5682],[21.5999,45.5711],[21.5978,45.5566],[21.5778,45.5444],[21.5725,45.5347],[21.5852,45.5304],[21.571,45.5214],[21.5824,45.5142],[21.579,45.5092],[21.5844,45.5093],[21.5726,45.5],[21.5662,45.4964],[21.5591,45.5001],[21.5519,45.4934],[21.5566,45.4901],[21.5466,45.4883],[21.5291,45.4943],[21.5115,45.4936],[21.4939,45.4858],[21.4878,45.4872],[21.4587,45.4768],[21.4642,45.4429],[21.47,45.4416],[21.4718,45.4389],[21.4693,45.4357],[21.4755,45.4312],[21.485,45.4347],[21.4887,45.4186],[21.461,45.4149],[21.4615,45.4112],[21.4405,45.4071],[21.4451,45.3904],[21.4886,45.3531],[21.4924,45.3553],[21.4971,45.3509],[21.4939,45.3429],[21.5259,45.3315],[21.5428,45.2997],[21.5313,45.2914],[21.5515,45.2787],[21.5561,45.2724],[21.5498,45.2678],[21.5343,45.2639],[21.5306,45.2485],[21.5213,45.2449],[21.5263,45.2391],[21.5271,45.2318],[21.5114,45.2176],[21.5043,45.2173],[21.504,45.2128],[21.5099,45.2122],[21.507,45.2119],[21.5075,45.2037],[21.5147,45.2021],[21.5017,45.1999],[21.4973,45.1958],[21.4802,45.1963],[21.4774,45.1945],[21.4792,45.1931],[21.4388,45.2028],[21.4311,45.2129],[21.4122,45.221],[21.4035,45.2292],[21.3954,45.2188],[21.3697,45.2261],[21.3601,45.2221],[21.3379,45.2333],[21.3394,45.2358],[21.3326,45.2345],[21.3256,45.2363],[21.3259,45.2395],[21.3209,45.24],[21.3202,45.2373],[21.2923,45.2423],[21.2752,45.2294],[21.2512,45.2431],[21.2234,45.253],[21.2186,45.2505],[21.2025,45.2652],[21.2086,45.2751],[21.1911,45.2872],[21.1797,45.3117],[21.1833,45.3209],[21.1753,45.3253],[21.1661,45.3196],[21.1616,45.3251],[21.1496,45.3159],[21.1542,45.3124],[21.1445,45.3048],[21.128,45.3047],[21.0966,45.2959],[21.081,45.3178],[21.0709,45.314],[21.0612,45.3159],[21.0634,45.3319],[21.0165,45.3246],[21.0099,45.3413],[20.9961,45.3432],[20.9817,45.3573],[20.9603,45.3668],[20.9508,45.3748],[20.9483,45.3856],[20.9461,45.3837],[20.9312,45.3868],[20.9301,45.3923],[20.9356,45.3928],[20.9314,45.402],[20.924,45.4072],[20.9203,45.4172],[20.9005,45.4169],[20.8647,45.4318],[20.8696,45.433],[20.8663,45.436],[20.8753,45.4386],[20.8722,45.446],[20.8811,45.4462],[20.8776,45.4502],[20.8788,45.4546],[20.8704,45.4558],[20.8712,45.4599],[20.8661,45.4652],[20.8612,45.4652],[20.833,45.48],[20.7711,45.4799],[20.7711,45.4881],[20.777,45.4905],[20.7687,45.5002],[20.8071,45.5158],[20.8328,45.5358],[20.8195,45.5504],[20.8232,45.5519],[20.8113,45.5658],[20.8134,45.568],[20.7953,45.5876],[20.772,45.5828],[20.7658,45.6126],[20.7795,45.6226],[20.7888,45.6455],[20.805,45.6572],[20.8001,45.6716],[20.803,45.682],[20.7961,45.687],[20.8024,45.6998],[20.7988,45.7022],[20.8011,45.7019],[20.8026,45.7378],[20.8081,45.7484],[20.816,45.7493],[20.8231,45.7751],[20.7836,45.7859],[20.7741,45.7545],[20.7327,45.7558],[20.7179,45.7519],[20.718,45.7497],[20.7003,45.7507],[20.6969,45.7605],[20.693,45.7598],[20.6907,45.7663],[20.6947,45.7669],[20.6814,45.7973],[20.6628,45.7941],[20.6571,45.808],[20.6506,45.8116],[20.6604,45.8291],[20.6117,45.8639],[20.5989,45.8616],[20.5944,45.8716],[20.5815,45.8694],[20.5752,45.8787],[20.5746,45.884],[20.5788,45.885],[20.5693,45.9101],[20.5465,45.9059],[20.5496,45.8999],[20.5158,45.8921],[20.5018,45.9106],[20.4829,45.9534],[20.4473,45.9702],[20.4055,45.9652],[20.3483,45.9996],[20.3531,45.9996],[20.3524,46.0039],[20.3577,46.0058],[20.3406,46.0363],[20.3393,46.0414],[20.3459,46.0474],[20.3093,46.0721],[20.3113,46.0736],[20.3022,46.0866],[20.2732,46.0983],[20.2647,46.1088],[20.267,46.1122],[20.2752,46.1125],[20.2831,46.1177],[20.2644,46.118],[20.262,46.1217],[20.2643,46.1263],[20.2702,46.1272],[20.2717,46.1328],[20.2969,46.1522],[20.3092,46.1565],[20.3126,46.1502],[20.3556,46.1697],[20.3685,46.1529],[20.3811,46.1579],[20.3943,46.1526],[20.3975,46.1574],[20.4263,46.1452],[20.4455,46.1418],[20.4592,46.1429],[20.4951,46.1709],[20.4932,46.1737],[20.4963,46.178],[20.4918,46.1807],[20.4979,46.1843],[20.4967,46.1886],[20.5013,46.19],[20.5236,46.1813],[20.5494,46.1769],[20.5506,46.1739],[20.5939,46.1508],[20.6112,46.1444],[20.6374,46.1265],[20.6494,46.1353],[20.6504,46.1447],[20.6542,46.1488],[20.666,46.1511],[20.6856,46.1452],[20.6927,46.1516],[20.6951,46.1587],[20.7053,46.1613]]]}},{"type":"Feature","properties":{"name":"Tulcea","code":"TL"},"geometry":{"type":"Polygon","coordinates":[[[28.9951,44.679],[28.9857,44.6791],[28.9581,44.6943],[28.9146,44.6966],[28.9148,44.6863],[28.8654,44.6641],[28.8243,44.6323],[28.808,44.633],[28.8038,44.639],[28.7989,44.6345],[28.7906,44.6351],[28.7845,44.6413],[28.7849,44.6445],[28.7782,44.6487],[28.7786,44.655],[28.7495,44.6543],[28.7409,44.6468],[28.7331,44.6516],[28.7253,44.6487],[28.7104,44.655],[28.6961,44.6501],[28.6919,44.6529],[28.7015,44.6577],[28.6777,44.6626],[28.683,44.6688],[28.5962,44.6584],[28.5906,44.6542],[28.581,44.6581],[28.536,44.6625],[28.5325,44.6611],[28.5285,44.6359],[28.5208,44.6342],[28.4671,44.6482],[28.4713,44.6534],[28.4692,44.657],[28.4463,44.6647],[28.4483,44.6687],[28.4348,44.6738],[28.4278,44.658],[28.4375,44.6541],[28.4335,44.6495],[28.449,44.643],[28.4359,44.6253],[28.4347,44.6167],[28.4219,44.6159],[28.4198,44.6214],[28.4093,44.6246],[28.412,44.6298],[28.3951,44.6347],[28.4083,44.6489],[28.4044,44.649],[28.3964,44.6388],[28.3869,44.6395],[28.3868,44.6519],[28.3791,44.6526],[28.3774,44.6564],[28.3773,44.6637],[28.3851,44.68],[28.3781,44.6809],[28.3786,44.6842],[28.3746,44.6863],[28.3649,44.6848],[28.3655,44.6916],[28.3498,44.6907],[28.3146,44.6961],[28.327,44.7073],[28.3127,44.7115],[28.2986,44.7069],[28.2918,44.7087],[28.2739,44.6973],[28.2679,44.6992],[28.2792,44.712],[28.2688,44.7122],[28.2747,44.7184],[28.2618,44.7268],[28.2588,44.748],[28.262,44.7477],[28.2627,44.7558],[28.2404,44.7561],[28.2399,44.7647],[28.217,44.7623],[28.2164,44.7539],[28.1945,44.7542],[28.1815,44.7611],[28.1816,44.7854],[28.1535,44.8003],[28.1326,44.8008],[28.1297,44.7978],[28.1215,44.7984],[28.1101,44.7935],[28.0741,44.8039],[28.0764,44.8199],[28.0976,44.8468],[28.1002,44.8616],[28.1124,44.872],[28.134,44.8802],[28.1424,44.89],[28.142,44.893],[28.1281,44.9022],[28.1249,44.922],[28.1333,44.9493],[28.1513,44.9731],[28.15,44.977],[28.1424,44.9792],[28.1285,45.0136],[28.1357,45.0287],[28.1526,45.0367],[28.1374,45.0688],[28.1342,45.0824],[28.1352,45.1001],[28.1404,45.1039],[28.1604,45.1002],[28.1757,45.1019],[28.1792,45.1071],[28.1696,45.1221],[28.1977,45.1375],[28.194,45.1412],[28.1736,45.1473],[28.1409,45.1685],[28.0914,45.1903],[28.1306,45.2338],[28.121,45.243],[28.1151,45.2588],[28.0948,45.2494],[28.0681,45.2522],[28.0229,45.2669],[27.9948,45.2867],[27.9992,45.3082],[28.0093,45.3218],[28.0121,45.3342],[28.0229,45.3525],[28.027,45.3684],[28.0267,45.3935],[28.0306,45.4043],[28.039,45.4159],[28.0542,45.4242],[28.0809,45.4372],[28.0983,45.4411],[28.1308,45.4373],[28.1873,45.413],[28.1922,45.4153],[28.1935,45.4215],[28.1909,45.4413],[28.1938,45.4581],[28.203,45.4669],[28.2108,45.4672],[28.2582,45.457],[28.2795,45.4448],[28.2869,45.4325],[28.2855,45.3998],[28.3265,45.3419],[28.35,45.3199],[28.5324,45.2625],[28.561,45.2496],[28.6328,45.2445],[28.6723,45.2365],[28.6967,45.2263],[28.7104,45.224],[28.7436,45.2334],[28.7816,45.2377],[28.7922,45.2428],[28.7922,45.2496],[28.7872,45.2536],[28.7622,45.2656],[28.7525,45.279],[28.7519,45.2846],[28.7628,45.2911],[28.7905,45.2919],[28.8014,45.3009],[28.8049,45.3113],[28.7804,45.3232],[28.7825,45.3284],[28.794,45.3337],[28.8173,45.3361],[28.8451,45.3181],[28.8735,45.3162],[28.914,45.2877],[28.9324,45.2808],[28.9426,45.2806],[28.9526,45.2873],[28.9541,45.2986],[28.9484,45.3091],[28.965,45.3321],[28.9859,45.3323],[29.0439,45.3608],[29.0569,45.3596],[29.0843,45.3739],[29.1064,45.3748],[29.1192,45.3813],[29.169,45.3951],[29.1809,45.4022],[29.1874,45.4124],[29.2159,45.4192],[29.2426,45.4344],[29.2504,45.4351],[29.2699,45.4278],[29.2858,45.4264],[29.299,45.4302],[29.3221,45.4475],[29.3359,45.4458],[29.3581,45.437],[29.3808,45.4397],[29.398,45.4365],[29.43,45.4427],[29.4392,45.4341],[29.4747,45.423],[29.5449,45.4098],[29.5897,45.39],[29.6301,45.3543],[29.6511,45.3398],[29.669,45.3084],[29.6698,45.2959],[29.6772,45.2769],[29.6778,45.2693],[29.664,45.26],[29.6598,45.2479],[29.6708,45.2206],[29.682,45.2058],[29.6738,45.2061],[29.6627,45.2118],[29.6634,45.2142],[29.6378,45.2244],[29.6285,45.217],[29.6382,45.1765],[29.6423,45.1672],[29.6503,45.1602],[29.6756,45.1601],[29.7053,45.1671],[29.7153,45.1653],[29.7001,45.1621],[29.687,45.1525],[29.6672,45.1239],[29.6603,45.1075],[29.6415,44.9998],[29.6445,44.9982],[29.6268,44.9243],[29.6248,44.8838],[29.6197,44.885],[29.6031,44.8766],[29.6134,44.8568],[29.6174,44.8764],[29.6176,44.8641],[29.6098,44.8467],[29.5936,44.8262],[29.5526,44.7905],[29.5162,44.7756],[29.5,44.7737],[29.4876,44.7758],[29.487,44.7784],[29.5132,44.7781],[29.5253,44.7828],[29.5235,44.7875],[29.5455,44.7894],[29.5518,44.793],[29.5804,44.8153],[29.6093,44.8496],[29.5859,44.8373],[29.5741,44.8391],[29.5635,44.8275],[29.5535,44.8229],[29.5243,44.8245],[29.3899,44.8057],[29.2717,44.7997],[29.22,44.792],[29.1893,44.7818],[29.186,44.7847],[29.1591,44.78],[29.1235,44.7701],[29.0851,44.749],[29.0293,44.7093],[28.9951,44.679]]]}},{"type":"Feature","properties":{"name":"Vaslui","code":"VS"},"geometry":{"type":"Polygon","coordinates":[[[28.1147,46.8376],[28.114,46.8223],[28.1191,46.8187],[28.1253,46.8229],[28.1235,46.8138],[28.1304,46.813],[28.1287,46.8065],[28.1354,46.802],[28.1529,46.7995],[28.1489,46.7938],[28.1556,46.7913],[28.1607,46.7844],[28.1611,46.7911],[28.1648,46.7914],[28.1656,46.7838],[28.1762,46.7785],[28.1606,46.777],[28.1649,46.774],[28.1726,46.7756],[28.1676,46.7699],[28.1776,46.7708],[28.1774,46.7589],[28.1852,46.7597],[28.1816,46.7549],[28.1752,46.7557],[28.1731,46.7505],[28.1833,46.7465],[28.1835,46.7428],[28.178,46.7429],[28.1835,46.7343],[28.1943,46.7345],[28.1951,46.7298],[28.1883,46.7282],[28.1867,46.7237],[28.1935,46.7231],[28.1957,46.7197],[28.202,46.7216],[28.2013,46.7161],[28.209,46.7127],[28.2101,46.7043],[28.2021,46.7001],[28.2148,46.6946],[28.2128,46.688],[28.2079,46.686],[28.214,46.683],[28.2152,46.6882],[28.2201,46.6905],[28.2239,46.6758],[28.2308,46.6737],[28.2303,46.6817],[28.2364,46.679],[28.2351,46.6743],[28.2398,46.6678],[28.235,46.667],[28.2376,46.6512],[28.246,46.6456],[28.2382,46.6443],[28.2447,46.6377],[28.2391,46.6299],[28.2478,46.628],[28.2514,46.6213],[28.249,46.6158],[28.2523,46.6125],[28.2443,46.6072],[28.2502,46.604],[28.2422,46.6016],[28.2383,46.5969],[28.2412,46.5929],[28.2391,46.589],[28.2312,46.5852],[28.2412,46.5811],[28.2229,46.5798],[28.2279,46.5685],[28.2254,46.5639],[28.233,46.5634],[28.2357,46.5519],[28.2267,46.5537],[28.221,46.5466],[28.2231,46.5438],[28.2154,46.5376],[28.2234,46.5337],[28.2272,46.5362],[28.2255,46.5301],[28.2301,46.531],[28.23,46.5267],[28.2247,46.5204],[28.2145,46.5222],[28.2228,46.5113],[28.2151,46.5125],[28.2092,46.5053],[28.2151,46.5029],[28.2115,46.4989],[28.2166,46.4989],[28.2212,46.5032],[28.2234,46.4954],[28.2309,46.4949],[28.2283,46.4894],[28.232,46.4841],[28.2252,46.4794],[28.2353,46.4758],[28.2425,46.4791],[28.2464,46.4757],[28.2448,46.4693],[28.2521,46.4675],[28.2455,46.4637],[28.2581,46.4623],[28.2401,46.452],[28.2421,46.4475],[28.2571,46.4474],[28.261,46.4376],[28.255,46.4331],[28.2586,46.4268],[28.2502,46.4207],[28.2503,46.4158],[28.2341,46.4169],[28.2301,46.4144],[28.2311,46.4076],[28.2388,46.4068],[28.2349,46.4035],[28.2276,46.4036],[28.2249,46.3994],[28.2384,46.4006],[28.2429,46.395],[28.2347,46.39],[28.2178,46.396],[28.216,46.3917],[28.2237,46.3886],[28.2178,46.3833],[28.2219,46.3818],[28.2142,46.3816],[28.2089,46.3728],[28.2009,46.3744],[28.1976,46.3706],[28.2074,46.3693],[28.2039,46.3668],[28.2063,46.3647],[28.1991,46.3651],[28.2008,46.3592],[28.2083,46.3591],[28.1993,46.3565],[28.1926,46.3596],[28.1912,46.3552],[28.195,46.3494],[28.1856,46.3513],[28.1886,46.3535],[28.183,46.3527],[28.1883,46.3449],[28.1943,46.3427],[28.1943,46.3473],[28.1997,46.3435],[28.1952,46.3391],[28.1972,46.3342],[28.1885,46.3374],[28.1841,46.3329],[28.1923,46.3302],[28.1865,46.3268],[28.1928,46.3232],[28.1972,46.3283],[28.2017,46.3203],[28.209,46.3207],[28.2037,46.312],[28.1954,46.3031],[28.1783,46.2999],[28.1796,46.2958],[28.1871,46.2934],[28.1855,46.2905],[28.1793,46.2906],[28.1806,46.2855],[28.173,46.2902],[28.177,46.2948],[28.1725,46.2981],[28.1691,46.2943],[28.1692,46.2825],[28.1629,46.2819],[28.1649,46.2863],[28.1566,46.2864],[28.154,46.2918],[28.1496,46.2922],[28.1526,46.279],[28.1442,46.2786],[28.1473,46.2861],[28.1396,46.2848],[28.1368,46.2801],[28.1361,46.2644],[28.1265,46.262],[28.1303,46.2564],[28.1417,46.2574],[28.1465,46.2519],[28.1384,46.2478],[28.1338,46.2511],[28.1227,46.2416],[28.1189,46.243],[28.1192,46.2387],[28.1141,46.246],[28.11,46.2429],[28.1117,46.2316],[28.1064,46.2216],[28.112,46.2197],[28.1079,46.2146],[28.1149,46.2111],[28.1098,46.2048],[28.1142,46.202],[28.1178,46.2054],[28.1168,46.2114],[28.1235,46.2109],[28.1257,46.2037],[28.1176,46.1956],[28.118,46.1922],[28.1345,46.1955],[28.1412,46.1921],[28.1414,46.1854],[28.1397,46.183],[28.1317,46.186],[28.1312,46.1833],[28.1441,46.1793],[28.1409,46.176],[28.1281,46.1778],[28.1428,46.1643],[28.1364,46.1622],[28.1323,46.1543],[28.1268,46.1555],[28.1243,46.1517],[28.1236,46.1475],[28.1292,46.1442],[28.1252,46.1372],[28.1283,46.1316],[28.1343,46.1302],[28.1293,46.1254],[28.1245,46.126],[28.1244,46.1118],[28.1175,46.1121],[28.1161,46.1076],[28.1138,46.1078],[28.1159,46.1126],[28.1043,46.1168],[28.0758,46.1175],[28.0413,46.1064],[28.0089,46.1049],[28.0093,46.1153],[27.9843,46.1105],[27.9797,46.1239],[27.9727,46.1222],[27.9646,46.1415],[27.9396,46.1351],[27.9262,46.1525],[27.9171,46.1486],[27.9107,46.1538],[27.8853,46.1454],[27.8719,46.1456],[27.873,46.1527],[27.8687,46.1571],[27.8726,46.158],[27.8691,46.1613],[27.8572,46.1631],[27.8562,46.1577],[27.8469,46.1578],[27.8459,46.1335],[27.8426,46.1329],[27.8453,46.1264],[27.8302,46.1272],[27.8387,46.1157],[27.8293,46.1114],[27.822,46.1202],[27.8166,46.1136],[27.808,46.1116],[27.8155,46.1048],[27.7951,46.0979],[27.7918,46.1009],[27.7915,46.0958],[27.7881,46.0949],[27.7892,46.0984],[27.7829,46.1055],[27.7877,46.1051],[27.7861,46.1124],[27.7779,46.1098],[27.7785,46.1125],[27.7636,46.1153],[27.7624,46.1281],[27.711,46.1292],[27.7102,46.1386],[27.6932,46.1322],[27.6759,46.1414],[27.6716,46.1328],[27.6505,46.1404],[27.6472,46.1299],[27.6339,46.1384],[27.6267,46.1343],[27.6103,46.1363],[27.6074,46.1305],[27.6025,46.1322],[27.6029,46.1352],[27.5978,46.1393],[27.6036,46.1445],[27.5911,46.1502],[27.5811,46.1446],[27.5857,46.1405],[27.5841,46.1355],[27.5903,46.1338],[27.5938,46.1262],[27.6013,46.1224],[27.5912,46.124],[27.5922,46.1207],[27.589,46.1205],[27.5966,46.1129],[27.5881,46.1114],[27.6064,46.0913],[27.611,46.0768],[27.5872,46.0718],[27.5901,46.0694],[27.6144,46.0734],[27.6199,46.071],[27.617,46.0648],[27.6232,46.0666],[27.6277,46.0614],[27.5999,46.0559],[27.5989,46.0413],[27.6049,46.0359],[27.5959,46.0277],[27.6045,46.0194],[27.5869,46.0076],[27.5626,46.0029],[27.5621,46.0067],[27.551,46.0109],[27.5414,46.0202],[27.5273,46.0441],[27.5159,46.0536],[27.5155,46.0563],[27.5319,46.0671],[27.5172,46.0854],[27.5228,46.086],[27.5204,46.0887],[27.5242,46.0921],[27.5355,46.0946],[27.5246,46.1145],[27.5055,46.1329],[27.5031,46.1396],[27.5024,46.1433],[27.4847,46.1454],[27.4868,46.1533],[27.4928,46.1592],[27.5062,46.1554],[27.5063,46.1641],[27.5005,46.1649],[27.507,46.1887],[27.5051,46.1925],[27.5087,46.1932],[27.5042,46.2039],[27.5099,46.2067],[27.5101,46.21],[27.5065,46.2194],[27.4789,46.2207],[27.4739,46.2365],[27.4711,46.2697],[27.4663,46.279],[27.4828,46.282],[27.4636,46.2962],[27.4668,46.3022],[27.46,46.3081],[27.4571,46.3203],[27.474,46.323],[27.4758,46.3179],[27.4801,46.3187],[27.4759,46.3265],[27.4828,46.3271],[27.4711,46.3362],[27.459,46.3601],[27.4663,46.3625],[27.4644,46.3714],[27.4595,46.3791],[27.452,46.3788],[27.4492,46.4001],[27.4418,46.4102],[27.4328,46.4125],[27.4282,46.4188],[27.4295,46.4247],[27.42,46.4314],[27.4243,46.4344],[27.4182,46.4353],[27.4128,46.4519],[27.4154,46.453],[27.4111,46.4574],[27.4154,46.462],[27.4139,46.4644],[27.4092,46.4623],[27.399,46.4696],[27.3972,46.4788],[27.3821,46.5004],[27.3837,46.5082],[27.3805,46.5123],[27.3837,46.518],[27.3773,46.5158],[27.373,46.5194],[27.3798,46.5241],[27.3742,46.5226],[27.3681,46.5331],[27.3603,46.5361],[27.3532,46.545],[27.3539,46.5487],[27.3506,46.5493],[27.3526,46.5508],[27.3361,46.5651],[27.3293,46.5836],[27.3194,46.5908],[27.3194,46.5952],[27.3109,46.5953],[27.308,46.6021],[27.2959,46.6075],[27.2873,46.6182],[27.2764,46.6253],[27.2932,46.6393],[27.3161,46.6521],[27.3145,46.6553],[27.3204,46.6585],[27.3147,46.6595],[27.293,46.6769],[27.3073,46.6837],[27.3049,46.6867],[27.3122,46.692],[27.3176,46.6914],[27.3266,46.698],[27.3175,46.7024],[27.3119,46.7006],[27.2889,46.716],[27.2394,46.7353],[27.2328,46.7446],[27.2364,46.7481],[27.2311,46.7505],[27.2283,46.7446],[27.2264,46.7518],[27.2177,46.7589],[27.2103,46.7606],[27.2062,46.7699],[27.2163,46.7723],[27.2293,46.7701],[27.2339,46.7774],[27.2245,46.7911],[27.2232,46.7888],[27.2134,46.7894],[27.216,46.7931],[27.2126,46.8026],[27.216,46.8063],[27.2158,46.8123],[27.2191,46.812],[27.2152,46.8177],[27.2271,46.821],[27.2217,46.8313],[27.2074,46.8399],[27.2194,46.8487],[27.2003,46.8563],[27.2021,46.8613],[27.1933,46.8638],[27.1951,46.8668],[27.1883,46.8715],[27.1889,46.876],[27.2024,46.8824],[27.2143,46.8765],[27.2233,46.878],[27.2263,46.8681],[27.246,46.8722],[27.2485,46.8762],[27.2513,46.8676],[27.2707,46.8692],[27.2848,46.8759],[27.295,46.8674],[27.3079,46.8687],[27.3112,46.863],[27.3364,46.8677],[27.3386,46.8749],[27.3497,46.8768],[27.3512,46.8814],[27.3644,46.8826],[27.3725,46.8922],[27.377,46.889],[27.3981,46.8936],[27.4003,46.8862],[27.3966,46.8854],[27.3973,46.8828],[27.4016,46.8839],[27.4021,46.8759],[27.4171,46.8746],[27.4245,46.8625],[27.4548,46.8694],[27.4599,46.8624],[27.4672,46.8642],[27.4615,46.8681],[27.4717,46.8712],[27.4756,46.8664],[27.4896,46.8696],[27.4865,46.8751],[27.5003,46.8776],[27.5166,46.8753],[27.5331,46.8821],[27.5218,46.8914],[27.5245,46.8933],[27.5239,46.9047],[27.52,46.9145],[27.5319,46.916],[27.535,46.9111],[27.5473,46.9143],[27.5565,46.9023],[27.5682,46.8775],[27.571,46.8889],[27.589,46.8873],[27.5848,46.8858],[27.5843,46.8791],[27.5912,46.8789],[27.5999,46.8823],[27.5971,46.8856],[27.6058,46.8863],[27.6043,46.89],[27.6095,46.8897],[27.6069,46.8934],[27.6209,46.8897],[27.6318,46.8967],[27.6441,46.8968],[27.6427,46.9016],[27.6371,46.905],[27.6381,46.9126],[27.6305,46.9219],[27.6162,46.925],[27.6182,46.9395],[27.6076,46.9463],[27.6084,46.9503],[27.61,46.9477],[27.6168,46.95],[27.6063,46.9572],[27.6087,46.9707],[27.6214,46.9917],[27.6296,46.9888],[27.6379,46.977],[27.6547,46.9765],[27.66,46.9736],[27.6833,46.9553],[27.6937,46.9371],[27.7054,46.9401],[27.7105,46.9312],[27.7151,46.9323],[27.7247,46.92],[27.733,46.9223],[27.7395,46.9167],[27.7446,46.9024],[27.7646,46.8815],[27.7686,46.8829],[27.7685,46.8763],[27.7824,46.8781],[27.7859,46.8827],[27.7863,46.8744],[27.7917,46.8743],[27.7904,46.8865],[27.7825,46.898],[27.7841,46.9067],[27.778,46.9154],[27.7766,46.9251],[27.7696,46.9337],[27.7706,46.9472],[27.7876,46.9465],[27.7909,46.9415],[27.7887,46.9387],[27.7906,46.9324],[27.7955,46.9276],[27.8083,46.928],[27.8093,46.9344],[27.8119,46.9344],[27.8172,46.9241],[27.8159,46.9194],[27.8117,46.9206],[27.8103,46.9179],[27.8119,46.9089],[27.8089,46.907],[27.8113,46.9024],[27.8085,46.8966],[27.8129,46.8914],[27.8093,46.8868],[27.8121,46.8869],[27.8141,46.8809],[27.8072,46.8778],[27.8013,46.8688],[27.8047,46.8677],[27.7964,46.8634],[27.797,46.8602],[27.8297,46.8535],[27.8329,46.8634],[27.8459,46.8655],[27.8619,46.8606],[27.8666,46.856],[27.8722,46.8584],[27.8684,46.8506],[27.8695,46.8399],[27.8859,46.8239],[27.8876,46.8317],[27.8802,46.8434],[27.8846,46.8438],[27.8892,46.8382],[27.8921,46.8287],[27.8893,46.8269],[27.895,46.8165],[27.8883,46.8137],[27.8952,46.8072],[27.9022,46.8095],[27.9088,46.8058],[27.9166,46.8114],[27.9202,46.8105],[27.9168,46.8191],[27.9207,46.82],[27.9194,46.822],[27.9275,46.8231],[27.9287,46.8194],[27.9438,46.8225],[27.9353,46.8324],[27.941,46.8341],[27.9412,46.8377],[27.9281,46.8398],[27.9331,46.8441],[27.9404,46.8447],[27.9215,46.8631],[27.9282,46.8664],[27.9366,46.8648],[27.942,46.8552],[27.9796,46.8577],[27.9902,46.8384],[28.0084,46.8395],[28.0147,46.8338],[28.0219,46.8334],[28.0273,46.8386],[28.0498,46.8469],[28.0526,46.8509],[28.0631,46.8474],[28.0703,46.8522],[28.0839,46.8452],[28.0914,46.8485],[28.1026,46.8408],[28.1147,46.8376]]]}},{"type":"Feature","properties":{"name":"Vâlcea","code":"VL"},"geometry":{"type":"Polygon","coordinates":[[[24.5231,45.5806],[24.5311,45.5706],[24.5317,45.5537],[24.5405,45.5358],[24.5119,45.5175],[24.5136,45.5108],[24.5279,45.4968],[24.5232,45.4769],[24.525,45.4753],[24.5104,45.463],[24.5069,45.4651],[24.4856,45.4626],[24.481,45.4556],[24.479,45.4377],[24.4848,45.4277],[24.4818,45.4235],[24.4852,45.422],[24.4832,45.4162],[24.4905,45.409],[24.491,45.3993],[24.496,45.3985],[24.4944,45.3967],[24.5054,45.3841],[24.5043,45.3793],[24.494,45.3786],[24.5073,45.3525],[24.4989,45.3525],[24.496,45.3563],[24.4661,45.363],[24.4728,45.3577],[24.4695,45.3479],[24.4732,45.3401],[24.4726,45.3295],[24.4861,45.3311],[24.4878,45.3295],[24.4851,45.328],[24.4918,45.3242],[24.489,45.3216],[24.4922,45.3155],[24.4859,45.3125],[24.4905,45.3119],[24.4909,45.309],[24.4811,45.3025],[24.4801,45.296],[24.4882,45.2964],[24.4877,45.2886],[24.4919,45.2778],[24.4759,45.2672],[24.4837,45.2649],[24.4817,45.2629],[24.484,45.2567],[24.4796,45.2569],[24.4776,45.2454],[24.4712,45.2409],[24.4743,45.238],[24.4668,45.2317],[24.4701,45.2282],[24.4693,45.221],[24.4759,45.209],[24.4845,45.2127],[24.5008,45.205],[24.5013,45.2021],[24.4875,45.196],[24.4991,45.1885],[24.5135,45.1889],[24.522,45.1798],[24.5194,45.1765],[24.5104,45.175],[24.5129,45.1658],[24.4979,45.1656],[24.4998,45.1582],[24.5116,45.1495],[24.5197,45.1348],[24.5164,45.1309],[24.5159,45.1133],[24.5125,45.1083],[24.5095,45.1077],[24.5022,45.1154],[24.4978,45.115],[24.4926,45.111],[24.4965,45.1066],[24.4875,45.1053],[24.4922,45.0988],[24.4983,45.1004],[24.5004,45.0964],[24.4956,45.0941],[24.4974,45.0913],[24.5064,45.0926],[24.5048,45.0882],[24.5072,45.085],[24.5027,45.08],[24.4913,45.0771],[24.4814,45.0609],[24.512,45.055],[24.5162,45.0531],[24.5146,45.0506],[24.5205,45.049],[24.5174,45.0394],[24.4828,45.0143],[24.488,45.0136],[24.509,44.9978],[24.5037,44.9969],[24.4809,44.9757],[24.4764,44.9671],[24.4792,44.9636],[24.4687,44.9482],[24.4709,44.9453],[24.4834,44.9508],[24.4823,44.9542],[24.4995,44.9441],[24.4692,44.9245],[24.4707,44.9207],[24.4636,44.9134],[24.4634,44.9044],[24.4801,44.8991],[24.4633,44.8747],[24.4723,44.8744],[24.4627,44.8618],[24.4521,44.8538],[24.4434,44.852],[24.4381,44.8454],[24.4165,44.855],[24.4194,44.8601],[24.4179,44.8635],[24.4231,44.8708],[24.4189,44.8737],[24.4214,44.8781],[24.4181,44.8802],[24.4261,44.8821],[24.4237,44.8908],[24.3889,44.9015],[24.3889,44.8963],[24.3854,44.8963],[24.3884,44.8921],[24.385,44.8937],[24.3799,44.8909],[24.3833,44.8872],[24.368,44.8716],[24.35,44.868],[24.3443,44.8707],[24.3332,44.8698],[24.3329,44.8641],[24.342,44.8535],[24.3241,44.8428],[24.3257,44.841],[24.3187,44.8395],[24.3282,44.8313],[24.3244,44.8209],[24.3318,44.8173],[24.3188,44.8161],[24.3219,44.8077],[24.3157,44.7985],[24.3159,44.7876],[24.3204,44.7916],[24.3187,44.7938],[24.3232,44.7896],[24.3094,44.7847],[24.3077,44.7812],[24.2987,44.7807],[24.2964,44.7704],[24.2746,44.7688],[24.2826,44.7497],[24.2762,44.7407],[24.2797,44.7077],[24.2988,44.6753],[24.3012,44.6418],[24.3069,44.6344],[24.3161,44.6307],[24.3247,44.6129],[24.3249,44.5609],[24.2878,44.5663],[24.2833,44.5713],[24.2876,44.5864],[24.282,44.6001],[24.2645,44.6018],[24.265,44.5995],[24.2596,44.6001],[24.2592,44.5659],[24.2532,44.554],[24.259,44.5528],[24.2589,44.5489],[24.2482,44.5503],[24.2471,44.5528],[24.2066,44.5546],[24.1983,44.5541],[24.1851,44.5461],[24.1721,44.5563],[24.1625,44.5523],[24.1555,44.5585],[24.1451,44.5565],[24.1296,44.5408],[24.1175,44.5381],[24.1161,44.5243],[24.1081,44.5248],[24.095,44.5158],[24.0867,44.5143],[24.092,44.5109],[24.0813,44.4994],[24.0832,44.4919],[24.0778,44.4902],[24.0699,44.4956],[24.0561,44.4947],[24.0551,44.4973],[24.0626,44.4956],[24.0515,44.5103],[24.0414,44.5047],[24.0367,44.5052],[24.036,44.5089],[24.0438,44.5138],[24.0415,44.5226],[24.0271,44.5177],[24.0252,44.5204],[24.0308,44.5269],[24.0263,44.53],[23.9945,44.5345],[23.9901,44.5383],[23.9566,44.531],[23.9397,44.5344],[23.9291,44.5281],[23.9239,44.5406],[23.9218,44.5631],[23.916,44.5669],[23.9111,44.5789],[23.8978,44.5747],[23.8897,44.5894],[23.8909,44.5953],[23.8852,44.5989],[23.8862,44.6052],[23.8809,44.6109],[23.8815,44.6146],[23.8997,44.6255],[23.8762,44.6304],[23.8591,44.6244],[23.8554,44.6308],[23.8449,44.6346],[23.842,44.6386],[23.8271,44.6364],[23.8166,44.6476],[23.7874,44.6375],[23.7863,44.6493],[23.7898,44.6563],[23.7871,44.6631],[23.7918,44.6749],[23.791,44.6808],[23.7863,44.6801],[23.7807,44.6887],[23.7856,44.6933],[23.7805,44.714],[23.7767,44.7317],[23.7817,44.7476],[23.7767,44.7536],[23.7808,44.7594],[23.7729,44.7681],[23.7705,44.7816],[23.7761,44.7969],[23.7871,44.7984],[23.7874,44.8066],[23.7959,44.8167],[23.7816,44.8384],[23.7855,44.8449],[23.78,44.8623],[23.7747,44.8658],[23.7685,44.865],[23.7692,44.8715],[23.7626,44.871],[23.7565,44.8664],[23.7573,44.8696],[23.7535,44.8708],[23.7634,44.8852],[23.7641,44.8925],[23.7602,44.8993],[23.7673,44.9016],[23.7696,44.9078],[23.7647,44.9252],[23.7723,44.9494],[23.7678,44.9561],[23.7685,44.9621],[23.7628,44.9667],[23.7609,44.9875],[23.7549,44.9954],[23.7581,45.0057],[23.7747,45.0102],[23.7816,45.0174],[23.7953,45.0234],[23.7946,45.038],[23.7898,45.0392],[23.7817,45.0587],[23.7826,45.0633],[23.8285,45.0747],[23.8258,45.0787],[23.8283,45.09],[23.8172,45.102],[23.8196,45.1056],[23.8247,45.1051],[23.8233,45.1161],[23.812,45.1255],[23.827,45.1361],[23.8473,45.1426],[23.8451,45.1455],[23.8555,45.1508],[23.8541,45.1639],[23.846,45.1798],[23.8415,45.182],[23.8398,45.1921],[23.8175,45.2076],[23.8181,45.2114],[23.8082,45.2295],[23.8106,45.2376],[23.804,45.2423],[23.7963,45.261],[23.8251,45.3],[23.8442,45.3151],[23.8423,45.3218],[23.8452,45.325],[23.8411,45.3325],[23.8254,45.3362],[23.7967,45.3538],[23.7773,45.3486],[23.7596,45.3369],[23.737,45.3337],[23.7267,45.3274],[23.7085,45.3344],[23.6856,45.3281],[23.669,45.3414],[23.6462,45.3502],[23.6394,45.3484],[23.6293,45.3352],[23.6237,45.3338],[23.6165,45.3396],[23.6047,45.3406],[23.5906,45.3531],[23.5858,45.3573],[23.5881,45.3653],[23.5853,45.3697],[23.6003,45.3769],[23.6016,45.3827],[23.5889,45.41],[23.5941,45.4153],[23.5923,45.421],[23.5769,45.4234],[23.5761,45.4278],[23.5846,45.4341],[23.5876,45.4445],[23.5957,45.4528],[23.5936,45.4618],[23.5973,45.4735],[23.605,45.4679],[23.6172,45.4658],[23.6269,45.4709],[23.6311,45.4656],[23.6298,45.4586],[23.6349,45.4566],[23.6403,45.4554],[23.6474,45.46],[23.6537,45.4573],[23.6592,45.4614],[23.6789,45.4648],[23.6794,45.47],[23.6884,45.4763],[23.6892,45.4833],[23.6978,45.4879],[23.7036,45.4968],[23.7214,45.5024],[23.7414,45.5012],[23.7626,45.5108],[23.7712,45.5107],[23.7948,45.5302],[23.805,45.532],[23.8199,45.5293],[23.8579,45.535],[23.8734,45.5228],[23.8809,45.5269],[23.9047,45.5289],[23.9223,45.536],[23.9635,45.5304],[23.9741,45.5337],[23.9863,45.5328],[24.001,45.5266],[24.0113,45.5319],[24.0217,45.531],[24.0363,45.5228],[24.0796,45.5125],[24.1138,45.5125],[24.1188,45.5088],[24.1202,45.5127],[24.1282,45.5143],[24.1466,45.5122],[24.1565,45.5174],[24.1589,45.5137],[24.1722,45.5144],[24.1836,45.5218],[24.205,45.5236],[24.2121,45.5262],[24.212,45.5313],[24.2254,45.5405],[24.2267,45.5472],[24.2573,45.5431],[24.2668,45.5494],[24.266,45.5558],[24.2766,45.5552],[24.2853,45.5618],[24.3112,45.5678],[24.3344,45.5819],[24.3324,45.576],[24.337,45.5725],[24.3421,45.5762],[24.3582,45.5763],[24.3864,45.5839],[24.4324,45.5812],[24.4373,45.5878],[24.4465,45.5909],[24.4614,45.5809],[24.4777,45.5816],[24.4814,45.5725],[24.5115,45.5868],[24.5231,45.5806]]]}},{"type":"Feature","properties":{"name":"Vrancea","code":"VN"},"geometry":{"type":"Polygon","coordinates":[[[27.4928,46.1592],[27.4868,46.1533],[27.4847,46.1454],[27.5024,46.1433],[27.5031,46.1396],[27.4841,46.1398],[27.481,46.1259],[27.4489,46.1265],[27.4268,46.1395],[27.4182,46.1306],[27.4282,46.1162],[27.4227,46.111],[27.422,46.0992],[27.4264,46.099],[27.4298,46.0946],[27.4243,46.0893],[27.3945,46.0863],[27.3939,46.0894],[27.3717,46.0878],[27.3691,46.0865],[27.3683,46.0787],[27.3227,46.0791],[27.3196,46.0861],[27.2919,46.0832],[27.2925,46.0804],[27.2851,46.0793],[27.2818,46.0751],[27.2847,46.0717],[27.2836,46.0672],[27.2875,46.0674],[27.2903,46.0598],[27.2778,46.0592],[27.2748,46.0546],[27.2755,46.0478],[27.2685,46.0415],[27.2412,46.0429],[27.2369,46.0462],[27.2331,46.0366],[27.2352,46.0241],[27.2308,46.0213],[27.227,46.0091],[27.233,45.9892],[27.232,45.9767],[27.2371,45.9683],[27.2415,45.9479],[27.2554,45.9311],[27.2739,45.8968],[27.2828,45.8863],[27.2764,45.8834],[27.2524,45.8824],[27.2487,45.8727],[27.271,45.874],[27.273,45.8693],[27.2792,45.8706],[27.2816,45.868],[27.2754,45.8666],[27.2792,45.8569],[27.2819,45.8556],[27.2901,45.8601],[27.3033,45.8451],[27.3197,45.8055],[27.3276,45.7948],[27.3423,45.7883],[27.339,45.7876],[27.3386,45.7838],[27.3556,45.7591],[27.3527,45.7565],[27.354,45.7469],[27.3624,45.7294],[27.3692,45.7252],[27.375,45.7134],[27.3909,45.6999],[27.4036,45.6823],[27.4156,45.6775],[27.4174,45.68],[27.4262,45.6782],[27.4211,45.6709],[27.4245,45.6684],[27.4307,45.6702],[27.44,45.6791],[27.4502,45.6708],[27.4506,45.6614],[27.4566,45.6579],[27.4523,45.6506],[27.4638,45.6456],[27.4648,45.6389],[27.4701,45.6366],[27.4887,45.6407],[27.4913,45.6358],[27.4884,45.6294],[27.5038,45.6265],[27.5131,45.621],[27.5134,45.6155],[27.4976,45.6069],[27.5075,45.6081],[27.5152,45.6046],[27.5188,45.5902],[27.5329,45.5853],[27.5363,45.5811],[27.5341,45.5784],[27.5101,45.5767],[27.5042,45.5632],[27.5283,45.5485],[27.5282,45.5387],[27.5222,45.5297],[27.5245,45.5196],[27.5418,45.5091],[27.5396,45.5053],[27.5325,45.5055],[27.5269,45.5003],[27.537,45.4939],[27.5429,45.4994],[27.5585,45.4884],[27.4866,45.44],[27.4328,45.4097],[27.4352,45.4069],[27.4294,45.4056],[27.4348,45.3947],[27.4015,45.377],[27.3944,45.3833],[27.3796,45.375],[27.3554,45.3712],[27.3366,45.3713],[27.3396,45.3835],[27.27,45.3902],[27.2646,45.4205],[27.2735,45.4282],[27.2803,45.4268],[27.277,45.4322],[27.2811,45.4335],[27.2795,45.4544],[27.2567,45.4494],[27.2541,45.4438],[27.2469,45.4409],[27.2445,45.438],[27.2465,45.4347],[27.241,45.4299],[27.238,45.433],[27.2234,45.4276],[27.2043,45.4528],[27.1996,45.4507],[27.1944,45.4534],[27.1831,45.4376],[27.174,45.4316],[27.1748,45.4277],[27.1479,45.4164],[27.1434,45.4104],[27.1148,45.4093],[27.1201,45.4208],[27.1041,45.426],[27.1127,45.4348],[27.1066,45.4385],[27.116,45.442],[27.1204,45.4477],[27.1313,45.4473],[27.1353,45.4513],[27.1429,45.4513],[27.1583,45.4652],[27.1402,45.4728],[27.1362,45.4656],[27.1272,45.4663],[27.1275,45.4689],[27.1093,45.4749],[27.1091,45.4688],[27.1037,45.4706],[27.1003,45.4583],[27.0977,45.4585],[27.0899,45.4459],[27.0454,45.4526],[27.0182,45.4781],[27.0022,45.4849],[27.0012,45.4917],[26.9856,45.5113],[26.9851,45.5196],[26.9751,45.5319],[26.9859,45.5377],[26.9733,45.5333],[26.9641,45.5337],[26.9483,45.5219],[26.9405,45.5255],[26.9419,45.5305],[26.9385,45.532],[26.9299,45.5316],[26.9262,45.5354],[26.9061,45.5328],[26.9034,45.5387],[26.9002,45.5234],[26.894,45.5229],[26.8902,45.5168],[26.853,45.5254],[26.8339,45.5178],[26.8176,45.5288],[26.8054,45.5479],[26.7916,45.5523],[26.7822,45.5478],[26.7798,45.5506],[26.7747,45.5486],[26.7666,45.5514],[26.7484,45.5484],[26.7392,45.5562],[26.7469,45.5625],[26.7434,45.5665],[26.7368,45.5709],[26.719,45.5718],[26.7161,45.5776],[26.7024,45.5865],[26.6989,45.594],[26.6848,45.6019],[26.6816,45.6087],[26.6659,45.6116],[26.6478,45.609],[26.6153,45.628],[26.5935,45.6204],[26.5811,45.6286],[26.5797,45.6333],[26.5737,45.6344],[26.561,45.6279],[26.5517,45.6293],[26.5415,45.6418],[26.5299,45.6409],[26.5179,45.6512],[26.5081,45.6671],[26.4931,45.6766],[26.4872,45.6875],[26.4895,45.6937],[26.483,45.7011],[26.4672,45.7046],[26.4668,45.7193],[26.459,45.7256],[26.443,45.7312],[26.4429,45.7354],[26.4357,45.7397],[26.4434,45.7516],[26.4408,45.7766],[26.4268,45.7884],[26.4182,45.7914],[26.4099,45.7902],[26.3921,45.8024],[26.3847,45.806],[26.3819,45.814],[26.375,45.8207],[26.3782,45.827],[26.3772,45.8369],[26.371,45.8434],[26.3744,45.8578],[26.3813,45.8628],[26.388,45.8736],[26.3856,45.8831],[26.377,45.8893],[26.3791,45.8947],[26.3757,45.9073],[26.3819,45.9109],[26.3823,45.9169],[26.3945,45.9209],[26.3898,45.9288],[26.3925,45.9333],[26.3872,45.9403],[26.3919,45.948],[26.3892,45.9546],[26.3913,45.9579],[26.3983,45.9663],[26.4378,45.9895],[26.432,46.0005],[26.4457,46.0188],[26.4404,46.0231],[26.4376,46.0355],[26.44,46.0389],[26.4604,46.0351],[26.4772,46.0399],[26.48,46.0448],[26.4917,46.0452],[26.5156,46.0269],[26.5357,46.0279],[26.5401,46.0233],[26.5484,46.0242],[26.552,46.0201],[26.5727,46.0168],[26.582,46.0252],[26.5861,46.0404],[26.6014,46.0474],[26.6081,46.0448],[26.6186,46.0531],[26.6341,46.0575],[26.6337,46.061],[26.6408,46.0656],[26.6395,46.0707],[26.6447,46.0751],[26.6534,46.0793],[26.6709,46.0771],[26.6812,46.0792],[26.6838,46.0843],[26.7046,46.0939],[26.7178,46.089],[26.7337,46.0954],[26.7402,46.0874],[26.7584,46.0892],[26.7621,46.0866],[26.7675,46.0899],[26.7736,46.0891],[26.7803,46.094],[26.7863,46.088],[26.788,46.0786],[26.8012,46.0758],[26.8018,46.0708],[26.8071,46.0658],[26.8249,46.0723],[26.845,46.0714],[26.8481,46.0787],[26.8627,46.0805],[26.8701,46.0851],[26.8917,46.0774],[26.9048,46.0761],[26.9228,46.0657],[26.9327,46.0646],[26.9373,46.067],[26.9402,46.078],[26.9479,46.0806],[26.9527,46.0862],[26.9507,46.0978],[26.9457,46.0998],[26.9612,46.1087],[26.9836,46.1133],[27.0178,46.106],[27.032,46.099],[27.0421,46.0983],[27.0732,46.0877],[27.0794,46.0882],[27.0845,46.0953],[27.1056,46.0887],[27.1052,46.105],[27.0878,46.1086],[27.0861,46.1115],[27.1115,46.1091],[27.123,46.1041],[27.1319,46.1171],[27.1361,46.1145],[27.1386,46.1183],[27.1332,46.1206],[27.1401,46.1342],[27.1273,46.1378],[27.1236,46.1475],[27.1702,46.1696],[27.1646,46.1747],[27.1665,46.1768],[27.1694,46.1739],[27.1732,46.1813],[27.1784,46.18],[27.1858,46.1719],[27.1909,46.18],[27.1904,46.1867],[27.1982,46.1856],[27.2007,46.1793],[27.2217,46.1914],[27.2262,46.1868],[27.2355,46.1896],[27.2394,46.1783],[27.2458,46.1779],[27.2699,46.1832],[27.2627,46.2004],[27.3066,46.2062],[27.3089,46.2031],[27.318,46.2028],[27.3193,46.1919],[27.3152,46.1898],[27.3142,46.1838],[27.322,46.184],[27.3269,46.1812],[27.3239,46.1797],[27.3304,46.1794],[27.3339,46.1685],[27.3504,46.1689],[27.351,46.1621],[27.347,46.157],[27.35,46.1527],[27.3604,46.1568],[27.3746,46.1574],[27.3751,46.1636],[27.381,46.1651],[27.3759,46.1782],[27.3789,46.1898],[27.3859,46.1894],[27.3879,46.1938],[27.3939,46.1943],[27.42,46.1938],[27.4157,46.1893],[27.434,46.1889],[27.4378,46.1851],[27.448,46.1842],[27.4535,46.1729],[27.4503,46.1721],[27.4592,46.1574],[27.4662,46.1572],[27.4645,46.1619],[27.4673,46.1579],[27.4759,46.1606],[27.4789,46.1676],[27.4929,46.1625],[27.4928,46.1592]]]}},{"type":"Feature","properties":{"name":"Gorj","code":"GJ"},"geometry":{"type":"Polygon","coordinates":[[[23.5906,45.3531],[23.6047,45.3406],[23.6165,45.3396],[23.6237,45.3338],[23.6293,45.3352],[23.6394,45.3484],[23.6462,45.3502],[23.669,45.3414],[23.6856,45.3281],[23.7085,45.3344],[23.7267,45.3274],[23.737,45.3337],[23.7596,45.3369],[23.7773,45.3486],[23.7967,45.3538],[23.8254,45.3362],[23.8411,45.3325],[23.8452,45.325],[23.8423,45.3218],[23.8442,45.3151],[23.8251,45.3],[23.7963,45.261],[23.804,45.2423],[23.8106,45.2376],[23.8082,45.2295],[23.8181,45.2114],[23.8175,45.2076],[23.8398,45.1921],[23.8415,45.182],[23.846,45.1798],[23.8541,45.1639],[23.8555,45.1508],[23.8451,45.1455],[23.8473,45.1426],[23.827,45.1361],[23.812,45.1255],[23.8233,45.1161],[23.8247,45.1051],[23.8196,45.1056],[23.8172,45.102],[23.8283,45.09],[23.8258,45.0787],[23.8285,45.0747],[23.7826,45.0633],[23.7817,45.0587],[23.7898,45.0392],[23.7946,45.038],[23.7953,45.0234],[23.7816,45.0174],[23.7747,45.0102],[23.7581,45.0057],[23.7549,44.9954],[23.7609,44.9875],[23.7628,44.9667],[23.7685,44.9621],[23.7678,44.9561],[23.7723,44.9494],[23.7647,44.9252],[23.7696,44.9078],[23.7673,44.9016],[23.7602,44.8993],[23.7641,44.8925],[23.7634,44.8852],[23.7535,44.8708],[23.7573,44.8696],[23.7565,44.8664],[23.7626,44.871],[23.7692,44.8715],[23.7685,44.865],[23.7747,44.8658],[23.78,44.8623],[23.7855,44.8449],[23.7816,44.8384],[23.7959,44.8167],[23.7874,44.8066],[23.7871,44.7984],[23.7761,44.7969],[23.7705,44.7816],[23.7729,44.7681],[23.7808,44.7594],[23.7767,44.7536],[23.7817,44.7476],[23.7767,44.7317],[23.7805,44.714],[23.7476,44.7161],[23.7217,44.7297],[23.7169,44.7266],[23.713,44.7114],[23.7151,44.7043],[23.7223,44.7013],[23.7191,44.6934],[23.726,44.6844],[23.7212,44.6813],[23.7199,44.6746],[23.7084,44.6603],[23.7145,44.6508],[23.7085,44.642],[23.7183,44.6367],[23.7199,44.6275],[23.7105,44.6096],[23.7164,44.598],[23.7077,44.5851],[23.7062,44.5914],[23.6963,44.5961],[23.7001,44.5994],[23.6971,44.602],[23.6746,44.5985],[23.663,44.6005],[23.6299,44.5929],[23.6238,44.5885],[23.6148,44.59],[23.5986,44.5998],[23.6009,44.6054],[23.5888,44.6151],[23.5654,44.6101],[23.5641,44.6075],[23.548,44.6081],[23.5471,44.6058],[23.5145,44.6015],[23.5156,44.5985],[23.5099,44.5979],[23.5073,44.5925],[23.5053,44.586],[23.5077,44.5833],[23.4942,44.5793],[23.4969,44.5712],[23.4928,44.5709],[23.4894,44.5787],[23.4711,44.5792],[23.4585,44.5744],[23.4653,44.574],[23.4662,44.5688],[23.455,44.5696],[23.4431,44.5713],[23.4445,44.5768],[23.4256,44.5809],[23.425,44.5883],[23.4031,44.5911],[23.4123,44.603],[23.4127,44.6105],[23.3849,44.6203],[23.3934,44.6295],[23.3722,44.6268],[23.3567,44.63],[23.3197,44.6478],[23.3213,44.6537],[23.3158,44.6618],[23.2935,44.6708],[23.2885,44.6764],[23.2745,44.6688],[23.2389,44.671],[23.2275,44.677],[23.2195,44.6749],[23.2069,44.679],[23.1855,44.6788],[23.1937,44.6921],[23.1883,44.6952],[23.1704,44.6903],[23.1457,44.6889],[23.1351,44.6953],[23.1306,44.688],[23.1449,44.6812],[23.1397,44.6788],[23.1317,44.6865],[23.1236,44.6875],[23.1175,44.6818],[23.1172,44.6879],[23.1107,44.6853],[23.1105,44.6894],[23.105,44.694],[23.0896,44.695],[23.0852,44.7016],[23.0773,44.7016],[23.0751,44.7081],[23.0626,44.7116],[23.0636,44.7155],[23.0673,44.7156],[23.0588,44.7219],[23.0658,44.7238],[23.0627,44.7291],[23.0556,44.7293],[23.0527,44.7254],[23.0475,44.734],[23.0219,44.7356],[23.0049,44.7448],[23.0086,44.7462],[23.0032,44.7478],[23.0059,44.7511],[23.0033,44.7523],[23.0034,44.7579],[22.9947,44.7619],[22.9948,44.7675],[22.9919,44.7684],[22.9964,44.7716],[22.9906,44.7742],[22.996,44.7759],[22.9892,44.7832],[22.9823,44.7833],[22.9612,44.7947],[22.9476,44.7793],[22.9416,44.7831],[22.934,44.8021],[22.947,44.8071],[22.9413,44.8102],[22.9431,44.8115],[22.9399,44.8148],[22.9333,44.8146],[22.9199,44.8223],[22.9088,44.822],[22.9078,44.8278],[22.8969,44.8414],[22.8954,44.8492],[22.8895,44.8531],[22.8972,44.8588],[22.8917,44.8674],[22.8956,44.8729],[22.8922,44.8799],[22.8959,44.885],[22.8884,44.8955],[22.8901,44.9045],[22.8826,44.9166],[22.8845,44.92],[22.8777,44.9259],[22.8788,44.9343],[22.8713,44.9449],[22.8744,44.9525],[22.8699,44.9615],[22.8804,44.9602],[22.8865,44.9645],[22.8978,44.9651],[22.8896,44.9768],[22.8933,44.9776],[22.8935,44.9858],[22.9,44.9918],[22.8927,44.9923],[22.8948,44.994],[22.8858,44.9971],[22.8608,44.9895],[22.8486,44.993],[22.8508,44.9991],[22.8284,45.0194],[22.8313,45.0237],[22.8139,45.0365],[22.7831,45.0459],[22.7825,45.0502],[22.7682,45.0612],[22.7612,45.0586],[22.7382,45.059],[22.733,45.0638],[22.7375,45.068],[22.725,45.068],[22.7333,45.0752],[22.7278,45.0754],[22.7267,45.0781],[22.7084,45.0716],[22.705,45.0673],[22.6987,45.0786],[22.6989,45.087],[22.686,45.104],[22.6826,45.1062],[22.6734,45.1007],[22.6613,45.1058],[22.6584,45.1108],[22.6566,45.1082],[22.6575,45.1151],[22.6495,45.1278],[22.6397,45.1272],[22.6284,45.1349],[22.6181,45.1338],[22.6029,45.1379],[22.5943,45.1342],[22.581,45.1375],[22.5588,45.1574],[22.5614,45.1593],[22.5602,45.1636],[22.5745,45.1757],[22.5756,45.1834],[22.5888,45.1959],[22.5959,45.1982],[22.6006,45.2054],[22.6149,45.2094],[22.6256,45.2084],[22.6463,45.2201],[22.6499,45.2266],[22.6446,45.2337],[22.665,45.2358],[22.6732,45.2403],[22.6761,45.2471],[22.6863,45.253],[22.6863,45.258],[22.6914,45.2564],[22.6924,45.2513],[22.6997,45.2538],[22.6999,45.2602],[22.7129,45.2604],[22.7133,45.2561],[22.7199,45.2538],[22.7352,45.2534],[22.7441,45.2649],[22.7578,45.2643],[22.7631,45.2693],[22.7743,45.2701],[22.7772,45.2624],[22.7848,45.2624],[22.7965,45.2704],[22.8145,45.2724],[22.824,45.2789],[22.8239,45.2852],[22.836,45.2828],[22.8494,45.274],[22.8578,45.2758],[22.8644,45.2611],[22.8723,45.261],[22.8718,45.2635],[22.897,45.2745],[22.9165,45.2794],[22.9199,45.2771],[22.9333,45.2786],[22.9406,45.2741],[22.9562,45.2726],[22.9423,45.2652],[22.9374,45.2521],[22.9222,45.2413],[22.9426,45.2384],[22.9516,45.2597],[22.9502,45.2671],[22.956,45.2714],[22.9638,45.2713],[22.9682,45.2592],[22.9751,45.2541],[22.9863,45.2551],[22.9962,45.2602],[23.0076,45.2534],[23.0559,45.2666],[23.0664,45.265],[23.0679,45.2748],[23.0772,45.276],[23.0933,45.2912],[23.1126,45.2889],[23.1323,45.2808],[23.1452,45.2791],[23.1411,45.2815],[23.1487,45.2869],[23.1569,45.2801],[23.1636,45.2832],[23.1647,45.2793],[23.1775,45.2812],[23.1848,45.2859],[23.2073,45.2773],[23.2144,45.282],[23.2152,45.2891],[23.2246,45.2994],[23.2322,45.3],[23.2343,45.3035],[23.2466,45.3072],[23.2766,45.3063],[23.2889,45.3099],[23.31,45.2999],[23.3268,45.31],[23.3282,45.3208],[23.3392,45.3313],[23.3751,45.3319],[23.377,45.3382],[23.3799,45.3388],[23.3948,45.3324],[23.3993,45.3338],[23.3985,45.336],[23.4034,45.3339],[23.4058,45.3228],[23.4004,45.3159],[23.42,45.3072],[23.437,45.3039],[23.4401,45.298],[23.4523,45.2984],[23.4725,45.3029],[23.4822,45.3136],[23.5129,45.327],[23.5313,45.329],[23.5373,45.3323],[23.5392,45.3401],[23.5512,45.3391],[23.5626,45.3435],[23.567,45.35],[23.5906,45.3531]]]}},{"type":"Feature","properties":{"name":"Hunedoara","code":"HD"},"geometry":{"type":"Polygon","coordinates":[[[23.5973,45.4735],[23.5936,45.4618],[23.5957,45.4528],[23.5876,45.4445],[23.5846,45.4341],[23.5761,45.4278],[23.5769,45.4234],[23.5923,45.421],[23.5941,45.4153],[23.5889,45.41],[23.6016,45.3827],[23.6003,45.3769],[23.5853,45.3697],[23.5881,45.3653],[23.5858,45.3573],[23.5906,45.3531],[23.567,45.35],[23.5626,45.3435],[23.5512,45.3391],[23.5392,45.3401],[23.5373,45.3323],[23.5313,45.329],[23.5129,45.327],[23.4822,45.3136],[23.4725,45.3029],[23.4523,45.2984],[23.4401,45.298],[23.437,45.3039],[23.42,45.3072],[23.4004,45.3159],[23.4058,45.3228],[23.4034,45.3339],[23.3985,45.336],[23.3993,45.3338],[23.3948,45.3324],[23.3799,45.3388],[23.377,45.3382],[23.3751,45.3319],[23.3392,45.3313],[23.3282,45.3208],[23.3268,45.31],[23.31,45.2999],[23.2889,45.3099],[23.2766,45.3063],[23.2466,45.3072],[23.2343,45.3035],[23.2322,45.3],[23.2246,45.2994],[23.2152,45.2891],[23.2144,45.282],[23.2073,45.2773],[23.1848,45.2859],[23.1775,45.2812],[23.1647,45.2793],[23.1636,45.2832],[23.1569,45.2801],[23.1487,45.2869],[23.1411,45.2815],[23.1452,45.2791],[23.1323,45.2808],[23.1126,45.2889],[23.0933,45.2912],[23.0772,45.276],[23.0679,45.2748],[23.0664,45.265],[23.0559,45.2666],[23.0076,45.2534],[22.9962,45.2602],[22.9863,45.2551],[22.9751,45.2541],[22.9682,45.2592],[22.9638,45.2713],[22.956,45.2714],[22.9502,45.2671],[22.9516,45.2597],[22.9426,45.2384],[22.9222,45.2413],[22.9374,45.2521],[22.9423,45.2652],[22.9562,45.2726],[22.9406,45.2741],[22.9333,45.2786],[22.9199,45.2771],[22.9165,45.2794],[22.897,45.2745],[22.8718,45.2635],[22.8723,45.261],[22.8644,45.2611],[22.8578,45.2758],[22.8494,45.274],[22.836,45.2828],[22.8239,45.2852],[22.824,45.2789],[22.8145,45.2724],[22.7965,45.2704],[22.7848,45.2624],[22.7772,45.2624],[22.7743,45.2701],[22.7631,45.2693],[22.7578,45.2643],[22.7441,45.2649],[22.7352,45.2534],[22.7199,45.2538],[22.7133,45.2561],[22.7129,45.2604],[22.6999,45.2602],[22.6997,45.2538],[22.6924,45.2513],[22.6914,45.2564],[22.6863,45.258],[22.6856,45.2689],[22.6888,45.2745],[22.6773,45.2826],[22.6871,45.2885],[22.688,45.2954],[22.6966,45.3031],[22.6923,45.32],[22.6992,45.3287],[22.6909,45.3274],[22.6832,45.3316],[22.6669,45.3522],[22.6688,45.3614],[22.6566,45.3713],[22.6673,45.3821],[22.691,45.3918],[22.7006,45.4015],[22.7024,45.4074],[22.7129,45.4158],[22.7077,45.4214],[22.7042,45.4328],[22.704,45.456],[22.7066,45.461],[22.6975,45.4624],[22.692,45.4752],[22.6897,45.4927],[22.6762,45.4966],[22.6734,45.5067],[22.6687,45.5066],[22.6771,45.5157],[22.6662,45.5181],[22.6527,45.5268],[22.648,45.5417],[22.6272,45.536],[22.6278,45.5425],[22.641,45.5531],[22.6382,45.5558],[22.642,45.5599],[22.6416,45.5648],[22.6366,45.5711],[22.593,45.5607],[22.5917,45.5654],[22.5955,45.5747],[22.5838,45.581],[22.583,45.5844],[22.5721,45.5793],[22.5744,45.5813],[22.571,45.582],[22.571,45.5851],[22.5575,45.5866],[22.5481,45.581],[22.5442,45.5876],[22.5444,45.5953],[22.5124,45.5953],[22.5065,45.5986],[22.5058,45.6084],[22.4982,45.6098],[22.4944,45.6182],[22.4743,45.6239],[22.4761,45.6263],[22.4647,45.6359],[22.4614,45.6435],[22.4535,45.6471],[22.4576,45.6537],[22.4539,45.6604],[22.444,45.6607],[22.4265,45.6689],[22.4317,45.6799],[22.4397,45.6834],[22.4507,45.6823],[22.4686,45.6937],[22.465,45.722],[22.4698,45.7315],[22.4856,45.7357],[22.4946,45.7426],[22.5063,45.7432],[22.5394,45.7644],[22.5515,45.7786],[22.5471,45.7903],[22.5342,45.8014],[22.5245,45.8001],[22.5176,45.7929],[22.5002,45.7851],[22.4804,45.7868],[22.4808,45.7946],[22.4701,45.8028],[22.4784,45.8078],[22.4763,45.838],[22.4683,45.8345],[22.4601,45.8375],[22.4622,45.8474],[22.4482,45.8478],[22.4358,45.8558],[22.4256,45.8543],[22.421,45.8576],[22.4106,45.8546],[22.4023,45.8607],[22.4031,45.8671],[22.3913,45.8746],[22.3861,45.8839],[22.378,45.8861],[22.3686,45.8836],[22.3871,45.8974],[22.4008,45.9005],[22.4104,45.9071],[22.4116,45.9228],[22.4188,45.9307],[22.419,45.9376],[22.3823,45.9578],[22.3777,45.9643],[22.3528,45.9727],[22.3395,45.9788],[22.3397,45.9871],[22.336,45.9944],[22.3428,45.9978],[22.3838,45.9955],[22.389,46.0088],[22.3958,46.0102],[22.4048,46.0024],[22.4163,46.0052],[22.4138,46.0085],[22.4228,46.0123],[22.435,46.0096],[22.437,46.0117],[22.4353,46.0171],[22.4403,46.0293],[22.428,46.0345],[22.4277,46.0437],[22.4353,46.0492],[22.4289,46.0641],[22.4295,46.0771],[22.4177,46.0811],[22.4085,46.0879],[22.4052,46.0951],[22.4091,46.0976],[22.4115,46.1085],[22.4201,46.1041],[22.4235,46.1072],[22.4315,46.1064],[22.4341,46.111],[22.4314,46.1128],[22.4454,46.1159],[22.448,46.1247],[22.4572,46.1303],[22.4572,46.1388],[22.4672,46.1457],[22.4531,46.1631],[22.4543,46.1755],[22.4497,46.1782],[22.4486,46.1928],[22.442,46.1983],[22.4424,46.2018],[22.4368,46.208],[22.4384,46.2104],[22.4448,46.212],[22.4465,46.2172],[22.4535,46.2198],[22.4626,46.2165],[22.4614,46.2269],[22.469,46.2295],[22.469,46.2327],[22.4858,46.2359],[22.4949,46.2434],[22.501,46.2318],[22.513,46.2246],[22.5185,46.2242],[22.5234,46.2284],[22.523,46.2254],[22.5285,46.2248],[22.5329,46.2289],[22.5457,46.2241],[22.5523,46.2299],[22.5555,46.2271],[22.5626,46.2319],[22.5838,46.2335],[22.5862,46.2282],[22.5909,46.2283],[22.5872,46.2249],[22.6077,46.2187],[22.6134,46.2204],[22.6163,46.2264],[22.6247,46.2314],[22.6265,46.2286],[22.6313,46.2306],[22.6345,46.2262],[22.649,46.2288],[22.6472,46.2336],[22.6569,46.2354],[22.6573,46.2431],[22.6617,46.249],[22.6544,46.2555],[22.6605,46.2618],[22.6593,46.269],[22.6736,46.2845],[22.6741,46.2939],[22.6804,46.2981],[22.6826,46.3097],[22.6772,46.3168],[22.6779,46.3214],[22.6943,46.323],[22.7244,46.3338],[22.7487,46.3512],[22.7618,46.3527],[22.777,46.3493],[22.7855,46.3401],[22.7994,46.3388],[22.8047,46.3298],[22.812,46.3261],[22.8518,46.3296],[22.8553,46.3356],[22.869,46.338],[22.9065,46.3305],[22.9246,46.331],[22.9331,46.3266],[22.9367,46.3211],[22.9354,46.3174],[22.9436,46.3061],[22.9432,46.2986],[22.9582,46.2928],[22.9651,46.2824],[22.9475,46.2666],[22.9549,46.2606],[22.9559,46.2469],[22.9674,46.2405],[22.9674,46.2354],[22.9706,46.2371],[22.9706,46.2347],[22.9753,46.2339],[22.9816,46.2262],[22.9819,46.2177],[22.9911,46.2182],[23.0018,46.2117],[23.0122,46.2148],[23.0394,46.2081],[23.0505,46.2138],[23.0573,46.2093],[23.0702,46.2073],[23.0678,46.2049],[23.0694,46.1987],[23.0955,46.1823],[23.0949,46.1783],[23.0913,46.1772],[23.0901,46.1665],[23.0964,46.1626],[23.0947,46.1601],[23.0974,46.1567],[23.1038,46.1537],[23.099,46.1389],[23.0866,46.1428],[23.0777,46.1498],[23.0764,46.1451],[23.0552,46.1408],[23.0594,46.1292],[23.0679,46.1223],[23.0618,46.1058],[23.0753,46.1072],[23.0895,46.1002],[23.0907,46.0949],[23.0837,46.0927],[23.0872,46.0887],[23.0797,46.0824],[23.0894,46.0767],[23.0873,46.0665],[23.1027,46.0617],[23.101,46.046],[23.1294,46.0428],[23.1347,46.035],[23.1409,46.0376],[23.1624,46.0321],[23.1775,46.0317],[23.1844,46.0271],[23.2048,46.036],[23.2236,46.0329],[23.2363,46.0409],[23.2417,46.0385],[23.2349,46.0305],[23.2404,46.0088],[23.2353,45.9878],[23.2475,45.9762],[23.2449,45.9732],[23.2523,45.9693],[23.2516,45.9596],[23.2651,45.9336],[23.2695,45.9291],[23.2862,45.9269],[23.2831,45.9248],[23.2934,45.9191],[23.3126,45.9224],[23.3149,45.9196],[23.3229,45.9213],[23.3282,45.9152],[23.3377,45.9181],[23.3372,45.9109],[23.3191,45.9077],[23.3033,45.8938],[23.3142,45.8914],[23.3277,45.8789],[23.3317,45.8798],[23.3329,45.8699],[23.3272,45.8666],[23.3304,45.8649],[23.3301,45.8598],[23.3247,45.8517],[23.3268,45.8426],[23.3239,45.8363],[23.3292,45.8316],[23.3306,45.8243],[23.3371,45.82],[23.3394,45.8097],[23.3438,45.8075],[23.3434,45.7996],[23.3529,45.7928],[23.3477,45.7882],[23.3532,45.7778],[23.3736,45.7728],[23.3757,45.7645],[23.381,45.7593],[23.3802,45.753],[23.37,45.7381],[23.3679,45.726],[23.3602,45.7179],[23.366,45.7074],[23.3821,45.6948],[23.395,45.6942],[23.4047,45.687],[23.4183,45.684],[23.4227,45.6787],[23.4221,45.6701],[23.4086,45.6684],[23.4018,45.6589],[23.3867,45.657],[23.3851,45.6503],[23.3688,45.6426],[23.3658,45.6375],[23.3699,45.6262],[23.3769,45.6219],[23.3944,45.6306],[23.4091,45.6338],[23.4267,45.6231],[23.4204,45.6138],[23.4242,45.6074],[23.4193,45.6021],[23.4186,45.5956],[23.4273,45.5844],[23.4455,45.5879],[23.4539,45.5798],[23.4766,45.5805],[23.483,45.5736],[23.4995,45.5798],[23.5045,45.5712],[23.5031,45.5637],[23.5137,45.5537],[23.5182,45.5507],[23.5366,45.5498],[23.5515,45.5379],[23.5542,45.5306],[23.5689,45.5245],[23.5773,45.5075],[23.5954,45.4923],[23.5919,45.4862],[23.5973,45.4808],[23.5973,45.4735]]]}},{"type":"Feature","properties":{"name":"Alba","code":"AB"},"geometry":{"type":"Polygon","coordinates":[[[22.8119,46.5689],[22.8132,46.556],[22.8255,46.5535],[22.836,46.5464],[22.8476,46.5458],[22.8557,46.5506],[22.8595,46.54],[22.883,46.5359],[22.8957,46.5387],[22.9022,46.5441],[22.9088,46.5444],[22.9308,46.5551],[22.9474,46.5561],[22.9683,46.5485],[22.9774,46.5485],[22.9901,46.5546],[22.9999,46.5526],[22.9998,46.5484],[22.989,46.5377],[23.0009,46.534],[23.0014,46.5272],[23.0058,46.5243],[23.01,46.5138],[23.0069,46.5087],[23.0113,46.5036],[23.0228,46.5002],[23.0326,46.502],[23.0556,46.4925],[23.0461,46.4765],[23.0471,46.4683],[23.0521,46.4662],[23.0602,46.4709],[23.0862,46.4666],[23.0936,46.4684],[23.1044,46.4851],[23.1041,46.4905],[23.1078,46.492],[23.119,46.4874],[23.1302,46.491],[23.1508,46.506],[23.1677,46.5057],[23.1848,46.5097],[23.1916,46.4948],[23.1956,46.4925],[23.2369,46.4909],[23.2491,46.4979],[23.2696,46.4978],[23.2771,46.5072],[23.2896,46.5089],[23.2799,46.5126],[23.2778,46.5262],[23.2822,46.5299],[23.2985,46.5302],[23.3044,46.5251],[23.3118,46.5245],[23.3293,46.5278],[23.3347,46.5329],[23.3407,46.5301],[23.3467,46.5334],[23.3469,46.53],[23.3702,46.5385],[23.3861,46.5405],[23.3932,46.5387],[23.4006,46.5305],[23.419,46.5273],[23.4308,46.5296],[23.4393,46.5232],[23.4539,46.5284],[23.4601,46.5254],[23.4545,46.5173],[23.4583,46.5158],[23.4626,46.5042],[23.4758,46.5004],[23.4851,46.5036],[23.4971,46.4953],[23.5158,46.4928],[23.5231,46.486],[23.5308,46.4907],[23.5297,46.4992],[23.5371,46.4987],[23.5481,46.5039],[23.5594,46.4882],[23.5744,46.4972],[23.5867,46.4961],[23.5887,46.4886],[23.612,46.4846],[23.6145,46.4785],[23.6003,46.4777],[23.6031,46.4694],[23.5965,46.4596],[23.5898,46.4565],[23.5919,46.4362],[23.6032,46.4286],[23.6042,46.4145],[23.6119,46.4136],[23.6228,46.4058],[23.6429,46.4032],[23.6414,46.4],[23.6443,46.3991],[23.6588,46.3996],[23.6609,46.3967],[23.6692,46.4018],[23.6647,46.4047],[23.6693,46.4036],[23.6811,46.4085],[23.6727,46.4178],[23.6655,46.4207],[23.6624,46.4206],[23.6685,46.4156],[23.6556,46.418],[23.6553,46.4245],[23.651,46.4277],[23.6725,46.4293],[23.6686,46.4394],[23.677,46.4493],[23.7012,46.4575],[23.7303,46.4515],[23.7458,46.4588],[23.7573,46.4576],[23.7665,46.4622],[23.7829,46.4581],[23.7917,46.4601],[23.7901,46.4632],[23.802,46.4657],[23.805,46.4636],[23.814,46.4664],[23.8254,46.4629],[23.8298,46.469],[23.8332,46.4689],[23.8334,46.4658],[23.8381,46.466],[23.8387,46.4614],[23.8427,46.4643],[23.8551,46.451],[23.8661,46.4562],[23.8642,46.4511],[23.8684,46.4474],[23.8801,46.45],[23.876,46.4535],[23.8879,46.4593],[23.8867,46.4635],[23.8953,46.4634],[23.8962,46.4608],[23.9097,46.4635],[23.9233,46.4493],[23.9505,46.4501],[23.9641,46.4365],[23.9729,46.4365],[23.9709,46.435],[23.9748,46.4345],[23.9776,46.4296],[23.9853,46.4309],[23.9923,46.4263],[23.9974,46.4272],[24.0229,46.4496],[24.0194,46.4571],[24.0267,46.46],[24.0323,46.4571],[24.0291,46.4542],[24.0334,46.4506],[24.0325,46.4465],[24.0272,46.4406],[24.0358,46.4322],[24.035,46.421],[24.0301,46.4161],[24.0355,46.4069],[24.0244,46.4032],[24.0098,46.3904],[23.9935,46.3847],[23.9895,46.381],[23.9958,46.3718],[24.0187,46.367],[24.0303,46.3695],[24.0308,46.3665],[24.0196,46.363],[24.0199,46.3604],[24.0423,46.3512],[24.0508,46.3434],[24.0667,46.3412],[24.0749,46.3357],[24.0993,46.337],[24.1145,46.3336],[24.1358,46.3362],[24.1393,46.3329],[24.137,46.3319],[24.1431,46.3317],[24.1485,46.3262],[24.1483,46.3098],[24.1424,46.301],[24.1592,46.2915],[24.1574,46.2828],[24.1625,46.2798],[24.1597,46.2775],[24.1652,46.2774],[24.1649,46.2714],[24.176,46.2688],[24.1749,46.2738],[24.179,46.2733],[24.175,46.2768],[24.1783,46.2768],[24.1767,46.2802],[24.1802,46.278],[24.1833,46.2832],[24.1942,46.283],[24.211,46.2717],[24.2065,46.2664],[24.2101,46.2635],[24.2208,46.2641],[24.2313,46.2596],[24.2277,46.2552],[24.2294,46.25],[24.2516,46.2404],[24.2288,46.2313],[24.2193,46.2303],[24.2098,46.2334],[24.1904,46.224],[24.1988,46.2123],[24.1947,46.2087],[24.1956,46.2045],[24.1876,46.1833],[24.1927,46.178],[24.2095,46.1742],[24.2168,46.164],[24.2133,46.1542],[24.1913,46.1529],[24.1516,46.1349],[24.1379,46.1378],[24.1189,46.1348],[24.1033,46.1221],[24.0903,46.1166],[24.0859,46.1069],[24.0809,46.1037],[24.0825,46.1019],[24.0754,46.1016],[24.0771,46.0981],[24.0678,46.0948],[24.076,46.0942],[24.0583,46.0845],[24.0425,46.0965],[24.0441,46.0803],[24.0325,46.0727],[24.0269,46.0628],[24.0324,46.0408],[24.0185,46.0389],[24.0269,46.0285],[24.0074,46.0167],[24.005,46.0119],[24.0065,46.0007],[24.0001,45.9981],[23.9898,46.0092],[23.9877,46.018],[23.9908,46.0183],[23.9768,46.0294],[23.9845,46.0347],[23.9796,46.0382],[23.9678,46.034],[23.9632,46.0342],[23.9661,46.0373],[23.9643,46.0406],[23.9569,46.0363],[23.9369,46.0378],[23.9319,46.0394],[23.9337,46.0437],[23.928,46.0488],[23.9224,46.0486],[23.9197,46.0437],[23.9129,46.0411],[23.9008,46.0409],[23.8913,46.0447],[23.8828,46.0343],[23.8795,46.0361],[23.8457,46.0078],[23.8518,46.0085],[23.8512,46.0019],[23.8569,46.0009],[23.8524,45.9855],[23.8562,45.9826],[23.8544,45.9814],[23.8609,45.9805],[23.8636,45.963],[23.873,45.9615],[23.8745,45.9584],[23.8701,45.9487],[23.8616,45.9497],[23.8608,45.9538],[23.85,45.959],[23.8373,45.9514],[23.8355,45.943],[23.8272,45.9404],[23.8249,45.931],[23.8164,45.9232],[23.804,45.9287],[23.805,45.9238],[23.797,45.9223],[23.798,45.9247],[23.7894,45.9283],[23.7589,45.9201],[23.7498,45.9222],[23.7331,45.9143],[23.7354,45.9116],[23.73,45.9098],[23.7352,45.906],[23.7271,45.9026],[23.7304,45.8972],[23.7444,45.8926],[23.7498,45.8852],[23.7665,45.8885],[23.7734,45.8807],[23.7477,45.8618],[23.7327,45.8428],[23.7269,45.8481],[23.7271,45.8401],[23.7327,45.8382],[23.7345,45.8307],[23.7213,45.8332],[23.7166,45.8303],[23.7159,45.8251],[23.719,45.8239],[23.6993,45.8287],[23.6943,45.8251],[23.6957,45.8089],[23.6877,45.8077],[23.6875,45.8026],[23.6792,45.8076],[23.6756,45.8049],[23.6496,45.8076],[23.6439,45.8044],[23.6249,45.8083],[23.6166,45.8019],[23.6147,45.7961],[23.6245,45.7944],[23.622,45.7833],[23.6279,45.7793],[23.6387,45.7781],[23.6432,45.7718],[23.6492,45.7702],[23.6492,45.7657],[23.659,45.7633],[23.6745,45.7495],[23.6594,45.7612],[23.645,45.7457],[23.6319,45.7523],[23.6223,45.7505],[23.6154,45.7392],[23.6196,45.7355],[23.6099,45.7265],[23.6098,45.723],[23.6011,45.7229],[23.6047,45.7162],[23.5957,45.7083],[23.5982,45.7068],[23.5966,45.7035],[23.5936,45.7058],[23.5889,45.7027],[23.5977,45.6945],[23.6103,45.6907],[23.6109,45.6876],[23.5968,45.6829],[23.5965,45.6789],[23.5907,45.6763],[23.5927,45.6737],[23.6126,45.6652],[23.6163,45.6604],[23.6254,45.6589],[23.6449,45.6401],[23.6445,45.6299],[23.6334,45.6287],[23.6323,45.6216],[23.6366,45.6118],[23.6432,45.6111],[23.6467,45.6033],[23.6527,45.6013],[23.6437,45.5884],[23.6294,45.5885],[23.618,45.5809],[23.6158,45.5667],[23.6106,45.5636],[23.6361,45.544],[23.638,45.5354],[23.6478,45.5271],[23.6452,45.5237],[23.6523,45.52],[23.6505,45.5164],[23.654,45.5052],[23.6651,45.4934],[23.6975,45.4986],[23.7036,45.4968],[23.6978,45.4879],[23.6892,45.4833],[23.6884,45.4763],[23.6794,45.47],[23.6789,45.4648],[23.6592,45.4614],[23.6537,45.4573],[23.6474,45.46],[23.6403,45.4554],[23.6349,45.4566],[23.6298,45.4586],[23.6311,45.4656],[23.6269,45.4709],[23.6172,45.4658],[23.605,45.4679],[23.5973,45.4735],[23.5973,45.4808],[23.5919,45.4862],[23.5954,45.4923],[23.5773,45.5075],[23.5689,45.5245],[23.5542,45.5306],[23.5515,45.5379],[23.5366,45.5498],[23.5182,45.5507],[23.5137,45.5537],[23.5031,45.5637],[23.5045,45.5712],[23.4995,45.5798],[23.483,45.5736],[23.4766,45.5805],[23.4539,45.5798],[23.4455,45.5879],[23.4273,45.5844],[23.4186,45.5956],[23.4193,45.6021],[23.4242,45.6074],[23.4204,45.6138],[23.4267,45.6231],[23.4091,45.6338],[23.3944,45.6306],[23.3769,45.6219],[23.3699,45.6262],[23.3658,45.6375],[23.3688,45.6426],[23.3851,45.6503],[23.3867,45.657],[23.4018,45.6589],[23.4086,45.6684],[23.4221,45.6701],[23.4227,45.6787],[23.4183,45.684],[23.4047,45.687],[23.395,45.6942],[23.3821,45.6948],[23.366,45.7074],[23.3602,45.7179],[23.3679,45.726],[23.37,45.7381],[23.3802,45.753],[23.381,45.7593],[23.3757,45.7645],[23.3736,45.7728],[23.3532,45.7778],[23.3477,45.7882],[23.3529,45.7928],[23.3434,45.7996],[23.3438,45.8075],[23.3394,45.8097],[23.3371,45.82],[23.3306,45.8243],[23.3292,45.8316],[23.3239,45.8363],[23.3268,45.8426],[23.3247,45.8517],[23.3301,45.8598],[23.3304,45.8649],[23.3272,45.8666],[23.3329,45.8699],[23.3317,45.8798],[23.3277,45.8789],[23.3142,45.8914],[23.3033,45.8938],[23.3191,45.9077],[23.3372,45.9109],[23.3377,45.9181],[23.3282,45.9152],[23.3229,45.9213],[23.3149,45.9196],[23.3126,45.9224],[23.2934,45.9191],[23.2831,45.9248],[23.2862,45.9269],[23.2695,45.9291],[23.2651,45.9336],[23.2516,45.9596],[23.2523,45.9693],[23.2449,45.9732],[23.2475,45.9762],[23.2353,45.9878],[23.2404,46.0088],[23.2349,46.0305],[23.2417,46.0385],[23.2363,46.0409],[23.2236,46.0329],[23.2048,46.036],[23.1844,46.0271],[23.1775,46.0317],[23.1624,46.0321],[23.1409,46.0376],[23.1347,46.035],[23.1294,46.0428],[23.101,46.046],[23.1027,46.0617],[23.0873,46.0665],[23.0894,46.0767],[23.0797,46.0824],[23.0872,46.0887],[23.0837,46.0927],[23.0907,46.0949],[23.0895,46.1002],[23.0753,46.1072],[23.0618,46.1058],[23.0679,46.1223],[23.0594,46.1292],[23.0552,46.1408],[23.0764,46.1451],[23.0777,46.1498],[23.0866,46.1428],[23.099,46.1389],[23.1038,46.1537],[23.0974,46.1567],[23.0947,46.1601],[23.0964,46.1626],[23.0901,46.1665],[23.0913,46.1772],[23.0949,46.1783],[23.0955,46.1823],[23.0694,46.1987],[23.0678,46.2049],[23.0702,46.2073],[23.0573,46.2093],[23.0505,46.2138],[23.0394,46.2081],[23.0122,46.2148],[23.0018,46.2117],[22.9911,46.2182],[22.9819,46.2177],[22.9816,46.2262],[22.9753,46.2339],[22.9706,46.2347],[22.9706,46.2371],[22.9674,46.2354],[22.9674,46.2405],[22.9559,46.2469],[22.9549,46.2606],[22.9475,46.2666],[22.9651,46.2824],[22.9582,46.2928],[22.9432,46.2986],[22.9436,46.3061],[22.9354,46.3174],[22.9367,46.3211],[22.9331,46.3266],[22.9246,46.331],[22.9065,46.3305],[22.869,46.338],[22.8553,46.3356],[22.8518,46.3296],[22.812,46.3261],[22.8047,46.3298],[22.7994,46.3388],[22.7855,46.3401],[22.777,46.3493],[22.7618,46.3527],[22.7487,46.3512],[22.7278,46.3636],[22.7139,46.3622],[22.6993,46.3656],[22.6987,46.3787],[22.6915,46.3839],[22.6819,46.3853],[22.6756,46.395],[22.6766,46.4058],[22.6746,46.4087],[22.6776,46.4105],[22.6872,46.4122],[22.7199,46.4309],[22.6903,46.4397],[22.6882,46.4416],[22.6925,46.4533],[22.6774,46.4686],[22.6798,46.4764],[22.673,46.4812],[22.6638,46.4798],[22.6727,46.4856],[22.673,46.4903],[22.6797,46.4925],[22.6747,46.5066],[22.677,46.5233],[22.691,46.5186],[22.7003,46.5248],[22.702,46.5306],[22.722,46.5412],[22.7261,46.5469],[22.7513,46.5492],[22.7555,46.5547],[22.7522,46.569],[22.7573,46.572],[22.7629,46.5691],[22.7636,46.5758],[22.7776,46.573],[22.7744,46.5692],[22.7826,46.5716],[22.7858,46.5661],[22.8119,46.5689]]]}},{"type":"Feature","properties":{"name":"Cluj","code":"CJ"},"geometry":{"type":"Polygon","coordinates":[[[24.0227,47.362],[24.0178,47.3445],[24.0268,47.3314],[24.022,47.3291],[24.0294,47.3248],[24.0184,47.3173],[24.0212,47.3142],[24.0086,47.313],[24.0071,47.3046],[23.9901,47.3183],[23.9819,47.3213],[23.9768,47.315],[23.9716,47.3164],[23.9716,47.3117],[23.9647,47.312],[23.9595,47.317],[23.9604,47.3124],[23.9569,47.3113],[23.9567,47.3159],[23.9535,47.3158],[23.9492,47.3056],[23.9401,47.3089],[23.9384,47.3028],[23.9328,47.3032],[23.9268,47.2985],[23.9347,47.2848],[23.9313,47.2824],[23.9331,47.2793],[23.9306,47.2743],[23.9213,47.2733],[23.9203,47.2472],[23.9234,47.2461],[23.9247,47.236],[23.9297,47.2318],[23.9292,47.2212],[23.9367,47.2116],[23.936,47.1993],[23.9506,47.1766],[23.9536,47.1775],[23.9596,47.172],[23.9545,47.1685],[23.9583,47.1622],[23.9697,47.1631],[23.9778,47.1681],[24.0053,47.167],[24.0073,47.1685],[24.0015,47.1718],[24.002,47.1758],[24.0166,47.1783],[24.021,47.1731],[24.0205,47.1682],[24.0246,47.1695],[24.0284,47.1641],[24.0238,47.1549],[24.0141,47.1586],[24.0144,47.1525],[24.0115,47.1505],[24.0174,47.1425],[24.0261,47.1459],[24.0263,47.1434],[24.0393,47.1403],[24.0405,47.1325],[24.0568,47.1329],[24.0708,47.1287],[24.0673,47.1243],[24.0698,47.1242],[24.0702,47.1182],[24.0772,47.1199],[24.0879,47.1152],[24.0965,47.127],[24.1078,47.1241],[24.1113,47.1185],[24.1099,47.1113],[24.1204,47.1059],[24.1195,47.0979],[24.129,47.0927],[24.1408,47.0943],[24.1472,47.0896],[24.1311,47.0878],[24.136,47.082],[24.1342,47.0739],[24.1239,47.0664],[24.1264,47.0604],[24.1188,47.0583],[24.1179,47.051],[24.1146,47.0506],[24.1166,47.0414],[24.1036,47.0272],[24.1153,47.0221],[24.1159,47.0112],[24.1044,47.0027],[24.107,46.9952],[24.1005,46.9961],[24.1021,46.9924],[24.0979,46.9891],[24.0995,46.9859],[24.1081,46.9853],[24.1181,46.974],[24.1139,46.9606],[24.1416,46.9673],[24.157,46.9617],[24.1582,46.9648],[24.1755,46.9632],[24.1704,46.9582],[24.1783,46.9569],[24.1783,46.9535],[24.1726,46.9531],[24.1678,46.9465],[24.1614,46.9479],[24.1615,46.9336],[24.1853,46.9289],[24.1925,46.9351],[24.1951,46.9307],[24.1936,46.9242],[24.1868,46.9218],[24.2096,46.912],[24.2149,46.9067],[24.2164,46.8971],[24.2274,46.8884],[24.2121,46.8852],[24.2191,46.8739],[24.1992,46.8526],[24.206,46.8493],[24.2106,46.8394],[24.1888,46.8311],[24.1969,46.8196],[24.1885,46.8122],[24.1928,46.8098],[24.1913,46.8056],[24.183,46.8092],[24.1776,46.8072],[24.1796,46.8047],[24.1851,46.8007],[24.188,46.7935],[24.1806,46.7872],[24.1708,46.7863],[24.1675,46.7812],[24.1176,46.7738],[24.1158,46.7654],[24.1261,46.7465],[24.1159,46.7424],[24.0879,46.7536],[24.0877,46.7498],[24.0838,46.7494],[24.0849,46.7463],[24.0745,46.7454],[24.0665,46.7335],[24.0891,46.7111],[24.1108,46.7095],[24.1244,46.7001],[24.1139,46.694],[24.1133,46.683],[24.1084,46.6782],[24.1024,46.6616],[24.0938,46.6615],[24.0946,46.6572],[24.0638,46.6565],[24.0589,46.6511],[24.0336,46.6451],[24.0347,46.6413],[24.029,46.6298],[24.0202,46.6279],[24.0252,46.6155],[24.0551,46.6098],[24.0562,46.6067],[24.0642,46.6093],[24.0691,46.606],[24.0676,46.5984],[24.0602,46.591],[24.0525,46.575],[24.0526,46.5618],[24.0375,46.5573],[24.0454,46.5451],[24.0343,46.5421],[24.0291,46.5332],[24.0194,46.5313],[24.0032,46.5412],[23.9869,46.5423],[23.9693,46.5221],[23.9591,46.5155],[23.975,46.5046],[23.969,46.505],[23.9703,46.5028],[23.9642,46.4984],[23.9737,46.482],[23.9629,46.4757],[23.9678,46.4726],[23.9708,46.4594],[23.9849,46.4588],[23.9794,46.4561],[23.9795,46.4533],[23.9881,46.454],[23.9901,46.4519],[23.9852,46.4495],[23.9951,46.4487],[24.0049,46.4422],[23.9853,46.4309],[23.9776,46.4296],[23.9748,46.4345],[23.9709,46.435],[23.9729,46.4365],[23.9641,46.4365],[23.9505,46.4501],[23.9233,46.4493],[23.9097,46.4635],[23.8962,46.4608],[23.8953,46.4634],[23.8867,46.4635],[23.8879,46.4593],[23.876,46.4535],[23.8801,46.45],[23.8684,46.4474],[23.8642,46.4511],[23.8661,46.4562],[23.8551,46.451],[23.8427,46.4643],[23.8387,46.4614],[23.8381,46.466],[23.8334,46.4658],[23.8332,46.4689],[23.8298,46.469],[23.8254,46.4629],[23.814,46.4664],[23.805,46.4636],[23.802,46.4657],[23.7901,46.4632],[23.7917,46.4601],[23.7829,46.4581],[23.7665,46.4622],[23.7573,46.4576],[23.7458,46.4588],[23.7303,46.4515],[23.7012,46.4575],[23.677,46.4493],[23.6686,46.4394],[23.6725,46.4293],[23.651,46.4277],[23.6553,46.4245],[23.6556,46.418],[23.6685,46.4156],[23.6624,46.4206],[23.6655,46.4207],[23.6727,46.4178],[23.6811,46.4085],[23.6693,46.4036],[23.6647,46.4047],[23.6692,46.4018],[23.6609,46.3967],[23.6588,46.3996],[23.6443,46.3991],[23.6414,46.4],[23.6429,46.4032],[23.6228,46.4058],[23.6119,46.4136],[23.6042,46.4145],[23.6032,46.4286],[23.5919,46.4362],[23.5898,46.4565],[23.5965,46.4596],[23.6031,46.4694],[23.6003,46.4777],[23.6145,46.4785],[23.612,46.4846],[23.5887,46.4886],[23.5867,46.4961],[23.5744,46.4972],[23.5594,46.4882],[23.5481,46.5039],[23.5371,46.4987],[23.5297,46.4992],[23.5308,46.4907],[23.5231,46.486],[23.5158,46.4928],[23.4971,46.4953],[23.4851,46.5036],[23.4758,46.5004],[23.4626,46.5042],[23.4583,46.5158],[23.4545,46.5173],[23.4601,46.5254],[23.4539,46.5284],[23.4393,46.5232],[23.4308,46.5296],[23.419,46.5273],[23.4006,46.5305],[23.3932,46.5387],[23.3861,46.5405],[23.3702,46.5385],[23.3469,46.53],[23.3467,46.5334],[23.3407,46.5301],[23.3347,46.5329],[23.3293,46.5278],[23.3118,46.5245],[23.3044,46.5251],[23.2985,46.5302],[23.2822,46.5299],[23.2778,46.5262],[23.2799,46.5126],[23.2896,46.5089],[23.2771,46.5072],[23.2696,46.4978],[23.2491,46.4979],[23.2369,46.4909],[23.1956,46.4925],[23.1916,46.4948],[23.1848,46.5097],[23.1677,46.5057],[23.1508,46.506],[23.1302,46.491],[23.119,46.4874],[23.1078,46.492],[23.1041,46.4905],[23.1044,46.4851],[23.0936,46.4684],[23.0862,46.4666],[23.0602,46.4709],[23.0521,46.4662],[23.0471,46.4683],[23.0461,46.4765],[23.0556,46.4925],[23.0326,46.502],[23.0228,46.5002],[23.0113,46.5036],[23.0069,46.5087],[23.01,46.5138],[23.0058,46.5243],[23.0014,46.5272],[23.0009,46.534],[22.989,46.5377],[22.9998,46.5484],[22.9999,46.5526],[22.9901,46.5546],[22.9774,46.5485],[22.9683,46.5485],[22.9474,46.5561],[22.9308,46.5551],[22.9088,46.5444],[22.9022,46.5441],[22.8957,46.5387],[22.883,46.5359],[22.8595,46.54],[22.8557,46.5506],[22.8476,46.5458],[22.836,46.5464],[22.8255,46.5535],[22.8132,46.556],[22.8119,46.5689],[22.818,46.5702],[22.8145,46.5757],[22.8172,46.5843],[22.8063,46.5905],[22.8075,46.6105],[22.8015,46.6184],[22.8106,46.6272],[22.8116,46.6328],[22.8196,46.6386],[22.788,46.627],[22.7932,46.6338],[22.7936,46.6396],[22.7726,46.6524],[22.771,46.6664],[22.7556,46.6853],[22.749,46.6892],[22.746,46.6948],[22.7479,46.7002],[22.7426,46.703],[22.7444,46.708],[22.7409,46.7144],[22.7321,46.7245],[22.7082,46.7388],[22.7145,46.7531],[22.7112,46.7626],[22.7132,46.7633],[22.6537,46.7925],[22.644,46.7934],[22.6373,46.7994],[22.658,46.8051],[22.7042,46.8055],[22.7108,46.8128],[22.7138,46.8109],[22.7264,46.8159],[22.733,46.8338],[22.7455,46.8479],[22.7457,46.8579],[22.7541,46.8762],[22.7604,46.8778],[22.779,46.897],[22.7746,46.9023],[22.7757,46.9106],[22.7367,46.915],[22.7254,46.9228],[22.7172,46.9334],[22.698,46.9387],[22.6856,46.9387],[22.679,46.9449],[22.6797,46.9489],[22.6708,46.9501],[22.6765,46.9545],[22.6784,46.9625],[22.6748,46.9709],[22.6971,46.9816],[22.703,46.9908],[22.7142,46.9947],[22.7282,47.0075],[22.7532,47.0027],[22.7858,46.988],[22.7852,46.9815],[22.795,46.9771],[22.8211,46.9829],[22.8285,46.9864],[22.8313,46.994],[22.8348,46.9952],[22.8425,46.9886],[22.8464,46.9915],[22.8588,46.9877],[22.8662,46.9807],[22.8759,46.9896],[22.879,46.9889],[22.8711,46.9797],[22.89,46.9761],[22.899,46.9695],[22.8992,46.9505],[22.8966,46.9443],[22.9011,46.942],[22.904,46.9333],[22.9077,46.937],[22.916,46.9347],[22.9208,46.926],[22.9272,46.9263],[22.9322,46.9223],[22.9316,46.9184],[22.9381,46.916],[22.9445,46.919],[22.9558,46.9137],[22.9713,46.9126],[22.9771,46.9051],[22.9847,46.9031],[23.0002,46.9042],[23.0069,46.9076],[23.0052,46.903],[23.0139,46.9008],[23.0091,46.8927],[23.0122,46.8923],[23.0117,46.8878],[23.0229,46.8958],[23.0269,46.8927],[23.0302,46.9012],[23.0335,46.9015],[23.035,46.8962],[23.0414,46.8972],[23.0322,46.8897],[23.0376,46.8879],[23.0359,46.8818],[23.0419,46.8816],[23.0452,46.8842],[23.0405,46.8883],[23.0571,46.8946],[23.0599,46.8967],[23.0581,46.8998],[23.0653,46.9046],[23.0649,46.9006],[23.0796,46.8982],[23.0775,46.8953],[23.0923,46.8903],[23.0833,46.8779],[23.0854,46.8718],[23.0834,46.8672],[23.0904,46.8597],[23.1043,46.8605],[23.1066,46.8575],[23.1033,46.8562],[23.1048,46.8534],[23.1309,46.8578],[23.1421,46.865],[23.1512,46.866],[23.1494,46.8697],[23.1604,46.8762],[23.1755,46.8753],[23.1628,46.8793],[23.1762,46.8795],[23.1917,46.8702],[23.1987,46.8695],[23.2003,46.8821],[23.2086,46.8845],[23.2157,46.8918],[23.2226,46.8926],[23.211,46.9023],[23.2124,46.9057],[23.2066,46.9216],[23.2026,46.9226],[23.2296,46.9348],[23.2162,46.9397],[23.2212,46.9495],[23.2172,46.953],[23.2288,46.9524],[23.2282,46.9546],[23.2341,46.9569],[23.2283,46.9592],[23.2263,46.9625],[23.2283,46.9637],[23.2426,46.9562],[23.2376,46.9473],[23.2511,46.9423],[23.2587,46.935],[23.2545,46.9264],[23.2589,46.9142],[23.2643,46.9104],[23.278,46.9107],[23.2763,46.9017],[23.2821,46.8979],[23.2904,46.8977],[23.3046,46.9031],[23.3092,46.9111],[23.3238,46.9142],[23.3383,46.9084],[23.3514,46.9149],[23.355,46.92],[23.3452,46.9206],[23.3446,46.9249],[23.3601,46.9272],[23.36,46.9313],[23.3634,46.931],[23.3621,46.9336],[23.3653,46.9364],[23.3638,46.9399],[23.3719,46.9373],[23.3703,46.9399],[23.3783,46.9417],[23.3821,46.9484],[23.3887,46.9505],[23.3724,46.9624],[23.3763,46.9661],[23.388,46.9669],[23.384,46.9711],[23.385,46.9773],[23.3995,46.9764],[23.4117,46.9818],[23.4071,46.9823],[23.4042,46.9868],[23.4092,46.9879],[23.3984,46.9935],[23.4277,46.9884],[23.4316,46.9941],[23.4413,46.9916],[23.4457,46.9978],[23.4523,47.0002],[23.4587,46.9981],[23.4635,47.0042],[23.4579,47.0056],[23.4671,47.0124],[23.4741,47.0135],[23.4741,47.0167],[23.4675,47.0215],[23.4708,47.0263],[23.4863,47.03],[23.4844,47.0322],[23.4879,47.0353],[23.4718,47.0437],[23.4768,47.0464],[23.4718,47.0496],[23.4757,47.0521],[23.4738,47.0549],[23.4675,47.0587],[23.4504,47.061],[23.4518,47.0674],[23.4478,47.0708],[23.4477,47.0756],[23.4275,47.0896],[23.434,47.093],[23.4412,47.0878],[23.4485,47.088],[23.4532,47.0923],[23.4525,47.0959],[23.4663,47.0901],[23.4851,47.0908],[23.4888,47.0967],[23.4801,47.1083],[23.4896,47.1098],[23.484,47.1106],[23.4875,47.1195],[23.4958,47.1133],[23.5016,47.1129],[23.5041,47.1173],[23.5001,47.1281],[23.4914,47.1295],[23.4958,47.1319],[23.5002,47.141],[23.4979,47.1549],[23.5085,47.1573],[23.5214,47.1555],[23.5341,47.1611],[23.5445,47.1586],[23.5436,47.1657],[23.5537,47.1772],[23.5615,47.1789],[23.5692,47.177],[23.5742,47.1804],[23.5825,47.1775],[23.5928,47.1716],[23.5971,47.1646],[23.6158,47.1699],[23.6213,47.1769],[23.6275,47.1773],[23.6339,47.1826],[23.6313,47.1882],[23.634,47.1896],[23.6267,47.1942],[23.636,47.2017],[23.6402,47.2132],[23.6454,47.2138],[23.6468,47.2185],[23.6437,47.222],[23.6536,47.229],[23.6529,47.2347],[23.6619,47.2369],[23.6648,47.2334],[23.6672,47.2393],[23.6783,47.2372],[23.6788,47.234],[23.6974,47.2442],[23.7116,47.2435],[23.7206,47.2549],[23.7262,47.246],[23.7527,47.242],[23.7556,47.2592],[23.753,47.261],[23.7587,47.2638],[23.7565,47.2713],[23.7603,47.2775],[23.7585,47.2806],[23.7621,47.2835],[23.7662,47.2813],[23.7612,47.2802],[23.7662,47.2808],[23.7633,47.2788],[23.7686,47.2784],[23.7695,47.2727],[23.7963,47.2634],[23.7958,47.2589],[23.8071,47.255],[23.8081,47.2514],[23.8145,47.2513],[23.8097,47.2574],[23.8142,47.2574],[23.8129,47.2679],[23.7989,47.2815],[23.8135,47.2912],[23.8069,47.296],[23.8159,47.2988],[23.8138,47.3071],[23.8256,47.3087],[23.8288,47.313],[23.8281,47.32],[23.8416,47.3274],[23.8389,47.3297],[23.8421,47.3345],[23.8414,47.34],[23.8322,47.3477],[23.8406,47.3546],[23.8469,47.3724],[23.8527,47.3681],[23.8667,47.3703],[23.8699,47.3802],[23.8722,47.3776],[23.8693,47.3745],[23.8723,47.3709],[23.8874,47.3656],[23.8981,47.3544],[23.9164,47.3569],[23.9252,47.3524],[23.9411,47.3597],[23.9558,47.3595],[23.9698,47.3657],[23.9832,47.3651],[23.9993,47.3581],[23.9942,47.3633],[23.9972,47.3657],[24.0227,47.362]]]}},{"type":"Feature","properties":{"name":"Sălaj","code":"SJ"},"geometry":{"type":"Polygon","coordinates":[[[23.8414,47.34],[23.8421,47.3345],[23.8389,47.3297],[23.8416,47.3274],[23.8281,47.32],[23.8288,47.313],[23.8256,47.3087],[23.8138,47.3071],[23.8159,47.2988],[23.8069,47.296],[23.8135,47.2912],[23.7989,47.2815],[23.8129,47.2679],[23.8142,47.2574],[23.8097,47.2574],[23.8145,47.2513],[23.8081,47.2514],[23.8071,47.255],[23.7958,47.2589],[23.7963,47.2634],[23.7695,47.2727],[23.7686,47.2784],[23.7633,47.2788],[23.7662,47.2808],[23.7612,47.2802],[23.7662,47.2813],[23.7621,47.2835],[23.7585,47.2806],[23.7603,47.2775],[23.7565,47.2713],[23.7587,47.2638],[23.753,47.261],[23.7556,47.2592],[23.7527,47.242],[23.7262,47.246],[23.7206,47.2549],[23.7116,47.2435],[23.6974,47.2442],[23.6788,47.234],[23.6783,47.2372],[23.6672,47.2393],[23.6648,47.2334],[23.6619,47.2369],[23.6529,47.2347],[23.6536,47.229],[23.6437,47.222],[23.6468,47.2185],[23.6454,47.2138],[23.6402,47.2132],[23.636,47.2017],[23.6267,47.1942],[23.634,47.1896],[23.6313,47.1882],[23.6339,47.1826],[23.6275,47.1773],[23.6213,47.1769],[23.6158,47.1699],[23.5971,47.1646],[23.5928,47.1716],[23.5825,47.1775],[23.5742,47.1804],[23.5692,47.177],[23.5615,47.1789],[23.5537,47.1772],[23.5436,47.1657],[23.5445,47.1586],[23.5341,47.1611],[23.5214,47.1555],[23.5085,47.1573],[23.4979,47.1549],[23.5002,47.141],[23.4958,47.1319],[23.4914,47.1295],[23.5001,47.1281],[23.5041,47.1173],[23.5016,47.1129],[23.4958,47.1133],[23.4875,47.1195],[23.484,47.1106],[23.4896,47.1098],[23.4801,47.1083],[23.4888,47.0967],[23.4851,47.0908],[23.4663,47.0901],[23.4525,47.0959],[23.4532,47.0923],[23.4485,47.088],[23.4412,47.0878],[23.434,47.093],[23.4275,47.0896],[23.4477,47.0756],[23.4478,47.0708],[23.4518,47.0674],[23.4504,47.061],[23.4675,47.0587],[23.4738,47.0549],[23.4757,47.0521],[23.4718,47.0496],[23.4768,47.0464],[23.4718,47.0437],[23.4879,47.0353],[23.4844,47.0322],[23.4863,47.03],[23.4708,47.0263],[23.4675,47.0215],[23.4741,47.0167],[23.4741,47.0135],[23.4671,47.0124],[23.4579,47.0056],[23.4635,47.0042],[23.4587,46.9981],[23.4523,47.0002],[23.4457,46.9978],[23.4413,46.9916],[23.4316,46.9941],[23.4277,46.9884],[23.3984,46.9935],[23.4092,46.9879],[23.4042,46.9868],[23.4071,46.9823],[23.4117,46.9818],[23.3995,46.9764],[23.385,46.9773],[23.384,46.9711],[23.388,46.9669],[23.3763,46.9661],[23.3724,46.9624],[23.3887,46.9505],[23.3821,46.9484],[23.3783,46.9417],[23.3703,46.9399],[23.3719,46.9373],[23.3638,46.9399],[23.3653,46.9364],[23.3621,46.9336],[23.3634,46.931],[23.36,46.9313],[23.3601,46.9272],[23.3446,46.9249],[23.3452,46.9206],[23.355,46.92],[23.3514,46.9149],[23.3383,46.9084],[23.3238,46.9142],[23.3092,46.9111],[23.3046,46.9031],[23.2904,46.8977],[23.2821,46.8979],[23.2763,46.9017],[23.278,46.9107],[23.2643,46.9104],[23.2589,46.9142],[23.2545,46.9264],[23.2587,46.935],[23.2511,46.9423],[23.2376,46.9473],[23.2426,46.9562],[23.2283,46.9637],[23.2263,46.9625],[23.2283,46.9592],[23.2341,46.9569],[23.2282,46.9546],[23.2288,46.9524],[23.2172,46.953],[23.2212,46.9495],[23.2162,46.9397],[23.2296,46.9348],[23.2026,46.9226],[23.2066,46.9216],[23.2124,46.9057],[23.211,46.9023],[23.2226,46.8926],[23.2157,46.8918],[23.2086,46.8845],[23.2003,46.8821],[23.1987,46.8695],[23.1917,46.8702],[23.1762,46.8795],[23.1628,46.8793],[23.1755,46.8753],[23.1604,46.8762],[23.1494,46.8697],[23.1512,46.866],[23.1421,46.865],[23.1309,46.8578],[23.1048,46.8534],[23.1033,46.8562],[23.1066,46.8575],[23.1043,46.8605],[23.0904,46.8597],[23.0834,46.8672],[23.0854,46.8718],[23.0833,46.8779],[23.0923,46.8903],[23.0775,46.8953],[23.0796,46.8982],[23.0649,46.9006],[23.0653,46.9046],[23.0581,46.8998],[23.0599,46.8967],[23.0571,46.8946],[23.0405,46.8883],[23.0452,46.8842],[23.0419,46.8816],[23.0359,46.8818],[23.0376,46.8879],[23.0322,46.8897],[23.0414,46.8972],[23.035,46.8962],[23.0335,46.9015],[23.0302,46.9012],[23.0269,46.8927],[23.0229,46.8958],[23.0117,46.8878],[23.0122,46.8923],[23.0091,46.8927],[23.0139,46.9008],[23.0052,46.903],[23.0069,46.9076],[23.0002,46.9042],[22.9847,46.9031],[22.9771,46.9051],[22.9713,46.9126],[22.9558,46.9137],[22.9445,46.919],[22.9381,46.916],[22.9316,46.9184],[22.9322,46.9223],[22.9272,46.9263],[22.9208,46.926],[22.916,46.9347],[22.9077,46.937],[22.904,46.9333],[22.9011,46.942],[22.8966,46.9443],[22.8992,46.9505],[22.899,46.9695],[22.89,46.9761],[22.8711,46.9797],[22.879,46.9889],[22.8759,46.9896],[22.8662,46.9807],[22.8588,46.9877],[22.8464,46.9915],[22.8425,46.9886],[22.8348,46.9952],[22.8313,46.994],[22.8285,46.9864],[22.8211,46.9829],[22.795,46.9771],[22.7852,46.9815],[22.7858,46.988],[22.7532,47.0027],[22.7282,47.0075],[22.7096,47.0107],[22.701,47.0181],[22.6979,47.0305],[22.6904,47.0343],[22.6908,47.0466],[22.6868,47.0513],[22.6673,47.05],[22.6479,47.0573],[22.6311,47.0554],[22.6205,47.0603],[22.5923,47.0632],[22.5916,47.0681],[22.5734,47.0762],[22.5688,47.0823],[22.545,47.088],[22.5372,47.0997],[22.5143,47.1088],[22.5568,47.1162],[22.5667,47.1218],[22.5667,47.1263],[22.5559,47.1249],[22.5533,47.1345],[22.5441,47.1352],[22.5439,47.14],[22.5543,47.1432],[22.5497,47.1439],[22.5518,47.1454],[22.5486,47.1496],[22.5407,47.1467],[22.5338,47.1498],[22.5396,47.1615],[22.5314,47.1691],[22.5224,47.1644],[22.5082,47.1656],[22.5067,47.1733],[22.4935,47.1872],[22.502,47.1887],[22.5116,47.1962],[22.506,47.209],[22.508,47.2148],[22.5158,47.207],[22.522,47.2082],[22.511,47.2196],[22.5172,47.226],[22.5168,47.2327],[22.5399,47.2339],[22.5521,47.2483],[22.5612,47.2518],[22.5574,47.2541],[22.5583,47.2612],[22.5514,47.2606],[22.5606,47.2647],[22.5525,47.2724],[22.5468,47.2693],[22.5471,47.2809],[22.5535,47.2815],[22.5497,47.2916],[22.5531,47.2928],[22.5477,47.2982],[22.5609,47.3071],[22.5664,47.3038],[22.5697,47.3058],[22.575,47.3006],[22.5806,47.3012],[22.576,47.3082],[22.5892,47.3229],[22.5905,47.3257],[22.5872,47.3272],[22.6079,47.328],[22.6127,47.3348],[22.6271,47.3349],[22.6275,47.3413],[22.6314,47.3419],[22.635,47.3355],[22.6339,47.346],[22.6297,47.3498],[22.6423,47.3609],[22.6408,47.3663],[22.6454,47.3742],[22.6574,47.3746],[22.67,47.3803],[22.6737,47.3766],[22.6935,47.3862],[22.7228,47.3927],[22.7365,47.4012],[22.7334,47.405],[22.7479,47.4079],[22.749,47.4053],[22.758,47.4095],[22.7611,47.4161],[22.7682,47.4186],[22.7785,47.4194],[22.7779,47.4164],[22.7865,47.4173],[22.8019,47.4116],[22.801,47.4092],[22.8108,47.3999],[22.833,47.4181],[22.8478,47.4222],[22.8488,47.419],[22.8594,47.4176],[22.8612,47.4123],[22.8654,47.418],[22.9161,47.4136],[22.9156,47.4099],[22.9203,47.4096],[22.9185,47.4017],[22.9248,47.4016],[22.9206,47.3946],[22.9331,47.3927],[22.9324,47.3812],[22.9374,47.3811],[22.936,47.3749],[22.9565,47.3601],[22.9766,47.352],[22.9898,47.3615],[22.9974,47.3615],[23.003,47.369],[23.0178,47.3637],[23.0204,47.3569],[23.0386,47.3593],[23.0421,47.3554],[23.0464,47.3572],[23.0542,47.3505],[23.0548,47.3531],[23.06,47.3519],[23.0592,47.3566],[23.0626,47.3603],[23.0738,47.3603],[23.0738,47.3637],[23.079,47.3661],[23.0871,47.3634],[23.1041,47.3735],[23.0959,47.3771],[23.0976,47.3799],[23.0899,47.3846],[23.1083,47.396],[23.1191,47.3956],[23.1201,47.4087],[23.1124,47.4109],[23.1183,47.417],[23.116,47.4314],[23.1061,47.4424],[23.1379,47.4444],[23.1566,47.4415],[23.1556,47.4381],[23.159,47.4381],[23.1615,47.4444],[23.1836,47.4591],[23.1873,47.4522],[23.1959,47.4524],[23.2057,47.4479],[23.2055,47.442],[23.2204,47.4332],[23.2203,47.4373],[23.2251,47.4399],[23.2367,47.4349],[23.2448,47.4357],[23.2453,47.4392],[23.2592,47.4279],[23.2694,47.4252],[23.2871,47.4268],[23.2879,47.4228],[23.3081,47.4212],[23.3122,47.4238],[23.3224,47.4149],[23.3362,47.4119],[23.3414,47.4149],[23.3501,47.4129],[23.3573,47.4158],[23.3621,47.4001],[23.3774,47.3881],[23.391,47.3882],[23.3971,47.3919],[23.4019,47.3881],[23.4075,47.3906],[23.4139,47.3855],[23.4201,47.3882],[23.4386,47.3807],[23.4672,47.3782],[23.4677,47.3753],[23.4717,47.378],[23.4816,47.3777],[23.4928,47.366],[23.5111,47.3622],[23.517,47.366],[23.5152,47.3685],[23.5336,47.3671],[23.5387,47.3696],[23.5573,47.3666],[23.5597,47.363],[23.579,47.3622],[23.5844,47.3721],[23.6083,47.3749],[23.6111,47.3816],[23.6142,47.3811],[23.6103,47.386],[23.6118,47.3883],[23.6315,47.396],[23.6361,47.3921],[23.6498,47.3908],[23.6611,47.3795],[23.6658,47.3817],[23.6681,47.3796],[23.6641,47.3754],[23.6672,47.3743],[23.6667,47.3665],[23.6805,47.3551],[23.6883,47.3518],[23.6964,47.3545],[23.7124,47.3522],[23.6998,47.3474],[23.7068,47.3454],[23.7014,47.3446],[23.7036,47.343],[23.7011,47.3412],[23.7066,47.3382],[23.7105,47.3309],[23.7176,47.3323],[23.7186,47.3276],[23.7277,47.321],[23.7364,47.3231],[23.7453,47.3206],[23.7505,47.3262],[23.7603,47.3259],[23.7624,47.33],[23.7599,47.3353],[23.7645,47.3372],[23.7908,47.3366],[23.8078,47.343],[23.8216,47.3415],[23.8244,47.3448],[23.8299,47.3384],[23.8414,47.34]]]}},{"type":"Feature","properties":{"name":"Călărași","code":"CL"},"geometry":{"type":"Polygon","coordinates":[[[28.0174,44.3403],[28.0119,44.3221],[27.997,44.3046],[27.98,44.293],[27.9675,44.2741],[27.9498,44.2571],[27.934,44.2498],[27.9125,44.2472],[27.8849,44.251],[27.8637,44.2454],[27.8287,44.2466],[27.8008,44.2401],[27.7787,44.2326],[27.733,44.1994],[27.7253,44.1976],[27.7002,44.1964],[27.6839,44.2012],[27.637,44.2061],[27.6006,44.1983],[27.5284,44.1701],[27.504,44.1514],[27.4848,44.144],[27.4535,44.1251],[27.4329,44.1249],[27.3928,44.1319],[27.3769,44.1283],[27.3595,44.1288],[27.3279,44.1393],[27.3151,44.1406],[27.2954,44.1381],[27.2714,44.1263],[27.2595,44.1251],[27.2527,44.1202],[27.2402,44.1176],[27.2173,44.1167],[27.1852,44.1205],[27.169,44.1301],[27.1387,44.1401],[27.1224,44.1401],[27.0804,44.133],[27.061,44.1356],[27.0494,44.1402],[27.0481,44.144],[27.042,44.1446],[26.9945,44.1339],[26.9619,44.1362],[26.9233,44.132],[26.9067,44.1333],[26.8822,44.123],[26.8409,44.1115],[26.7628,44.0779],[26.7237,44.0727],[26.7081,44.0762],[26.6903,44.0744],[26.6628,44.0649],[26.6638,44.0628],[26.615,44.0562],[26.5928,44.05],[26.5705,44.054],[26.5283,44.0536],[26.4452,44.0337],[26.4346,44.0331],[26.4345,44.0353],[26.38,44.043],[26.374,44.0542],[26.3581,44.1081],[26.3897,44.123],[26.4197,44.1256],[26.418,44.1312],[26.4231,44.1342],[26.4237,44.1411],[26.4289,44.1459],[26.4271,44.1575],[26.4221,44.1657],[26.4175,44.1647],[26.4135,44.1758],[26.414,44.1802],[26.4208,44.1833],[26.4169,44.1881],[26.4096,44.189],[26.4086,44.1859],[26.3998,44.1854],[26.3998,44.1975],[26.4075,44.2002],[26.4159,44.1986],[26.4158,44.2038],[26.401,44.2081],[26.4004,44.2242],[26.3613,44.2231],[26.3602,44.2419],[26.3459,44.2418],[26.3336,44.2511],[26.3258,44.2499],[26.315,44.2579],[26.3036,44.2559],[26.2863,44.2767],[26.2811,44.2785],[26.2834,44.2813],[26.26,44.295],[26.2542,44.2982],[26.2759,44.3172],[26.2525,44.3302],[26.2804,44.3489],[26.2862,44.3456],[26.2953,44.3532],[26.3017,44.3542],[26.3059,44.3508],[26.3229,44.3608],[26.3142,44.3618],[26.3312,44.3718],[26.3269,44.3731],[26.3283,44.3748],[26.3145,44.372],[26.3129,44.3902],[26.2989,44.3901],[26.2962,44.3948],[26.2983,44.399],[26.2878,44.3987],[26.2868,44.4051],[26.2672,44.4057],[26.2601,44.4092],[26.2842,44.4132],[26.2889,44.4173],[26.298,44.4117],[26.3019,44.4133],[26.3092,44.4011],[26.3165,44.3999],[26.32,44.3865],[26.3266,44.3845],[26.3245,44.3872],[26.3328,44.3891],[26.3232,44.3961],[26.3387,44.4019],[26.342,44.3975],[26.3469,44.399],[26.3465,44.4049],[26.3525,44.412],[26.3756,44.4219],[26.3899,44.416],[26.4008,44.4198],[26.4015,44.4384],[26.4415,44.4377],[26.4418,44.4444],[26.4517,44.4443],[26.452,44.456],[26.4585,44.4591],[26.4517,44.4628],[26.4501,44.4562],[26.4435,44.4563],[26.4378,44.4619],[26.4263,44.4566],[26.3954,44.4572],[26.3947,44.4657],[26.3816,44.4647],[26.3817,44.4703],[26.3762,44.4691],[26.3768,44.4772],[26.3606,44.4861],[26.398,44.5112],[26.4066,44.5073],[26.4161,44.5217],[26.4192,44.5247],[26.4285,44.5216],[26.4672,44.5469],[26.4646,44.5494],[26.439,44.5487],[26.4485,44.5655],[26.4562,44.5667],[26.4666,44.5636],[26.4799,44.5765],[26.4964,44.5715],[26.4916,44.5623],[26.5078,44.5554],[26.5127,44.5616],[26.5222,44.5582],[26.5629,44.5266],[26.5994,44.5231],[26.5882,44.5124],[26.5953,44.5111],[26.5942,44.5142],[26.6108,44.5224],[26.6018,44.5266],[26.6037,44.5324],[26.6186,44.5277],[26.6199,44.5305],[26.6145,44.5354],[26.6211,44.5431],[26.6413,44.5317],[26.6447,44.5361],[26.6356,44.5409],[26.665,44.5955],[26.6838,44.5911],[26.6733,44.5725],[26.6827,44.5652],[26.6806,44.5625],[26.726,44.559],[26.7227,44.5377],[26.7542,44.5281],[26.7603,44.55],[26.787,44.5418],[26.7793,44.5214],[26.7731,44.5229],[26.7701,44.5178],[26.7963,44.511],[26.805,44.515],[26.8106,44.5224],[26.8234,44.5115],[26.8299,44.5276],[26.8502,44.5246],[26.8442,44.5193],[26.8441,44.5153],[26.8619,44.5201],[26.8755,44.5176],[26.8814,44.528],[26.8975,44.5231],[26.8927,44.5159],[26.9717,44.5289],[27.0036,44.529],[27.0035,44.5087],[27.0917,44.5086],[27.0916,44.4851],[27.1355,44.483],[27.1399,44.5009],[27.1885,44.4919],[27.1871,44.4867],[27.2062,44.4838],[27.2105,44.501],[27.2019,44.5021],[27.2058,44.5158],[27.2255,44.5132],[27.2243,44.5082],[27.2313,44.5073],[27.2279,44.4934],[27.263,44.4891],[27.2678,44.5063],[27.2903,44.5038],[27.2875,44.4897],[27.3456,44.4859],[27.3522,44.5173],[27.3702,44.5163],[27.3698,44.5061],[27.3901,44.5059],[27.3885,44.4962],[27.5024,44.4936],[27.5024,44.4967],[27.5185,44.4971],[27.5253,44.5438],[27.5457,44.5421],[27.5464,44.562],[27.5586,44.5611],[27.572,44.5591],[27.5702,44.4678],[27.6391,44.4707],[27.6386,44.4654],[27.6494,44.465],[27.6485,44.4508],[27.6594,44.4461],[27.6543,44.4209],[27.7342,44.4177],[27.7317,44.408],[27.7336,44.4062],[27.7466,44.4054],[27.748,44.3974],[27.7657,44.3974],[27.7699,44.3948],[27.7456,44.3819],[27.7475,44.3749],[27.7564,44.3659],[27.7486,44.3619],[27.7625,44.3478],[27.7719,44.3443],[27.7891,44.3551],[27.7996,44.3384],[27.8033,44.3414],[27.8134,44.3341],[27.8348,44.3473],[27.8426,44.3679],[27.8551,44.3801],[28.0174,44.3403]]]}},{"type":"Feature","properties":{"name":"Iași","code":"IS"},"geometry":{"type":"Polygon","coordinates":[[[28.1147,46.8376],[28.1026,46.8408],[28.0914,46.8485],[28.0839,46.8452],[28.0703,46.8522],[28.0631,46.8474],[28.0526,46.8509],[28.0498,46.8469],[28.0273,46.8386],[28.0219,46.8334],[28.0147,46.8338],[28.0084,46.8395],[27.9902,46.8384],[27.9796,46.8577],[27.942,46.8552],[27.9366,46.8648],[27.9282,46.8664],[27.9215,46.8631],[27.9404,46.8447],[27.9331,46.8441],[27.9281,46.8398],[27.9412,46.8377],[27.941,46.8341],[27.9353,46.8324],[27.9438,46.8225],[27.9287,46.8194],[27.9275,46.8231],[27.9194,46.822],[27.9207,46.82],[27.9168,46.8191],[27.9202,46.8105],[27.9166,46.8114],[27.9088,46.8058],[27.9022,46.8095],[27.8952,46.8072],[27.8883,46.8137],[27.895,46.8165],[27.8893,46.8269],[27.8921,46.8287],[27.8892,46.8382],[27.8846,46.8438],[27.8802,46.8434],[27.8876,46.8317],[27.8859,46.8239],[27.8695,46.8399],[27.8684,46.8506],[27.8722,46.8584],[27.8666,46.856],[27.8619,46.8606],[27.8459,46.8655],[27.8329,46.8634],[27.8297,46.8535],[27.797,46.8602],[27.7964,46.8634],[27.8047,46.8677],[27.8013,46.8688],[27.8072,46.8778],[27.8141,46.8809],[27.8121,46.8869],[27.8093,46.8868],[27.8129,46.8914],[27.8085,46.8966],[27.8113,46.9024],[27.8089,46.907],[27.8119,46.9089],[27.8103,46.9179],[27.8117,46.9206],[27.8159,46.9194],[27.8172,46.9241],[27.8119,46.9344],[27.8093,46.9344],[27.8083,46.928],[27.7955,46.9276],[27.7906,46.9324],[27.7887,46.9387],[27.7909,46.9415],[27.7876,46.9465],[27.7706,46.9472],[27.7696,46.9337],[27.7766,46.9251],[27.778,46.9154],[27.7841,46.9067],[27.7825,46.898],[27.7904,46.8865],[27.7917,46.8743],[27.7863,46.8744],[27.7859,46.8827],[27.7824,46.8781],[27.7685,46.8763],[27.7686,46.8829],[27.7646,46.8815],[27.7446,46.9024],[27.7395,46.9167],[27.733,46.9223],[27.7247,46.92],[27.7151,46.9323],[27.7105,46.9312],[27.7054,46.9401],[27.6937,46.9371],[27.6833,46.9553],[27.66,46.9736],[27.6547,46.9765],[27.6379,46.977],[27.6296,46.9888],[27.6214,46.9917],[27.6087,46.9707],[27.6063,46.9572],[27.6168,46.95],[27.61,46.9477],[27.6084,46.9503],[27.6076,46.9463],[27.6182,46.9395],[27.6162,46.925],[27.6305,46.9219],[27.6381,46.9126],[27.6371,46.905],[27.6427,46.9016],[27.6441,46.8968],[27.6318,46.8967],[27.6209,46.8897],[27.6069,46.8934],[27.6095,46.8897],[27.6043,46.89],[27.6058,46.8863],[27.5971,46.8856],[27.5999,46.8823],[27.5912,46.8789],[27.5843,46.8791],[27.5848,46.8858],[27.589,46.8873],[27.571,46.8889],[27.5682,46.8775],[27.5565,46.9023],[27.5473,46.9143],[27.535,46.9111],[27.5319,46.916],[27.52,46.9145],[27.5239,46.9047],[27.5245,46.8933],[27.5218,46.8914],[27.5331,46.8821],[27.5166,46.8753],[27.5003,46.8776],[27.4865,46.8751],[27.4896,46.8696],[27.4756,46.8664],[27.4717,46.8712],[27.4615,46.8681],[27.4672,46.8642],[27.4599,46.8624],[27.4548,46.8694],[27.4245,46.8625],[27.4171,46.8746],[27.4021,46.8759],[27.4016,46.8839],[27.3973,46.8828],[27.3966,46.8854],[27.4003,46.8862],[27.3981,46.8936],[27.377,46.889],[27.3725,46.8922],[27.3644,46.8826],[27.3512,46.8814],[27.3497,46.8768],[27.3386,46.8749],[27.3364,46.8677],[27.3112,46.863],[27.3079,46.8687],[27.295,46.8674],[27.2848,46.8759],[27.2707,46.8692],[27.2513,46.8676],[27.2485,46.8762],[27.246,46.8722],[27.2263,46.8681],[27.2233,46.878],[27.2143,46.8765],[27.2024,46.8824],[27.1934,46.8879],[27.2021,46.8965],[27.1989,46.8953],[27.1942,46.8993],[27.1954,46.9034],[27.1837,46.9104],[27.1746,46.923],[27.122,46.9507],[27.1339,46.9635],[27.1479,46.9582],[27.1619,46.97],[27.1712,46.9711],[27.1716,46.9735],[27.1657,46.9728],[27.1723,46.9756],[27.1732,46.9856],[27.1803,46.9889],[27.189,46.9882],[27.1895,46.9836],[27.1981,46.9781],[27.2044,46.9826],[27.217,46.9739],[27.2263,46.9757],[27.2304,46.9783],[27.232,46.9872],[27.2436,46.9929],[27.2379,46.9972],[27.24,47.0114],[27.2281,47.0169],[27.2193,47.0169],[27.2061,47.0276],[27.1864,47.03],[27.1769,47.0402],[27.1856,47.0497],[27.1831,47.0614],[27.1732,47.072],[27.156,47.0827],[27.147,47.0819],[27.0976,47.092],[27.0867,47.0877],[27.0604,47.0849],[27.0608,47.0758],[27.0522,47.0635],[27.0463,47.065],[27.0378,47.0556],[27.0334,47.0566],[27.0254,47.0526],[27.0354,47.05],[27.0323,47.0423],[27.0366,47.0419],[27.0225,47.0335],[27.0027,47.0396],[26.9834,47.0793],[26.9709,47.0773],[26.9718,47.0619],[26.9594,47.0602],[26.9598,47.0449],[26.9475,47.0407],[26.9428,47.043],[26.9317,47.0373],[26.933,47.0345],[26.9025,47.028],[26.8886,47.0457],[26.8764,47.0413],[26.8715,47.046],[26.8853,47.0518],[26.8781,47.0577],[26.8339,47.043],[26.8324,47.0374],[26.8196,47.0421],[26.8161,47.0511],[26.8207,47.0522],[26.8123,47.0674],[26.8095,47.0666],[26.7962,47.0768],[26.7948,47.0732],[26.7596,47.0978],[26.7416,47.0943],[26.7254,47.0851],[26.7111,47.0941],[26.7079,47.0921],[26.6828,47.1125],[26.6463,47.0949],[26.6345,47.0926],[26.6146,47.1096],[26.6158,47.1276],[26.6226,47.1322],[26.6117,47.135],[26.6096,47.1405],[26.6137,47.1465],[26.6024,47.1507],[26.6,47.1545],[26.6091,47.1602],[26.6059,47.1638],[26.6107,47.1681],[26.6041,47.1684],[26.6022,47.173],[26.6159,47.1838],[26.6086,47.1929],[26.6093,47.197],[26.6062,47.1998],[26.5905,47.199],[26.5988,47.203],[26.5742,47.2185],[26.5681,47.2251],[26.5658,47.2347],[26.5401,47.2512],[26.5335,47.2519],[26.5078,47.2717],[26.5463,47.3008],[26.5629,47.2924],[26.5641,47.2967],[26.5699,47.2969],[26.5742,47.3064],[26.5635,47.3151],[26.5505,47.3099],[26.5497,47.3131],[26.5529,47.3149],[26.5502,47.3179],[26.5413,47.3154],[26.5213,47.3402],[26.5109,47.3353],[26.502,47.3505],[26.497,47.3499],[26.4977,47.3563],[26.5019,47.3568],[26.4988,47.3618],[26.5089,47.3631],[26.5026,47.3719],[26.5068,47.3724],[26.5051,47.3767],[26.4947,47.3842],[26.493,47.3923],[26.5275,47.4046],[26.5267,47.3996],[26.5329,47.3898],[26.5709,47.3894],[26.5706,47.3763],[26.5993,47.3674],[26.6096,47.3553],[26.6812,47.3614],[26.6841,47.3651],[26.6799,47.3681],[26.6721,47.3643],[26.6632,47.3678],[26.6774,47.3725],[26.679,47.376],[26.6766,47.379],[26.6692,47.3807],[26.6701,47.3851],[26.6575,47.3931],[26.6503,47.3906],[26.6512,47.3958],[26.644,47.3988],[26.6691,47.4063],[26.6795,47.4134],[26.6889,47.4141],[26.6901,47.4041],[26.696,47.4008],[26.7034,47.4088],[26.7043,47.4151],[26.7013,47.4198],[26.6919,47.4256],[26.687,47.4369],[26.6804,47.4398],[26.6815,47.4615],[26.6872,47.4628],[26.6951,47.4595],[26.6953,47.465],[26.7006,47.4717],[26.7268,47.4729],[26.7154,47.4862],[26.6976,47.4928],[26.7043,47.4994],[26.6987,47.5094],[26.7095,47.51],[26.7164,47.5153],[26.7496,47.5033],[26.7741,47.5039],[26.7879,47.4999],[26.8183,47.508],[26.8284,47.5011],[26.8358,47.5014],[26.8377,47.4973],[26.8661,47.4964],[26.8791,47.4916],[26.9293,47.4922],[26.9458,47.4973],[26.968,47.4935],[26.9774,47.4962],[26.9834,47.4908],[26.9905,47.4926],[27.0078,47.4755],[27.0068,47.4855],[27.0166,47.4691],[27.01,47.4725],[27.012,47.4696],[27.0053,47.4665],[27.0092,47.4626],[27.0124,47.4645],[27.0226,47.4612],[27.0421,47.4383],[27.0498,47.4517],[27.0492,47.4662],[27.0647,47.4619],[27.0726,47.4651],[27.0823,47.4644],[27.0814,47.4863],[27.0802,47.4924],[27.0762,47.4927],[27.0725,47.5128],[27.0915,47.5425],[27.0972,47.5422],[27.1,47.5479],[27.1444,47.5418],[27.1497,47.5292],[27.1591,47.5352],[27.1689,47.5238],[27.1801,47.5219],[27.1796,47.5174],[27.1867,47.5165],[27.1872,47.5205],[27.2172,47.5208],[27.2215,47.5187],[27.2232,47.5131],[27.2295,47.515],[27.2247,47.5224],[27.2373,47.5265],[27.2422,47.522],[27.2591,47.5291],[27.2464,47.5425],[27.2542,47.553],[27.2466,47.5565],[27.2528,47.5584],[27.2484,47.5589],[27.2484,47.5625],[27.2599,47.5646],[27.2568,47.5677],[27.2633,47.5711],[27.283,47.5683],[27.288,47.574],[27.295,47.567],[27.3056,47.5719],[27.3011,47.576],[27.3119,47.5772],[27.3307,47.5726],[27.3821,47.5848],[27.3914,47.5895],[27.4047,47.5829],[27.4283,47.5825],[27.4166,47.5714],[27.4186,47.5652],[27.4329,47.5624],[27.424,47.5541],[27.4401,47.5485],[27.4308,47.5474],[27.431,47.5442],[27.4452,47.5353],[27.4569,47.5364],[27.4559,47.5336],[27.4441,47.5307],[27.4514,47.5219],[27.4676,47.5268],[27.4561,47.5186],[27.4543,47.5078],[27.4674,47.4999],[27.4677,47.4937],[27.4748,47.4853],[27.4932,47.4887],[27.4959,47.4869],[27.4913,47.4836],[27.4928,47.4806],[27.5068,47.4784],[27.5091,47.4806],[27.5073,47.4852],[27.5161,47.4908],[27.5172,47.4881],[27.5124,47.4813],[27.5153,47.4737],[27.5217,47.4823],[27.5363,47.4782],[27.537,47.4815],[27.5313,47.4845],[27.5381,47.489],[27.5432,47.4771],[27.5558,47.4705],[27.5593,47.4636],[27.5726,47.4639],[27.5741,47.4576],[27.5709,47.4509],[27.5576,47.4472],[27.5608,47.4381],[27.5526,47.4336],[27.5566,47.4256],[27.5643,47.4223],[27.5706,47.4248],[27.5703,47.4207],[27.5751,47.4184],[27.5751,47.4091],[27.5844,47.4085],[27.5817,47.3986],[27.5695,47.3946],[27.5689,47.3733],[27.5738,47.3724],[27.5826,47.379],[27.5834,47.3748],[27.5733,47.3686],[27.5891,47.3648],[27.5968,47.3723],[27.5973,47.3685],[27.6013,47.3668],[27.5952,47.3471],[27.6053,47.3496],[27.6052,47.3392],[27.6139,47.342],[27.6153,47.3395],[27.6007,47.3289],[27.5871,47.332],[27.5812,47.3277],[27.5952,47.3271],[27.5968,47.3247],[27.5925,47.3211],[27.5996,47.3171],[27.6021,47.3189],[27.5996,47.3238],[27.6049,47.3289],[27.611,47.3248],[27.606,47.317],[27.6168,47.3196],[27.6224,47.3258],[27.627,47.319],[27.6279,47.3101],[27.6383,47.3115],[27.6332,47.3029],[27.6466,47.2996],[27.6488,47.3021],[27.6463,47.3069],[27.6546,47.3078],[27.6604,47.3042],[27.6633,47.3083],[27.6736,47.2993],[27.6768,47.3043],[27.6748,47.3098],[27.6791,47.3095],[27.6797,47.2984],[27.6849,47.2966],[27.6827,47.2906],[27.6859,47.2844],[27.6902,47.2917],[27.7062,47.2896],[27.7042,47.2999],[27.7124,47.299],[27.719,47.2935],[27.7277,47.2954],[27.7381,47.2849],[27.7379,47.2755],[27.7482,47.2767],[27.7443,47.2649],[27.7588,47.257],[27.7422,47.2569],[27.7442,47.2514],[27.7521,47.255],[27.7574,47.2495],[27.7536,47.246],[27.7486,47.2487],[27.7452,47.2427],[27.7514,47.2379],[27.7592,47.24],[27.7552,47.2303],[27.7747,47.2308],[27.7697,47.2213],[27.7858,47.2187],[27.7857,47.2144],[27.777,47.2045],[27.7901,47.2077],[27.7867,47.1904],[27.8037,47.1885],[27.7963,47.1708],[27.8113,47.1657],[27.8005,47.1515],[27.7895,47.1539],[27.7841,47.1497],[27.7876,47.1468],[27.7956,47.1493],[27.7994,47.1417],[27.7841,47.1447],[27.781,47.1427],[27.8232,47.1351],[27.8308,47.1388],[27.8293,47.1345],[27.8331,47.133],[27.8428,47.1355],[27.8505,47.1301],[27.8496,47.1239],[27.8443,47.1229],[27.8422,47.129],[27.8388,47.1301],[27.8259,47.1216],[27.8329,47.1157],[27.8571,47.1125],[27.8543,47.1079],[27.8599,47.1035],[27.8644,47.1044],[27.8648,47.1083],[27.8748,47.1079],[27.8668,47.1028],[27.8742,47.1032],[27.8837,47.099],[27.8796,47.0918],[27.8888,47.0906],[27.894,47.0863],[27.8977,47.0734],[27.9061,47.0767],[27.9165,47.067],[27.9228,47.0679],[27.9316,47.0622],[27.9408,47.066],[27.9452,47.0603],[27.9604,47.0558],[27.9464,47.053],[27.9446,47.0499],[27.952,47.0469],[27.9641,47.0494],[27.958,47.046],[27.9597,47.0412],[27.9727,47.0446],[27.9843,47.0345],[27.9925,47.0376],[27.9961,47.0349],[27.995,47.029],[28.0197,47.023],[28.0239,47.0241],[28.0264,47.0299],[28.0353,47.0303],[28.0431,47.0201],[28.048,47.025],[28.0532,47.0135],[28.0413,47.0192],[28.0326,47.0109],[28.04,47.0118],[28.0435,47.0088],[28.0401,47.0066],[28.0509,47.0013],[28.0536,47.0025],[28.0512,47.0057],[28.0543,47.0055],[28.0547,46.9995],[28.0818,46.9903],[28.0782,46.9851],[28.0961,46.9789],[28.0939,46.975],[28.0847,46.9719],[28.0857,46.9653],[28.0783,46.9633],[28.0845,46.9568],[28.0935,46.9567],[28.0897,46.9482],[28.0982,46.9492],[28.0968,46.9419],[28.0928,46.9395],[28.0879,46.9418],[28.0903,46.9375],[28.0882,46.935],[28.0849,46.9387],[28.0813,46.9375],[28.0843,46.9341],[28.1035,46.9324],[28.1059,46.9286],[28.0961,46.9286],[28.1127,46.9217],[28.104,46.9102],[28.0948,46.9103],[28.0957,46.9051],[28.0874,46.9076],[28.0829,46.9029],[28.0889,46.8998],[28.0856,46.8953],[28.0933,46.8964],[28.0969,46.8921],[28.1035,46.896],[28.1084,46.8892],[28.1098,46.8955],[28.114,46.8921],[28.1124,46.8822],[28.1188,46.8777],[28.1004,46.8732],[28.0982,46.8702],[28.1118,46.8696],[28.1075,46.8657],[28.1231,46.8571],[28.1173,46.8537],[28.1266,46.8529],[28.1235,46.8471],[28.1194,46.85],[28.1161,46.8482],[28.1129,46.8409],[28.1077,46.8431],[28.1147,46.8376]]]}},{"type":"Feature","properties":{"name":"Neamț","code":"NT"},"geometry":{"type":"Polygon","coordinates":[[[26.5078,47.2717],[26.5335,47.2519],[26.5401,47.2512],[26.5658,47.2347],[26.5681,47.2251],[26.5742,47.2185],[26.5988,47.203],[26.5905,47.199],[26.6062,47.1998],[26.6093,47.197],[26.6086,47.1929],[26.6159,47.1838],[26.6022,47.173],[26.6041,47.1684],[26.6107,47.1681],[26.6059,47.1638],[26.6091,47.1602],[26.6,47.1545],[26.6024,47.1507],[26.6137,47.1465],[26.6096,47.1405],[26.6117,47.135],[26.6226,47.1322],[26.6158,47.1276],[26.6146,47.1096],[26.6345,47.0926],[26.6463,47.0949],[26.6828,47.1125],[26.7079,47.0921],[26.7111,47.0941],[26.7254,47.0851],[26.7416,47.0943],[26.7596,47.0978],[26.7948,47.0732],[26.7962,47.0768],[26.8095,47.0666],[26.8123,47.0674],[26.8207,47.0522],[26.8161,47.0511],[26.8196,47.0421],[26.8324,47.0374],[26.8339,47.043],[26.8781,47.0577],[26.8853,47.0518],[26.8715,47.046],[26.8764,47.0413],[26.8886,47.0457],[26.9025,47.028],[26.933,47.0345],[26.9317,47.0373],[26.9428,47.043],[26.9475,47.0407],[26.9598,47.0449],[26.9594,47.0602],[26.9718,47.0619],[26.9709,47.0773],[26.9834,47.0793],[27.0027,47.0396],[27.0225,47.0335],[27.0366,47.0419],[27.0323,47.0423],[27.0354,47.05],[27.0254,47.0526],[27.0334,47.0566],[27.0378,47.0556],[27.0463,47.065],[27.0522,47.0635],[27.0608,47.0758],[27.0604,47.0849],[27.0867,47.0877],[27.0976,47.092],[27.147,47.0819],[27.156,47.0827],[27.1732,47.072],[27.1831,47.0614],[27.1856,47.0497],[27.1769,47.0402],[27.1864,47.03],[27.2061,47.0276],[27.2193,47.0169],[27.2281,47.0169],[27.24,47.0114],[27.2379,46.9972],[27.2436,46.9929],[27.232,46.9872],[27.2304,46.9783],[27.2263,46.9757],[27.217,46.9739],[27.2044,46.9826],[27.1981,46.9781],[27.1895,46.9836],[27.189,46.9882],[27.1803,46.9889],[27.1732,46.9856],[27.1723,46.9756],[27.1657,46.9728],[27.1716,46.9735],[27.1712,46.9711],[27.1619,46.97],[27.1479,46.9582],[27.1339,46.9635],[27.122,46.9507],[27.1746,46.923],[27.1837,46.9104],[27.1954,46.9034],[27.1942,46.8993],[27.1989,46.8953],[27.2021,46.8965],[27.1934,46.8879],[27.2024,46.8824],[27.1889,46.876],[27.1883,46.8715],[27.1951,46.8668],[27.1933,46.8638],[27.2021,46.8613],[27.2003,46.8563],[27.2194,46.8487],[27.2074,46.8399],[27.2217,46.8313],[27.2271,46.821],[27.2152,46.8177],[27.2191,46.812],[27.2158,46.8123],[27.216,46.8063],[27.2126,46.8026],[27.216,46.7931],[27.2134,46.7894],[27.2232,46.7888],[27.2245,46.7911],[27.2339,46.7774],[27.2293,46.7701],[27.2163,46.7723],[27.2062,46.7699],[27.1954,46.7611],[27.1943,46.7643],[27.1875,46.7605],[27.1858,46.7498],[27.1631,46.7494],[27.1649,46.7429],[27.1605,46.7343],[27.1508,46.7313],[27.152,46.7369],[27.1423,46.7413],[27.1459,46.7538],[27.1298,46.7472],[27.1228,46.7503],[27.1153,46.7487],[27.1039,46.7674],[27.0988,46.7696],[27.0745,46.7664],[27.0616,46.7562],[27.0579,46.7601],[27.0521,46.76],[27.0454,46.7724],[27.0385,46.7702],[27.0289,46.7721],[27.0254,46.7691],[27.0092,46.7692],[27.0025,46.7654],[26.9787,46.7627],[26.9694,46.7592],[26.966,46.7544],[26.9498,46.7571],[26.9393,46.7527],[26.9396,46.7565],[26.9469,46.7587],[26.9472,46.7639],[26.9403,46.7664],[26.9468,46.7715],[26.9388,46.7781],[26.936,46.7848],[26.9279,46.7817],[26.9255,46.7757],[26.9222,46.7753],[26.9188,46.7779],[26.9224,46.7828],[26.9145,46.7826],[26.9077,46.7867],[26.9132,46.7901],[26.9129,46.7931],[26.893,46.7983],[26.8953,46.8011],[26.9039,46.7983],[26.9081,46.8003],[26.9067,46.807],[26.9001,46.8114],[26.901,46.8162],[26.9115,46.8098],[26.9149,46.8111],[26.9142,46.8206],[26.9059,46.8222],[26.9094,46.8273],[26.8818,46.8288],[26.8824,46.8159],[26.8714,46.8137],[26.872,46.8102],[26.8663,46.8096],[26.8663,46.8067],[26.8495,46.8047],[26.8495,46.7799],[26.8464,46.7805],[26.844,46.7758],[26.8357,46.7794],[26.8216,46.7732],[26.8322,46.7664],[26.83,46.7656],[26.8322,46.7621],[26.8419,46.7513],[26.8346,46.752],[26.8366,46.7497],[26.8228,46.7432],[26.8247,46.7394],[26.8138,46.7353],[26.8174,46.7325],[26.7864,46.7169],[26.7794,46.7257],[26.7588,46.7368],[26.7515,46.7378],[26.7543,46.7562],[26.7313,46.7495],[26.7319,46.7552],[26.7391,46.759],[26.7432,46.7683],[26.7345,46.7685],[26.7335,46.7631],[26.7231,46.7645],[26.723,46.7672],[26.7116,46.7716],[26.7076,46.7719],[26.7054,46.7668],[26.676,46.7677],[26.6795,46.7604],[26.6709,46.7551],[26.6761,46.7361],[26.6693,46.733],[26.6649,46.7364],[26.6455,46.7197],[26.6404,46.7241],[26.6406,46.7277],[26.6366,46.7248],[26.6453,46.7197],[26.6436,46.718],[26.6372,46.7223],[26.6289,46.7159],[26.6237,46.7202],[26.6081,46.7128],[26.5882,46.6892],[26.5805,46.6882],[26.5824,46.6853],[26.5703,46.6786],[26.5467,46.6783],[26.53,46.6924],[26.5223,46.6886],[26.5147,46.6947],[26.5063,46.6943],[26.4877,46.6787],[26.4854,46.6806],[26.4723,46.6762],[26.4543,46.6816],[26.4412,46.6791],[26.4357,46.6878],[26.4105,46.6786],[26.409,46.6646],[26.4044,46.6605],[26.4002,46.661],[26.3994,46.6569],[26.3905,46.651],[26.3815,46.6496],[26.3463,46.6509],[26.3388,46.6605],[26.3307,46.6643],[26.32,46.6551],[26.2937,46.6553],[26.2937,46.6618],[26.289,46.6729],[26.2842,46.676],[26.2843,46.6806],[26.2733,46.6878],[26.2719,46.6918],[26.2619,46.6941],[26.2673,46.6991],[26.2664,46.7032],[26.2438,46.6973],[26.2332,46.6855],[26.2184,46.6801],[26.2224,46.6775],[26.2152,46.6674],[26.2162,46.656],[26.2048,46.6517],[26.1947,46.6533],[26.1792,46.6506],[26.1591,46.6417],[26.1511,46.6462],[26.1529,46.6494],[26.1479,46.6569],[26.1401,46.6607],[26.1147,46.6553],[26.1007,46.6469],[26.0814,46.6562],[26.079,46.6677],[26.0815,46.6735],[26.0732,46.6796],[26.0707,46.6883],[26.0758,46.6943],[26.0708,46.7021],[26.0717,46.7079],[26.0678,46.7121],[26.0548,46.7163],[26.0313,46.7096],[26.0128,46.6941],[25.9993,46.6998],[25.9752,46.6973],[25.9616,46.6991],[25.955,46.6952],[25.9318,46.7024],[25.9106,46.7003],[25.9027,46.7044],[25.8913,46.6992],[25.8898,46.6935],[25.8839,46.6888],[25.8857,46.6837],[25.9027,46.6688],[25.9088,46.6556],[25.9019,46.6495],[25.888,46.6481],[25.8769,46.6509],[25.8674,46.6494],[25.8604,46.6601],[25.8374,46.6768],[25.8356,46.6827],[25.8116,46.6987],[25.8044,46.7068],[25.7953,46.7199],[25.7997,46.7282],[25.7977,46.7284],[25.8072,46.7374],[25.8033,46.7419],[25.805,46.7649],[25.7998,46.7693],[25.8062,46.7759],[25.8038,46.7785],[25.8086,46.7858],[25.8088,46.7929],[25.801,46.8009],[25.8074,46.8049],[25.7852,46.8128],[25.7825,46.8216],[25.777,46.8256],[25.7828,46.8338],[25.7939,46.8327],[25.8048,46.8406],[25.7828,46.8512],[25.7793,46.8503],[25.7788,46.8444],[25.784,46.8413],[25.7795,46.8342],[25.7721,46.8346],[25.7624,46.8412],[25.7628,46.8461],[25.7752,46.853],[25.7815,46.8631],[25.7811,46.8686],[25.7745,46.8713],[25.7654,46.8845],[25.7859,46.9047],[25.8015,46.9153],[25.8006,46.924],[25.8037,46.929],[25.8232,46.9235],[25.8393,46.9235],[25.8421,46.9204],[25.862,46.9234],[25.8539,46.9248],[25.8517,46.9322],[25.8424,46.943],[25.8387,46.9627],[25.8322,46.9651],[25.8267,46.974],[25.818,46.9766],[25.8092,46.9667],[25.8015,46.9665],[25.7923,46.9802],[25.7898,46.9964],[25.7697,47.0163],[25.7733,47.0263],[25.7693,47.0356],[25.7438,47.0521],[25.7381,47.0712],[25.7154,47.0767],[25.7095,47.0815],[25.704,47.0798],[25.6771,47.0896],[25.6657,47.0885],[25.6616,47.0917],[25.6596,47.0959],[25.6659,47.1079],[25.664,47.1194],[25.674,47.1216],[25.674,47.129],[25.6978,47.1434],[25.6905,47.1547],[25.6918,47.1588],[25.6979,47.1638],[25.7005,47.1707],[25.7211,47.175],[25.7223,47.1798],[25.7171,47.1853],[25.716,47.1971],[25.7182,47.2006],[25.7295,47.2037],[25.729,47.2171],[25.7349,47.2164],[25.7431,47.2263],[25.7501,47.2249],[25.7534,47.2294],[25.7681,47.2308],[25.7741,47.2357],[25.7882,47.2386],[25.813,47.2602],[25.8062,47.2684],[25.809,47.2711],[25.8047,47.2802],[25.7893,47.2866],[25.7775,47.308],[25.7639,47.3176],[25.773,47.3209],[25.8098,47.3161],[25.8184,47.3114],[25.8353,47.3119],[25.8577,47.2946],[25.8701,47.2937],[25.8733,47.288],[25.8819,47.284],[25.8874,47.2709],[25.9005,47.262],[25.9236,47.2592],[25.9314,47.2686],[25.9323,47.2771],[25.9639,47.2811],[25.9786,47.2887],[26.0083,47.2834],[26.0249,47.2894],[26.0386,47.2798],[26.0563,47.2746],[26.0942,47.2877],[26.1045,47.2878],[26.1092,47.2923],[26.1252,47.2973],[26.1371,47.2886],[26.1726,47.2965],[26.1859,47.3074],[26.2061,47.2988],[26.2097,47.2939],[26.2263,47.2914],[26.2427,47.281],[26.2521,47.2796],[26.2634,47.2844],[26.2671,47.2819],[26.2786,47.2861],[26.283,47.2914],[26.2771,47.2951],[26.3581,47.3224],[26.3581,47.3198],[26.3645,47.3199],[26.3735,47.327],[26.3672,47.3285],[26.371,47.3322],[26.3757,47.3332],[26.3813,47.3294],[26.4055,47.3403],[26.4365,47.3273],[26.4443,47.3167],[26.4815,47.293],[26.4826,47.2883],[26.5001,47.2836],[26.5078,47.2717]]]}},{"type":"Feature","properties":{"name":"Brașov","code":"BV"},"geometry":{"type":"Polygon","coordinates":[[[25.4513,46.1041],[25.4534,46.083],[25.4507,46.0739],[25.4554,46.0695],[25.4665,46.0662],[25.4745,46.0588],[25.4821,46.0599],[25.505,46.0453],[25.5254,46.0514],[25.531,46.049],[25.5338,46.0527],[25.5355,46.048],[25.5396,46.0506],[25.5438,46.0486],[25.5429,46.0529],[25.5459,46.056],[25.5475,46.052],[25.5555,46.0554],[25.5525,46.0503],[25.5551,46.048],[25.5625,46.0526],[25.5589,46.0442],[25.5601,46.0361],[25.5643,46.0371],[25.5712,46.0298],[25.5813,46.0262],[25.5801,46.0169],[25.5732,46.0124],[25.569,46.003],[25.5595,46.0014],[25.5558,45.996],[25.546,45.9969],[25.5447,45.9943],[25.5536,45.9882],[25.5433,45.9898],[25.5444,45.9865],[25.5413,45.9842],[25.5422,45.9755],[25.5386,45.9652],[25.5419,45.9614],[25.5392,45.956],[25.5465,45.9483],[25.5404,45.9389],[25.5459,45.9265],[25.5572,45.9215],[25.5634,45.9147],[25.5483,45.9063],[25.5483,45.9031],[25.5536,45.9003],[25.5437,45.8959],[25.5494,45.8966],[25.5495,45.8929],[25.5412,45.892],[25.5457,45.889],[25.5542,45.8901],[25.5551,45.8962],[25.5708,45.8972],[25.6096,45.8915],[25.6397,45.901],[25.641,45.8952],[25.6009,45.8871],[25.5993,45.8817],[25.5896,45.8728],[25.5807,45.8756],[25.5899,45.8803],[25.5833,45.883],[25.5717,45.8772],[25.5578,45.8765],[25.5568,45.8718],[25.5644,45.8603],[25.5613,45.8501],[25.5677,45.847],[25.5637,45.8432],[25.5679,45.8409],[25.5672,45.8366],[25.5754,45.8349],[25.5768,45.8308],[25.5852,45.8278],[25.5998,45.8264],[25.6017,45.8292],[25.6105,45.8244],[25.6121,45.8287],[25.6238,45.8241],[25.6162,45.8213],[25.6223,45.8155],[25.6224,45.8091],[25.6429,45.8092],[25.6469,45.805],[25.6388,45.8024],[25.6419,45.7981],[25.6487,45.7947],[25.6502,45.8],[25.6649,45.7887],[25.6644,45.7821],[25.67,45.7754],[25.6759,45.7738],[25.6761,45.7678],[25.6713,45.7638],[25.6774,45.7584],[25.6628,45.7483],[25.6679,45.746],[25.6777,45.7478],[25.6908,45.7597],[25.6973,45.7613],[25.7027,45.7738],[25.7103,45.7698],[25.7183,45.77],[25.7181,45.7729],[25.7256,45.7691],[25.7436,45.77],[25.7497,45.7633],[25.7654,45.7564],[25.7706,45.7605],[25.7814,45.7602],[25.7836,45.764],[25.7904,45.7645],[25.7927,45.7628],[25.7879,45.7536],[25.8332,45.7475],[25.8303,45.7425],[25.8268,45.743],[25.8294,45.7381],[25.8267,45.7373],[25.8265,45.7323],[25.8211,45.7333],[25.8216,45.7258],[25.8371,45.7224],[25.8411,45.7306],[25.8543,45.7225],[25.8516,45.7188],[25.8567,45.7171],[25.8604,45.7077],[25.8662,45.7064],[25.8797,45.7109],[25.9083,45.7103],[25.9134,45.7092],[25.9141,45.7025],[25.9237,45.7022],[25.9411,45.6918],[25.9725,45.6872],[25.9686,45.6747],[25.9719,45.6661],[25.9692,45.6679],[25.9629,45.6623],[25.9683,45.661],[25.9513,45.6524],[25.9638,45.6472],[25.995,45.6482],[25.9963,45.6449],[26.0024,45.6488],[26.0068,45.6428],[26.0202,45.6374],[26.0129,45.6237],[26.0188,45.6155],[26.0321,45.6187],[26.0567,45.6169],[26.0554,45.6119],[26.066,45.6064],[26.0534,45.5974],[26.0548,45.5938],[26.0681,45.5858],[26.0718,45.5778],[26.093,45.5725],[26.095,45.5569],[26.1045,45.5507],[26.0944,45.5353],[26.0921,45.5219],[26.0894,45.5216],[26.0934,45.5163],[26.0844,45.5164],[26.0727,45.5058],[26.0664,45.5021],[26.0655,45.4853],[26.0547,45.4851],[26.0528,45.4821],[26.0477,45.4824],[26.0467,45.4784],[26.0411,45.4784],[26.0311,45.4858],[26.0134,45.4902],[26.0088,45.5042],[25.9954,45.5144],[25.9674,45.5078],[25.9622,45.5106],[25.9378,45.5125],[25.9269,45.5216],[25.921,45.522],[25.9077,45.501],[25.8997,45.4989],[25.891,45.4879],[25.8973,45.4782],[25.8875,45.4668],[25.8923,45.4594],[25.8892,45.4544],[25.8897,45.4467],[25.8692,45.4359],[25.8676,45.4231],[25.8633,45.4222],[25.8422,45.4297],[25.8224,45.4316],[25.8284,45.4388],[25.8197,45.4495],[25.8199,45.4556],[25.8142,45.4581],[25.8095,45.4679],[25.7972,45.4713],[25.7865,45.4818],[25.7721,45.4743],[25.7659,45.4656],[25.7436,45.4679],[25.7265,45.4654],[25.7019,45.4811],[25.6995,45.4909],[25.681,45.5006],[25.6428,45.4921],[25.6427,45.4954],[25.63,45.4961],[25.6295,45.4899],[25.6246,45.4851],[25.607,45.476],[25.6027,45.4633],[25.589,45.4611],[25.5723,45.4677],[25.5325,45.459],[25.5249,45.4655],[25.5116,45.4704],[25.4981,45.4674],[25.4764,45.453],[25.4607,45.4535],[25.4526,45.4413],[25.435,45.4366],[25.4299,45.438],[25.4127,45.4296],[25.408,45.4204],[25.4094,45.3943],[25.4033,45.3866],[25.3917,45.3902],[25.3627,45.3916],[25.3216,45.3811],[25.308,45.3895],[25.3123,45.399],[25.3009,45.4232],[25.28,45.4145],[25.2726,45.4074],[25.2672,45.4094],[25.2634,45.4192],[25.2554,45.4225],[25.2534,45.4288],[25.2624,45.435],[25.262,45.4379],[25.2759,45.4421],[25.2717,45.4469],[25.2653,45.4468],[25.2574,45.452],[25.2588,45.4567],[25.2383,45.4756],[25.2374,45.4823],[25.2421,45.4939],[25.2407,45.502],[25.2332,45.5118],[25.2368,45.5178],[25.23,45.5165],[25.2116,45.5269],[25.2034,45.5197],[25.189,45.5228],[25.1755,45.5358],[25.1517,45.5458],[25.1456,45.5586],[25.135,45.5611],[25.1267,45.5711],[25.113,45.5767],[25.1032,45.5852],[25.0806,45.5818],[25.0517,45.5867],[25.0361,45.5926],[25.0134,45.586],[24.9899,45.5883],[24.9833,45.5862],[24.9772,45.5914],[24.9677,45.5929],[24.9568,45.5924],[24.9415,45.5821],[24.9285,45.5856],[24.9172,45.5946],[24.8364,45.592],[24.8298,45.6065],[24.8158,45.6071],[24.8106,45.6107],[24.7928,45.6024],[24.7721,45.6112],[24.7364,45.6031],[24.7286,45.6084],[24.699,45.6024],[24.6947,45.6058],[24.6849,45.6041],[24.6825,45.6108],[24.6749,45.6161],[24.6693,45.6398],[24.6784,45.6466],[24.6773,45.6632],[24.683,45.6707],[24.6807,45.6804],[24.6746,45.684],[24.6784,45.6862],[24.677,45.6922],[24.6816,45.7096],[24.6722,45.7201],[24.6596,45.7484],[24.648,45.7632],[24.6429,45.7655],[24.6454,45.7677],[24.6416,45.7854],[24.6445,45.7865],[24.6443,45.7911],[24.6392,45.7951],[24.6442,45.7973],[24.6416,45.8001],[24.6432,45.803],[24.6576,45.8082],[24.6552,45.8119],[24.661,45.8176],[24.6778,45.8247],[24.6843,45.8245],[24.6831,45.8321],[24.6881,45.8364],[24.7003,45.8283],[24.7094,45.8166],[24.7134,45.8162],[24.7229,45.8207],[24.7251,45.8266],[24.7219,45.8354],[24.7169,45.8384],[24.7183,45.8409],[24.7343,45.8361],[24.7422,45.8408],[24.7535,45.8424],[24.7735,45.8397],[24.7752,45.8504],[24.7698,45.857],[24.7762,45.8613],[24.7712,45.8681],[24.7552,45.871],[24.7508,45.8767],[24.7259,45.8917],[24.7161,45.8945],[24.7118,45.9023],[24.7122,45.9114],[24.7068,45.9183],[24.7073,45.9278],[24.6998,45.9319],[24.7029,45.9401],[24.7209,45.9459],[24.7489,45.935],[24.7525,45.9439],[24.7718,45.9626],[24.7687,45.9756],[24.7918,45.973],[24.8355,45.9778],[24.8389,45.9865],[24.8252,45.996],[24.8195,46.0055],[24.8212,46.0101],[24.8341,46.0063],[24.8655,46.0097],[24.8755,46.0299],[24.885,46.0327],[24.8894,46.0397],[24.8985,46.0414],[24.9077,46.0381],[24.9189,46.0437],[24.9294,46.0446],[24.9348,46.05],[24.9451,46.0512],[24.945,46.0558],[24.9652,46.0618],[24.9485,46.0727],[24.9497,46.0767],[24.9466,46.0791],[24.9559,46.0908],[24.9463,46.0935],[24.9488,46.1022],[24.9579,46.1121],[24.9779,46.1255],[24.9935,46.1291],[24.9976,46.1348],[25.0096,46.1392],[25.015,46.1463],[25.0197,46.1419],[25.0461,46.1332],[25.0543,46.1349],[25.0789,46.1514],[25.0844,46.1486],[25.1015,46.1501],[25.1157,46.1418],[25.1258,46.1424],[25.1306,46.148],[25.129,46.1501],[25.1357,46.1473],[25.1495,46.1586],[25.1629,46.1588],[25.1733,46.1655],[25.1789,46.164],[25.1897,46.1708],[25.2165,46.1552],[25.2184,46.1513],[25.2249,46.1515],[25.2289,46.1467],[25.2495,46.1414],[25.2605,46.151],[25.2569,46.1555],[25.2661,46.1686],[25.2514,46.1773],[25.2583,46.1817],[25.2586,46.1905],[25.2734,46.1872],[25.2662,46.1755],[25.2727,46.1708],[25.2938,46.1771],[25.3114,46.1774],[25.3197,46.1731],[25.3325,46.1777],[25.3488,46.1631],[25.3474,46.1611],[25.3565,46.1538],[25.3599,46.1462],[25.3736,46.1356],[25.3854,46.1363],[25.3949,46.1301],[25.3996,46.1334],[25.4049,46.1327],[25.4104,46.129],[25.4071,46.1239],[25.4152,46.1251],[25.4272,46.122],[25.4493,46.1249],[25.4544,46.12],[25.4513,46.1041]]]}},{"type":"Feature","properties":{"name":"Covasna","code":"CV"},"geometry":{"type":"Polygon","coordinates":[[[26.2635,46.2464],[26.2895,46.2446],[26.3101,46.2389],[26.3267,46.23],[26.3381,46.2152],[26.3414,46.2037],[26.3407,46.1997],[26.3333,46.1958],[26.3305,46.1834],[26.3344,46.1752],[26.3474,46.1621],[26.3431,46.1374],[26.3653,46.142],[26.3715,46.146],[26.3875,46.145],[26.3836,46.1391],[26.3879,46.1377],[26.3896,46.133],[26.3857,46.129],[26.3925,46.123],[26.3801,46.1283],[26.3677,46.1185],[26.3693,46.1124],[26.3732,46.1078],[26.3889,46.1014],[26.4079,46.1036],[26.4083,46.0953],[26.4051,46.0923],[26.4306,46.0781],[26.4251,46.067],[26.4327,46.063],[26.4311,46.0595],[26.442,46.0511],[26.4377,46.0478],[26.44,46.0389],[26.4376,46.0355],[26.4404,46.0231],[26.4457,46.0188],[26.432,46.0005],[26.4378,45.9895],[26.3983,45.9663],[26.3913,45.9579],[26.3892,45.9546],[26.3919,45.948],[26.3872,45.9403],[26.3925,45.9333],[26.3898,45.9288],[26.3945,45.9209],[26.3823,45.9169],[26.3819,45.9109],[26.3757,45.9073],[26.3791,45.8947],[26.377,45.8893],[26.3856,45.8831],[26.388,45.8736],[26.3813,45.8628],[26.3744,45.8578],[26.371,45.8434],[26.3772,45.8369],[26.3782,45.827],[26.375,45.8207],[26.3819,45.814],[26.3847,45.806],[26.3921,45.8024],[26.3855,45.7937],[26.3833,45.7827],[26.3894,45.7668],[26.3807,45.7498],[26.381,45.7412],[26.3845,45.7362],[26.3709,45.7338],[26.3648,45.7227],[26.3534,45.7225],[26.3572,45.7121],[26.349,45.7023],[26.3419,45.7002],[26.3365,45.6868],[26.3323,45.6856],[26.3332,45.6688],[26.3242,45.6491],[26.3301,45.6378],[26.3292,45.6318],[26.3262,45.6247],[26.3178,45.6208],[26.3107,45.6031],[26.3058,45.6071],[26.301,45.6053],[26.2957,45.598],[26.2853,45.5937],[26.2813,45.5858],[26.2744,45.5925],[26.2506,45.6036],[26.2497,45.6123],[26.2553,45.6182],[26.2473,45.6214],[26.2461,45.6262],[26.2347,45.6221],[26.2128,45.6218],[26.2051,45.6144],[26.1855,45.6083],[26.1844,45.5955],[26.1776,45.5947],[26.179,45.5873],[26.1749,45.5794],[26.1801,45.5741],[26.173,45.564],[26.1705,45.5624],[26.1684,45.568],[26.1623,45.5699],[26.1608,45.5769],[26.1552,45.5768],[26.1555,45.585],[26.1477,45.5849],[26.1381,45.5674],[26.1284,45.5619],[26.1219,45.5491],[26.0988,45.5292],[26.0934,45.5163],[26.0894,45.5216],[26.0921,45.5219],[26.0944,45.5353],[26.1045,45.5507],[26.095,45.5569],[26.093,45.5725],[26.0718,45.5778],[26.0681,45.5858],[26.0548,45.5938],[26.0534,45.5974],[26.066,45.6064],[26.0554,45.6119],[26.0567,45.6169],[26.0321,45.6187],[26.0188,45.6155],[26.0129,45.6237],[26.0202,45.6374],[26.0068,45.6428],[26.0024,45.6488],[25.9963,45.6449],[25.995,45.6482],[25.9638,45.6472],[25.9513,45.6524],[25.9683,45.661],[25.9629,45.6623],[25.9692,45.6679],[25.9719,45.6661],[25.9686,45.6747],[25.9725,45.6872],[25.9411,45.6918],[25.9237,45.7022],[25.9141,45.7025],[25.9134,45.7092],[25.9083,45.7103],[25.8797,45.7109],[25.8662,45.7064],[25.8604,45.7077],[25.8567,45.7171],[25.8516,45.7188],[25.8543,45.7225],[25.8411,45.7306],[25.8371,45.7224],[25.8216,45.7258],[25.8211,45.7333],[25.8265,45.7323],[25.8267,45.7373],[25.8294,45.7381],[25.8268,45.743],[25.8303,45.7425],[25.8332,45.7475],[25.7879,45.7536],[25.7927,45.7628],[25.7904,45.7645],[25.7836,45.764],[25.7814,45.7602],[25.7706,45.7605],[25.7654,45.7564],[25.7497,45.7633],[25.7436,45.77],[25.7256,45.7691],[25.7181,45.7729],[25.7183,45.77],[25.7103,45.7698],[25.7027,45.7738],[25.6973,45.7613],[25.6908,45.7597],[25.6777,45.7478],[25.6679,45.746],[25.6628,45.7483],[25.6774,45.7584],[25.6713,45.7638],[25.6761,45.7678],[25.6759,45.7738],[25.67,45.7754],[25.6644,45.7821],[25.6649,45.7887],[25.6502,45.8],[25.6487,45.7947],[25.6419,45.7981],[25.6388,45.8024],[25.6469,45.805],[25.6429,45.8092],[25.6224,45.8091],[25.6223,45.8155],[25.6162,45.8213],[25.6238,45.8241],[25.6121,45.8287],[25.6105,45.8244],[25.6017,45.8292],[25.5998,45.8264],[25.5852,45.8278],[25.5768,45.8308],[25.5754,45.8349],[25.5672,45.8366],[25.5679,45.8409],[25.5637,45.8432],[25.5677,45.847],[25.5613,45.8501],[25.5644,45.8603],[25.5568,45.8718],[25.5578,45.8765],[25.5717,45.8772],[25.5833,45.883],[25.5899,45.8803],[25.5807,45.8756],[25.5896,45.8728],[25.5993,45.8817],[25.6009,45.8871],[25.641,45.8952],[25.6397,45.901],[25.6096,45.8915],[25.5708,45.8972],[25.5551,45.8962],[25.5542,45.8901],[25.5457,45.889],[25.5412,45.892],[25.5495,45.8929],[25.5494,45.8966],[25.5437,45.8959],[25.5536,45.9003],[25.5483,45.9031],[25.5483,45.9063],[25.5634,45.9147],[25.5572,45.9215],[25.5459,45.9265],[25.5404,45.9389],[25.5465,45.9483],[25.5392,45.956],[25.5419,45.9614],[25.5386,45.9652],[25.5422,45.9755],[25.5413,45.9842],[25.5444,45.9865],[25.5433,45.9898],[25.5536,45.9882],[25.5447,45.9943],[25.546,45.9969],[25.5558,45.996],[25.5595,46.0014],[25.569,46.003],[25.5732,46.0124],[25.5801,46.0169],[25.5813,46.0262],[25.5712,46.0298],[25.5643,46.0371],[25.5601,46.0361],[25.5589,46.0442],[25.5625,46.0526],[25.5551,46.048],[25.5525,46.0503],[25.5555,46.0554],[25.5475,46.052],[25.5459,46.056],[25.5429,46.0529],[25.5438,46.0486],[25.5396,46.0506],[25.5355,46.048],[25.5338,46.0527],[25.531,46.049],[25.5254,46.0514],[25.505,46.0453],[25.4821,46.0599],[25.4745,46.0588],[25.4665,46.0662],[25.4554,46.0695],[25.4507,46.0739],[25.4534,46.083],[25.4513,46.1041],[25.4673,46.1069],[25.4678,46.114],[25.4783,46.1241],[25.4773,46.1333],[25.4808,46.1362],[25.4789,46.1456],[25.4977,46.1484],[25.509,46.1616],[25.5047,46.166],[25.5104,46.1778],[25.5057,46.1853],[25.5082,46.1882],[25.5344,46.1996],[25.5348,46.2027],[25.5472,46.2096],[25.5566,46.2078],[25.5629,46.2181],[25.5748,46.2129],[25.6029,46.2416],[25.6137,46.2394],[25.6308,46.2443],[25.6325,46.2474],[25.6658,46.2577],[25.6743,46.2627],[25.6801,46.2717],[25.7001,46.2767],[25.726,46.2746],[25.7342,46.2633],[25.7232,46.2558],[25.7653,46.2154],[25.7661,46.2108],[25.7847,46.2],[25.7907,46.1924],[25.7917,46.1853],[25.7887,46.1797],[25.7917,46.1759],[25.804,46.1728],[25.8054,46.1647],[25.821,46.1547],[25.8238,46.1493],[25.8341,46.1454],[25.8376,46.135],[25.8455,46.1316],[25.8471,46.1243],[25.8572,46.1197],[25.8778,46.124],[25.8868,46.1212],[25.8973,46.124],[25.9033,46.1221],[25.9133,46.1304],[25.9395,46.1267],[25.9787,46.1351],[25.9827,46.1341],[25.9837,46.1284],[25.9917,46.1252],[26.0009,46.13],[26.0195,46.128],[26.0297,46.1431],[26.0356,46.1442],[26.0382,46.1512],[26.0569,46.1598],[26.0881,46.1565],[26.085,46.1598],[26.0972,46.1653],[26.1163,46.161],[26.1227,46.1689],[26.1314,46.1717],[26.1724,46.1603],[26.1766,46.1679],[26.1768,46.1797],[26.1797,46.1821],[26.1877,46.179],[26.1836,46.1849],[26.207,46.1791],[26.2166,46.1948],[26.2196,46.206],[26.2518,46.2101],[26.2573,46.2158],[26.2615,46.2156],[26.2585,46.2194],[26.2597,46.223],[26.2541,46.2232],[26.2585,46.2316],[26.2503,46.2355],[26.2623,46.2393],[26.2635,46.2464]]]}},{"type":"Feature","properties":{"name":"Teleorman","code":"TR"},"geometry":{"type":"Polygon","coordinates":[[[25.4912,44.472],[25.4976,44.4655],[25.4805,44.452],[25.4845,44.4508],[25.4704,44.4367],[25.4729,44.4361],[25.4579,44.4199],[25.4504,44.4196],[25.4289,44.404],[25.4316,44.4012],[25.4255,44.3969],[25.449,44.3868],[25.4484,44.3793],[25.4578,44.3749],[25.471,44.3734],[25.4848,44.3773],[25.4703,44.3604],[25.478,44.3541],[25.4695,44.3491],[25.4734,44.3454],[25.4681,44.3252],[25.5098,44.314],[25.5575,44.3177],[25.5689,44.3135],[25.5711,44.3082],[25.5947,44.3108],[25.6037,44.3208],[25.6123,44.3159],[25.6167,44.3174],[25.6316,44.3069],[25.6174,44.2906],[25.6186,44.2882],[25.6506,44.2743],[25.6555,44.2965],[25.6699,44.2925],[25.6658,44.2791],[25.6716,44.2749],[25.6677,44.2687],[25.6752,44.2679],[25.6844,44.2617],[25.6899,44.2635],[25.6927,44.2557],[25.6997,44.2572],[25.7032,44.252],[25.696,44.2494],[25.7055,44.2388],[25.693,44.2418],[25.684,44.2389],[25.6795,44.2232],[25.6642,44.2076],[25.6628,44.2031],[25.6661,44.1998],[25.6553,44.1688],[25.703,44.1605],[25.7017,44.154],[25.6901,44.1534],[25.6847,44.1571],[25.6768,44.1574],[25.679,44.1266],[25.7094,44.1348],[25.7138,44.1284],[25.7058,44.1248],[25.7044,44.1193],[25.7046,44.1099],[25.7089,44.1021],[25.6981,44.1054],[25.6905,44.1211],[25.686,44.1224],[25.686,44.11],[25.6772,44.1137],[25.6724,44.1074],[25.6723,44.1038],[25.6797,44.0972],[25.6781,44.0896],[25.662,44.1002],[25.6571,44.1151],[25.6375,44.0986],[25.6459,44.0957],[25.6247,44.0858],[25.6289,44.0811],[25.618,44.0761],[25.6253,44.0679],[25.6146,44.0629],[25.6163,44.0592],[25.6298,44.0525],[25.623,44.0481],[25.6067,44.0462],[25.6048,44.0415],[25.6072,44.038],[25.6029,44.0355],[25.5987,44.0377],[25.5988,44.0166],[25.594,44.0136],[25.5999,44.003],[25.5934,44.002],[25.6039,43.9907],[25.5914,43.9845],[25.6178,43.9559],[25.6118,43.9528],[25.6222,43.9414],[25.618,43.9414],[25.6181,43.9375],[25.5848,43.9376],[25.5844,43.9067],[25.6032,43.9069],[25.6146,43.9038],[25.615,43.8816],[25.6069,43.8778],[25.6069,43.8445],[25.6297,43.8447],[25.6298,43.8205],[25.66,43.8205],[25.6601,43.7787],[25.6666,43.7787],[25.6677,43.7732],[25.651,43.7498],[25.66,43.746],[25.6565,43.7412],[25.6629,43.7384],[25.6631,43.7182],[25.6786,43.7216],[25.6848,43.7129],[25.675,43.715],[25.6723,43.7114],[25.6741,43.7057],[25.6793,43.7065],[25.6817,43.6978],[25.6716,43.6977],[25.6719,43.6913],[25.6562,43.6861],[25.6413,43.6766],[25.61,43.6672],[25.5633,43.6449],[25.5447,43.643],[25.5083,43.6468],[25.4767,43.6405],[25.451,43.6284],[25.3902,43.619],[25.3668,43.6219],[25.3456,43.6289],[25.3225,43.6438],[25.2877,43.6559],[25.2679,43.6742],[25.2485,43.6838],[25.1673,43.6998],[25.1673,43.6975],[25.1438,43.6927],[25.1426,43.6947],[25.1113,43.6839],[25.0583,43.6911],[25.0472,43.6946],[25.0155,43.7138],[25.0077,43.7246],[24.9985,43.7273],[24.9475,43.7293],[24.9331,43.7233],[24.9329,43.716],[24.8791,43.7068],[24.8638,43.7059],[24.8363,43.7126],[24.8158,43.7123],[24.7985,43.7093],[24.7796,43.6979],[24.7525,43.6871],[24.7344,43.6851],[24.7048,43.6938],[24.6571,43.7236],[24.6652,43.7426],[24.6506,43.7468],[24.6565,43.7547],[24.6746,43.7515],[24.6762,43.7584],[24.6867,43.7597],[24.684,43.7723],[24.6963,43.774],[24.6944,43.7819],[24.7467,43.792],[24.7366,43.8081],[24.7395,43.8091],[24.7388,43.8145],[24.755,43.8143],[24.7551,43.8176],[24.7439,43.8221],[24.7293,43.8204],[24.7302,43.8246],[24.726,43.8261],[24.6969,43.8251],[24.6891,43.8211],[24.687,43.8256],[24.6959,43.8313],[24.7159,43.8289],[24.7237,43.8325],[24.7234,43.8361],[24.7026,43.8512],[24.7005,43.8606],[24.693,43.8597],[24.6963,43.8673],[24.6936,43.8707],[24.6683,43.8667],[24.6624,43.8831],[24.6779,43.8853],[24.6755,43.8981],[24.6577,43.8998],[24.6393,43.9254],[24.631,43.9252],[24.6276,43.9359],[24.6483,43.9408],[24.6471,43.9433],[24.6343,43.9445],[24.6322,43.9616],[24.6023,43.9621],[24.6019,43.9701],[24.6074,43.9706],[24.6091,43.9779],[24.5993,43.9766],[24.596,43.9799],[24.6072,43.9837],[24.6071,43.9913],[24.6058,43.9929],[24.5981,43.9871],[24.5937,43.9895],[24.6085,43.9947],[24.6158,44.0094],[24.6131,44.0142],[24.6284,44.0217],[24.6328,44.0202],[24.6596,44.0283],[24.7202,44.0381],[24.7193,44.0433],[24.7117,44.0446],[24.7221,44.0474],[24.7109,44.0591],[24.7605,44.0688],[24.7589,44.0736],[24.8032,44.0785],[24.8006,44.0843],[24.8425,44.0899],[24.8439,44.086],[24.8594,44.0938],[24.8544,44.0952],[24.851,44.102],[24.8541,44.1079],[24.8445,44.1252],[24.8442,44.1332],[24.8053,44.1588],[24.8053,44.1708],[24.7936,44.1913],[24.8027,44.2013],[24.8372,44.2263],[24.8178,44.2332],[24.8281,44.2368],[24.8202,44.2421],[24.8245,44.2441],[24.8292,44.2723],[24.8224,44.2829],[24.8214,44.2902],[24.8242,44.2983],[24.8357,44.302],[24.831,44.3095],[24.8438,44.313],[24.8474,44.319],[24.8385,44.3223],[24.8283,44.3323],[24.8295,44.338],[24.8179,44.3551],[24.817,44.3611],[24.847,44.3683],[24.8826,44.3683],[24.8866,44.3797],[24.884,44.3826],[24.961,44.3792],[24.9614,44.3769],[24.9766,44.3829],[25.0059,44.4038],[25.0105,44.4108],[25.0463,44.3973],[25.0546,44.4091],[25.0651,44.3973],[25.0919,44.4133],[25.1033,44.4099],[25.0862,44.4171],[25.1056,44.4172],[25.1029,44.4192],[25.1067,44.4201],[25.1112,44.4159],[25.125,44.4215],[25.125,44.424],[25.1299,44.4234],[25.1577,44.4344],[25.1552,44.4377],[25.2029,44.4564],[25.2348,44.4243],[25.2401,44.4225],[25.2507,44.4034],[25.2765,44.4163],[25.3018,44.4233],[25.297,44.4303],[25.3224,44.4409],[25.3265,44.4449],[25.3223,44.4466],[25.3331,44.4561],[25.3356,44.4546],[25.3412,44.4646],[25.3558,44.4593],[25.3666,44.4742],[25.3578,44.4796],[25.3691,44.4972],[25.3951,44.5182],[25.4184,44.5075],[25.4427,44.501],[25.4445,44.4944],[25.4503,44.4922],[25.4417,44.4848],[25.4538,44.4779],[25.4709,44.4883],[25.4788,44.4847],[25.4912,44.472]]]}},{"type":"Feature","properties":{"name":"Dâmbovița","code":"DB"},"geometry":{"type":"Polygon","coordinates":[[[25.4526,45.4413],[25.4557,45.4333],[25.4623,45.4334],[25.4719,45.4266],[25.4697,45.4119],[25.4844,45.395],[25.4809,45.3828],[25.4738,45.3796],[25.471,45.3747],[25.4738,45.3572],[25.4677,45.3471],[25.47,45.3406],[25.4781,45.3368],[25.4741,45.3277],[25.4875,45.3146],[25.5036,45.318],[25.5336,45.3018],[25.5329,45.2929],[25.5397,45.2895],[25.5443,45.2816],[25.5496,45.2803],[25.5549,45.2706],[25.5528,45.2659],[25.5336,45.2539],[25.5301,45.244],[25.5253,45.2438],[25.5282,45.2371],[25.5182,45.232],[25.511,45.2219],[25.5342,45.216],[25.54,45.2033],[25.5305,45.1945],[25.5318,45.1903],[25.5354,45.1879],[25.5579,45.1923],[25.5638,45.1727],[25.5978,45.1491],[25.5935,45.1435],[25.6051,45.129],[25.605,45.1244],[25.6192,45.1188],[25.6234,45.1066],[25.6341,45.1047],[25.6397,45.092],[25.6548,45.091],[25.6658,45.0832],[25.6752,45.0808],[25.6869,45.0591],[25.7017,45.045],[25.6992,45.0396],[25.7041,45.0342],[25.6869,45.0291],[25.6839,45.024],[25.6876,45.0204],[25.6755,45.0096],[25.6788,44.9971],[25.6766,44.9937],[25.6836,44.9788],[25.6789,44.9735],[25.6778,44.9656],[25.6881,44.9514],[25.688,44.9474],[25.7096,44.9414],[25.7406,44.9447],[25.7456,44.9423],[25.7694,44.947],[25.7726,44.9404],[25.7914,44.9447],[25.8022,44.9211],[25.8112,44.9226],[25.8134,44.9147],[25.8208,44.9135],[25.8201,44.9032],[25.8253,44.8971],[25.8089,44.8889],[25.8142,44.8745],[25.8028,44.8674],[25.8044,44.8629],[25.797,44.8546],[25.8021,44.8523],[25.7764,44.8422],[25.7743,44.837],[25.7776,44.8246],[25.8418,44.81],[25.8431,44.816],[25.8601,44.8261],[25.8629,44.8308],[25.8745,44.8314],[25.8734,44.8254],[25.8769,44.8203],[25.8863,44.818],[25.8829,44.8135],[25.8861,44.8068],[25.895,44.7999],[25.8996,44.8011],[25.9092,44.7959],[25.9053,44.7957],[25.9061,44.7907],[25.9092,44.7867],[25.916,44.7857],[25.9191,44.7798],[25.9172,44.7776],[25.92,44.7757],[25.916,44.7756],[25.9157,44.7722],[25.9266,44.7717],[25.9228,44.7701],[25.9298,44.7677],[25.9248,44.7627],[25.9334,44.7631],[25.9353,44.7578],[25.9408,44.7567],[25.9367,44.7484],[25.9239,44.7444],[25.9249,44.739],[25.9211,44.7395],[25.9227,44.7352],[25.9167,44.7343],[25.9165,44.7375],[25.9084,44.7334],[25.9147,44.7163],[25.9264,44.709],[25.9281,44.6982],[25.9332,44.6948],[25.9543,44.7221],[25.9631,44.725],[25.9678,44.7203],[25.9546,44.7143],[25.9537,44.708],[25.9708,44.7104],[25.9747,44.6999],[25.9916,44.7012],[25.9881,44.6911],[25.9839,44.6867],[25.9764,44.6891],[25.9765,44.687],[25.9581,44.6839],[25.9642,44.6787],[25.9693,44.6802],[25.9712,44.6747],[25.977,44.6764],[25.9854,44.6734],[25.9741,44.6707],[25.9822,44.6646],[25.9751,44.6652],[25.9722,44.6604],[25.9614,44.6579],[25.9595,44.6545],[25.9424,44.6573],[25.9393,44.6457],[25.9675,44.6318],[25.9801,44.63],[25.9886,44.6229],[25.992,44.6123],[25.9297,44.5715],[25.8798,44.5535],[25.8908,44.541],[25.875,44.5339],[25.8536,44.5389],[25.8446,44.5239],[25.8438,44.5297],[25.8321,44.5417],[25.8261,44.5396],[25.8102,44.5488],[25.7893,44.5303],[25.7853,44.5333],[25.7787,44.5293],[25.7641,44.5357],[25.7573,44.5298],[25.7463,44.5381],[25.7398,44.5348],[25.7287,44.5364],[25.7256,44.5392],[25.7273,44.5419],[25.7221,44.5451],[25.713,44.5405],[25.7081,44.5444],[25.6818,44.523],[25.6798,44.5239],[25.6838,44.529],[25.681,44.5304],[25.6763,44.5253],[25.6729,44.5273],[25.6742,44.5324],[25.6461,44.5441],[25.6498,44.5513],[25.6468,44.5535],[25.6355,44.549],[25.6168,44.5504],[25.6011,44.5289],[25.5934,44.5321],[25.5893,44.5254],[25.5821,44.5266],[25.5795,44.531],[25.5817,44.5334],[25.5765,44.5342],[25.5749,44.538],[25.5652,44.5325],[25.5643,44.5291],[25.552,44.5328],[25.5478,44.5395],[25.542,44.54],[25.5156,44.5189],[25.5037,44.5173],[25.5026,44.5201],[25.4957,44.5197],[25.4986,44.517],[25.4846,44.5025],[25.4804,44.5043],[25.4799,44.4991],[25.4995,44.4877],[25.5121,44.4883],[25.5025,44.4767],[25.4983,44.4792],[25.4912,44.472],[25.4788,44.4847],[25.4709,44.4883],[25.4538,44.4779],[25.4417,44.4848],[25.4503,44.4922],[25.4445,44.4944],[25.4427,44.501],[25.4184,44.5075],[25.3951,44.5182],[25.3691,44.4972],[25.3578,44.4796],[25.3666,44.4742],[25.3558,44.4593],[25.3412,44.4646],[25.3356,44.4546],[25.3331,44.4561],[25.3223,44.4466],[25.3265,44.4449],[25.3224,44.4409],[25.297,44.4303],[25.3018,44.4233],[25.2765,44.4163],[25.2507,44.4034],[25.2401,44.4225],[25.2348,44.4243],[25.2582,44.4413],[25.2636,44.4353],[25.2797,44.4445],[25.271,44.4482],[25.2773,44.4534],[25.2669,44.4675],[25.2711,44.4697],[25.2686,44.472],[25.28,44.4749],[25.2797,44.4787],[25.2725,44.4879],[25.2741,44.4915],[25.2657,44.5071],[25.2573,44.5114],[25.2799,44.528],[25.2869,44.5458],[25.2926,44.5514],[25.2591,44.5685],[25.2518,44.5628],[25.2203,44.6018],[25.2255,44.6052],[25.2125,44.6157],[25.1983,44.6087],[25.1932,44.6198],[25.205,44.6329],[25.1993,44.6329],[25.1954,44.6366],[25.1844,44.6307],[25.1808,44.6322],[25.1793,44.6347],[25.1943,44.6395],[25.1928,44.6432],[25.1796,44.6493],[25.1684,44.6618],[25.188,44.6705],[25.1966,44.6661],[25.2373,44.6949],[25.2273,44.7033],[25.2237,44.7018],[25.2101,44.7077],[25.2031,44.7071],[25.1853,44.7158],[25.175,44.7147],[25.1858,44.7228],[25.1828,44.7238],[25.1853,44.7274],[25.1746,44.7307],[25.1826,44.7378],[25.1779,44.7397],[25.1842,44.7449],[25.1929,44.7341],[25.1971,44.7364],[25.2005,44.7406],[25.1978,44.7429],[25.1995,44.7474],[25.2111,44.7643],[25.2084,44.7735],[25.2129,44.7821],[25.2074,44.7852],[25.2052,44.7963],[25.2005,44.796],[25.1973,44.8058],[25.2008,44.8101],[25.1919,44.8194],[25.194,44.8259],[25.1869,44.8267],[25.1952,44.849],[25.2046,44.856],[25.2001,44.8584],[25.1992,44.8648],[25.1932,44.8709],[25.1907,44.8813],[25.1976,44.9032],[25.174,44.9196],[25.1613,44.9211],[25.1664,44.9264],[25.1642,44.9335],[25.1693,44.941],[25.1668,44.9497],[25.1711,44.958],[25.169,44.9723],[25.1723,44.9838],[25.1768,44.9893],[25.1962,44.9911],[25.2002,45.002],[25.1969,45.0187],[25.1873,45.0332],[25.1701,45.0286],[25.172,45.0405],[25.1449,45.0384],[25.1486,45.0515],[25.1282,45.0613],[25.1247,45.0705],[25.1422,45.0842],[25.1537,45.0854],[25.1576,45.0762],[25.1698,45.0807],[25.1674,45.0819],[25.1741,45.0843],[25.1801,45.0935],[25.1747,45.1022],[25.1765,45.1072],[25.1661,45.111],[25.1619,45.1171],[25.1577,45.1187],[25.1524,45.112],[25.1442,45.1124],[25.1627,45.1245],[25.1467,45.129],[25.1487,45.1351],[25.1539,45.1366],[25.1461,45.1426],[25.1543,45.1601],[25.1521,45.1812],[25.1468,45.1848],[25.1475,45.1878],[25.1554,45.1904],[25.1541,45.1946],[25.1463,45.1991],[25.1564,45.2016],[25.1444,45.2063],[25.1392,45.2121],[25.1637,45.2153],[25.165,45.208],[25.1684,45.2076],[25.1708,45.201],[25.1824,45.2026],[25.1839,45.1953],[25.1791,45.1952],[25.1794,45.1921],[25.1859,45.1866],[25.1972,45.1653],[25.2071,45.1634],[25.2119,45.1566],[25.2172,45.1586],[25.2161,45.1643],[25.2295,45.1676],[25.24,45.1769],[25.2548,45.1828],[25.2562,45.1862],[25.2497,45.1971],[25.2534,45.2033],[25.2496,45.2042],[25.2538,45.2049],[25.2477,45.2109],[25.2698,45.2136],[25.2732,45.2175],[25.2795,45.2181],[25.2824,45.2227],[25.2896,45.2219],[25.2914,45.2247],[25.2937,45.2321],[25.2851,45.2406],[25.287,45.2531],[25.2804,45.2616],[25.2804,45.2694],[25.2847,45.2763],[25.3053,45.2923],[25.305,45.3042],[25.3161,45.3217],[25.3102,45.3298],[25.3098,45.3359],[25.3251,45.3459],[25.3254,45.3559],[25.3193,45.3596],[25.3219,45.3649],[25.3165,45.3701],[25.3216,45.3811],[25.3627,45.3916],[25.3917,45.3902],[25.4033,45.3866],[25.4094,45.3943],[25.408,45.4204],[25.4127,45.4296],[25.4299,45.438],[25.435,45.4366],[25.4526,45.4413]]]}},{"type":"Feature","properties":{"name":"Olt","code":"OT"},"geometry":{"type":"Polygon","coordinates":[[[24.4381,44.8454],[24.4215,44.8271],[24.433,44.8178],[24.4469,44.8202],[24.4453,44.8108],[24.4523,44.8152],[24.4802,44.8217],[24.483,44.8299],[24.4949,44.8317],[24.4949,44.8446],[24.5094,44.8455],[24.5102,44.8568],[24.5054,44.8659],[24.5152,44.8691],[24.5135,44.8776],[24.5228,44.8942],[24.5337,44.8918],[24.535,44.8889],[24.5407,44.891],[24.5449,44.8851],[24.5425,44.8614],[24.5521,44.8585],[24.5508,44.8471],[24.5565,44.8311],[24.5631,44.8241],[24.5617,44.8223],[24.5717,44.8171],[24.5771,44.799],[24.5886,44.7982],[24.5823,44.774],[24.5878,44.7757],[24.5903,44.7556],[24.5937,44.7552],[24.5938,44.7509],[24.607,44.7538],[24.6134,44.7454],[24.6174,44.746],[24.6208,44.7394],[24.6236,44.7401],[24.6314,44.7329],[24.6297,44.7288],[24.6747,44.7391],[24.6738,44.737],[24.6834,44.7376],[24.6883,44.7339],[24.7074,44.7313],[24.7052,44.727],[24.7102,44.7268],[24.71,44.722],[24.7159,44.7183],[24.7251,44.7212],[24.7184,44.7168],[24.7216,44.7145],[24.7066,44.7141],[24.7106,44.7105],[24.6857,44.7001],[24.6929,44.6968],[24.7022,44.6591],[24.705,44.6571],[24.7013,44.6542],[24.7054,44.6478],[24.7011,44.6404],[24.7075,44.638],[24.7104,44.6281],[24.7167,44.6261],[24.7087,44.6165],[24.7105,44.5823],[24.7161,44.583],[24.7234,44.5786],[24.7293,44.5707],[24.7301,44.5614],[24.7365,44.5551],[24.7286,44.5532],[24.7306,44.5482],[24.725,44.5433],[24.7389,44.5465],[24.7426,44.5381],[24.7316,44.5223],[24.7319,44.5144],[24.7292,44.5138],[24.7274,44.4924],[24.7348,44.4918],[24.734,44.4652],[24.7592,44.4645],[24.7544,44.4559],[24.756,44.4517],[24.7499,44.4434],[24.7533,44.4412],[24.7543,44.4281],[24.744,44.423],[24.7533,44.4024],[24.7445,44.3955],[24.7547,44.3937],[24.7562,44.3906],[24.7864,44.3983],[24.7878,44.3924],[24.8076,44.3935],[24.8064,44.3901],[24.8145,44.3868],[24.8182,44.3874],[24.8183,44.3939],[24.8806,44.3942],[24.884,44.3826],[24.8866,44.3797],[24.8826,44.3683],[24.847,44.3683],[24.817,44.3611],[24.8179,44.3551],[24.8295,44.338],[24.8283,44.3323],[24.8385,44.3223],[24.8474,44.319],[24.8438,44.313],[24.831,44.3095],[24.8357,44.302],[24.8242,44.2983],[24.8214,44.2902],[24.8224,44.2829],[24.8292,44.2723],[24.8245,44.2441],[24.8202,44.2421],[24.8281,44.2368],[24.8178,44.2332],[24.8372,44.2263],[24.8027,44.2013],[24.7936,44.1913],[24.8053,44.1708],[24.8053,44.1588],[24.8442,44.1332],[24.8445,44.1252],[24.8541,44.1079],[24.851,44.102],[24.8544,44.0952],[24.8594,44.0938],[24.8439,44.086],[24.8425,44.0899],[24.8006,44.0843],[24.8032,44.0785],[24.7589,44.0736],[24.7605,44.0688],[24.7109,44.0591],[24.7221,44.0474],[24.7117,44.0446],[24.7193,44.0433],[24.7202,44.0381],[24.6596,44.0283],[24.6328,44.0202],[24.6284,44.0217],[24.6131,44.0142],[24.6158,44.0094],[24.6085,43.9947],[24.5937,43.9895],[24.5981,43.9871],[24.6058,43.9929],[24.6071,43.9913],[24.6072,43.9837],[24.596,43.9799],[24.5993,43.9766],[24.6091,43.9779],[24.6074,43.9706],[24.6019,43.9701],[24.6023,43.9621],[24.6322,43.9616],[24.6343,43.9445],[24.6471,43.9433],[24.6483,43.9408],[24.6276,43.9359],[24.631,43.9252],[24.6393,43.9254],[24.6577,43.8998],[24.6755,43.8981],[24.6779,43.8853],[24.6624,43.8831],[24.6683,43.8667],[24.6936,43.8707],[24.6963,43.8673],[24.693,43.8597],[24.7005,43.8606],[24.7026,43.8512],[24.7234,43.8361],[24.7237,43.8325],[24.7159,43.8289],[24.6959,43.8313],[24.687,43.8256],[24.6891,43.8211],[24.6969,43.8251],[24.726,43.8261],[24.7302,43.8246],[24.7293,43.8204],[24.7439,43.8221],[24.7551,43.8176],[24.755,43.8143],[24.7388,43.8145],[24.7395,43.8091],[24.7366,43.8081],[24.7467,43.792],[24.6944,43.7819],[24.6963,43.774],[24.684,43.7723],[24.6867,43.7597],[24.6762,43.7584],[24.6746,43.7515],[24.6565,43.7547],[24.6506,43.7468],[24.6652,43.7426],[24.6571,43.7236],[24.6312,43.739],[24.6108,43.7461],[24.5702,43.7548],[24.5242,43.76],[24.5127,43.7625],[24.5129,43.7648],[24.4461,43.7419],[24.4426,43.7443],[24.4086,43.7369],[24.3829,43.7196],[24.3793,43.7158],[24.3816,43.7127],[24.3486,43.6974],[24.3108,43.7003],[24.1849,43.6823],[24.1587,43.6856],[24.1127,43.6996],[24.1293,43.7746],[24.1382,43.7754],[24.1555,43.8137],[24.1762,43.8086],[24.1787,43.8138],[24.1923,43.8104],[24.1995,43.8256],[24.1922,43.827],[24.2016,43.8469],[24.1942,43.8486],[24.199,43.8583],[24.2271,43.8523],[24.2317,43.8617],[24.225,43.8634],[24.2343,43.8833],[24.2267,43.8852],[24.2483,43.9303],[24.24,43.9318],[24.2417,43.9368],[24.2233,43.9412],[24.2324,43.9614],[24.2516,43.9572],[24.2603,43.9742],[24.2573,43.975],[24.2625,43.9873],[24.2591,43.9881],[24.2639,43.9987],[24.1736,44.0063],[24.1845,44.049],[24.1746,44.0502],[24.1796,44.0685],[24.204,44.0713],[24.2226,44.0693],[24.2273,44.1097],[24.2208,44.11],[24.2237,44.1204],[24.2154,44.1219],[24.2294,44.17],[24.2188,44.171],[24.2207,44.1795],[24.2164,44.1802],[24.2296,44.2147],[24.2214,44.2168],[24.2269,44.2299],[24.1416,44.2487],[24.1491,44.2526],[24.1476,44.2635],[24.112,44.2668],[24.109,44.3008],[24.0913,44.2992],[24.0696,44.3328],[24.0572,44.3406],[24.0509,44.34],[24.0542,44.3422],[24.0535,44.3457],[24.0418,44.3491],[24.049,44.3545],[24.0458,44.3545],[24.0492,44.3646],[24.0242,44.3759],[24.0317,44.3797],[24.0288,44.3848],[24.025,44.3858],[24.0151,44.3771],[23.9842,44.3731],[23.9777,44.3802],[23.958,44.3818],[23.9683,44.4104],[23.9014,44.4251],[23.8905,44.4128],[23.8821,44.4235],[23.8843,44.4277],[23.8823,44.4333],[23.8942,44.4456],[23.8977,44.4575],[23.8859,44.4613],[23.8912,44.4667],[23.9089,44.4688],[23.9009,44.4753],[23.8831,44.4806],[23.9041,44.499],[23.8995,44.5066],[23.8903,44.508],[23.8907,44.5107],[23.9019,44.5163],[23.8968,44.5127],[23.9007,44.5116],[23.912,44.5147],[23.9306,44.5268],[23.9291,44.5281],[23.9397,44.5344],[23.9566,44.531],[23.9901,44.5383],[23.9945,44.5345],[24.0263,44.53],[24.0308,44.5269],[24.0252,44.5204],[24.0271,44.5177],[24.0415,44.5226],[24.0438,44.5138],[24.036,44.5089],[24.0367,44.5052],[24.0414,44.5047],[24.0515,44.5103],[24.0626,44.4956],[24.0551,44.4973],[24.0561,44.4947],[24.0699,44.4956],[24.0778,44.4902],[24.0832,44.4919],[24.0813,44.4994],[24.092,44.5109],[24.0867,44.5143],[24.095,44.5158],[24.1081,44.5248],[24.1161,44.5243],[24.1175,44.5381],[24.1296,44.5408],[24.1451,44.5565],[24.1555,44.5585],[24.1625,44.5523],[24.1721,44.5563],[24.1851,44.5461],[24.1983,44.5541],[24.2066,44.5546],[24.2471,44.5528],[24.2482,44.5503],[24.2589,44.5489],[24.259,44.5528],[24.2532,44.554],[24.2592,44.5659],[24.2596,44.6001],[24.265,44.5995],[24.2645,44.6018],[24.282,44.6001],[24.2876,44.5864],[24.2833,44.5713],[24.2878,44.5663],[24.3249,44.5609],[24.3247,44.6129],[24.3161,44.6307],[24.3069,44.6344],[24.3012,44.6418],[24.2988,44.6753],[24.2797,44.7077],[24.2762,44.7407],[24.2826,44.7497],[24.2746,44.7688],[24.2964,44.7704],[24.2987,44.7807],[24.3077,44.7812],[24.3094,44.7847],[24.3232,44.7896],[24.3187,44.7938],[24.3204,44.7916],[24.3159,44.7876],[24.3157,44.7985],[24.3219,44.8077],[24.3188,44.8161],[24.3318,44.8173],[24.3244,44.8209],[24.3282,44.8313],[24.3187,44.8395],[24.3257,44.841],[24.3241,44.8428],[24.342,44.8535],[24.3329,44.8641],[24.3332,44.8698],[24.3443,44.8707],[24.35,44.868],[24.368,44.8716],[24.3833,44.8872],[24.3799,44.8909],[24.385,44.8937],[24.3884,44.8921],[24.3854,44.8963],[24.3889,44.8963],[24.3889,44.9015],[24.4237,44.8908],[24.4261,44.8821],[24.4181,44.8802],[24.4214,44.8781],[24.4189,44.8737],[24.4231,44.8708],[24.4179,44.8635],[24.4194,44.8601],[24.4165,44.855],[24.4381,44.8454]]]}},{"type":"Feature","properties":{"name":"Dolj","code":"DJ"},"geometry":{"type":"Polygon","coordinates":[[[23.7805,44.714],[23.7856,44.6933],[23.7807,44.6887],[23.7863,44.6801],[23.791,44.6808],[23.7918,44.6749],[23.7871,44.6631],[23.7898,44.6563],[23.7863,44.6493],[23.7874,44.6375],[23.8166,44.6476],[23.8271,44.6364],[23.842,44.6386],[23.8449,44.6346],[23.8554,44.6308],[23.8591,44.6244],[23.8762,44.6304],[23.8997,44.6255],[23.8815,44.6146],[23.8809,44.6109],[23.8862,44.6052],[23.8852,44.5989],[23.8909,44.5953],[23.8897,44.5894],[23.8978,44.5747],[23.9111,44.5789],[23.916,44.5669],[23.9218,44.5631],[23.9239,44.5406],[23.9291,44.5281],[23.9306,44.5268],[23.912,44.5147],[23.9007,44.5116],[23.8968,44.5127],[23.9019,44.5163],[23.8907,44.5107],[23.8903,44.508],[23.8995,44.5066],[23.9041,44.499],[23.8831,44.4806],[23.9009,44.4753],[23.9089,44.4688],[23.8912,44.4667],[23.8859,44.4613],[23.8977,44.4575],[23.8942,44.4456],[23.8823,44.4333],[23.8843,44.4277],[23.8821,44.4235],[23.8905,44.4128],[23.9014,44.4251],[23.9683,44.4104],[23.958,44.3818],[23.9777,44.3802],[23.9842,44.3731],[24.0151,44.3771],[24.025,44.3858],[24.0288,44.3848],[24.0317,44.3797],[24.0242,44.3759],[24.0492,44.3646],[24.0458,44.3545],[24.049,44.3545],[24.0418,44.3491],[24.0535,44.3457],[24.0542,44.3422],[24.0509,44.34],[24.0572,44.3406],[24.0696,44.3328],[24.0913,44.2992],[24.109,44.3008],[24.112,44.2668],[24.1476,44.2635],[24.1491,44.2526],[24.1416,44.2487],[24.2269,44.2299],[24.2214,44.2168],[24.2296,44.2147],[24.2164,44.1802],[24.2207,44.1795],[24.2188,44.171],[24.2294,44.17],[24.2154,44.1219],[24.2237,44.1204],[24.2208,44.11],[24.2273,44.1097],[24.2226,44.0693],[24.204,44.0713],[24.1796,44.0685],[24.1746,44.0502],[24.1845,44.049],[24.1736,44.0063],[24.2639,43.9987],[24.2591,43.9881],[24.2625,43.9873],[24.2573,43.975],[24.2603,43.9742],[24.2516,43.9572],[24.2324,43.9614],[24.2233,43.9412],[24.2417,43.9368],[24.24,43.9318],[24.2483,43.9303],[24.2267,43.8852],[24.2343,43.8833],[24.225,43.8634],[24.2317,43.8617],[24.2271,43.8523],[24.199,43.8583],[24.1942,43.8486],[24.2016,43.8469],[24.1922,43.827],[24.1995,43.8256],[24.1923,43.8104],[24.1787,43.8138],[24.1762,43.8086],[24.1555,43.8137],[24.1382,43.7754],[24.1293,43.7746],[24.1127,43.6996],[24.0864,43.7022],[24.0608,43.7189],[23.9668,43.7446],[23.9264,43.745],[23.8634,43.755],[23.8104,43.7756],[23.7817,43.7797],[23.7652,43.7859],[23.7537,43.7979],[23.7554,43.8001],[23.7008,43.8041],[23.6235,43.7913],[23.6015,43.7948],[23.5937,43.7972],[23.5922,43.8007],[23.587,43.7964],[23.581,43.7971],[23.5438,43.8118],[23.5075,43.8338],[23.4643,43.8401],[23.4362,43.8501],[23.4152,43.8528],[23.3735,43.8475],[23.3259,43.85],[23.2678,43.8468],[23.239,43.8371],[23.2129,43.833],[23.1308,43.8053],[23.0538,43.7956],[23.043,43.7963],[23.0345,43.8028],[22.9528,43.8132],[22.947,43.8171],[22.9484,43.8188],[22.934,43.8236],[22.9066,43.8259],[22.8735,43.835],[22.8629,43.8409],[22.8427,43.8638],[22.8383,43.8867],[22.8478,43.9092],[22.851,43.9089],[22.8621,43.9239],[22.8635,43.9329],[22.8602,43.9338],[22.8683,43.9476],[22.8787,43.9816],[22.8917,43.9918],[22.9289,44.0012],[22.9698,44.0085],[22.9707,44.0057],[22.9786,44.0064],[23.0101,44.0134],[23.0165,44.0186],[23.0139,44.0206],[23.0327,44.0377],[23.0457,44.0579],[23.0405,44.0755],[23.0244,44.0894],[22.9916,44.0978],[22.9639,44.0985],[22.9832,44.1242],[23.0046,44.1397],[23.0053,44.1581],[23.0855,44.1568],[23.0846,44.1515],[23.0972,44.1462],[23.1099,44.1501],[23.1179,44.1895],[23.0951,44.1992],[23.1121,44.2174],[23.0942,44.2227],[23.0978,44.2404],[23.0891,44.2429],[23.0936,44.2619],[23.1083,44.2625],[23.1091,44.2717],[23.124,44.3013],[23.1188,44.3031],[23.1311,44.3163],[23.1397,44.3154],[23.1459,44.319],[23.1762,44.3245],[23.1933,44.3527],[23.1889,44.3674],[23.1935,44.3671],[23.1925,44.3694],[23.1977,44.3726],[23.2071,44.3676],[23.2181,44.3755],[23.2174,44.3866],[23.1998,44.392],[23.1664,44.4121],[23.1783,44.4242],[23.1972,44.4138],[23.2052,44.4361],[23.2222,44.4361],[23.2231,44.4391],[23.2151,44.4402],[23.2165,44.4438],[23.1963,44.452],[23.1998,44.468],[23.2141,44.467],[23.2141,44.4704],[23.223,44.4705],[23.2232,44.4728],[23.2359,44.4744],[23.2393,44.4782],[23.2489,44.4803],[23.2445,44.4968],[23.2795,44.5015],[23.2791,44.5081],[23.2838,44.516],[23.273,44.5203],[23.257,44.5202],[23.2539,44.5299],[23.2671,44.5302],[23.2874,44.5383],[23.3002,44.5369],[23.3166,44.54],[23.3262,44.5332],[23.3232,44.5309],[23.3368,44.5237],[23.3545,44.5339],[23.3568,44.5365],[23.3531,44.5379],[23.3564,44.5408],[23.3704,44.5444],[23.3992,44.536],[23.4156,44.527],[23.4175,44.5325],[23.4272,44.5326],[23.4353,44.5399],[23.4283,44.5426],[23.4522,44.5526],[23.455,44.5696],[23.4662,44.5688],[23.4653,44.574],[23.4585,44.5744],[23.4711,44.5792],[23.4894,44.5787],[23.4928,44.5709],[23.4969,44.5712],[23.4942,44.5793],[23.5077,44.5833],[23.5053,44.586],[23.5073,44.5925],[23.5099,44.5979],[23.5156,44.5985],[23.5145,44.6015],[23.5471,44.6058],[23.548,44.6081],[23.5641,44.6075],[23.5654,44.6101],[23.5888,44.6151],[23.6009,44.6054],[23.5986,44.5998],[23.6148,44.59],[23.6238,44.5885],[23.6299,44.5929],[23.663,44.6005],[23.6746,44.5985],[23.6971,44.602],[23.7001,44.5994],[23.6963,44.5961],[23.7062,44.5914],[23.7077,44.5851],[23.7164,44.598],[23.7105,44.6096],[23.7199,44.6275],[23.7183,44.6367],[23.7085,44.642],[23.7145,44.6508],[23.7084,44.6603],[23.7199,44.6746],[23.7212,44.6813],[23.726,44.6844],[23.7191,44.6934],[23.7223,44.7013],[23.7151,44.7043],[23.713,44.7114],[23.7169,44.7266],[23.7217,44.7297],[23.7476,44.7161],[23.7805,44.714]]]}},{"type":"Feature","properties":{"name":"Giurgiu","code":"GR"},"geometry":{"type":"Polygon","coordinates":[[[25.8908,44.541],[25.9206,44.5163],[25.8956,44.4853],[25.9082,44.4815],[25.9108,44.4762],[25.9153,44.4769],[25.9,44.4526],[25.8796,44.4616],[25.8785,44.4577],[25.8708,44.4587],[25.8658,44.4701],[25.8708,44.4736],[25.8646,44.4794],[25.8569,44.4796],[25.8567,44.4822],[25.8458,44.4724],[25.843,44.4694],[25.8538,44.467],[25.8551,44.4505],[25.8525,44.447],[25.865,44.4434],[25.8482,44.4304],[25.8657,44.4235],[25.8627,44.4221],[25.8696,44.4184],[25.8312,44.4028],[25.8244,44.398],[25.8254,44.392],[25.8287,44.3896],[25.8411,44.3903],[25.8496,44.3855],[25.8515,44.3882],[25.8573,44.3876],[25.8572,44.3725],[25.8688,44.3668],[25.87,44.3574],[25.8762,44.3553],[25.89,44.3579],[25.8921,44.3533],[25.886,44.345],[25.8969,44.3442],[25.9108,44.3314],[25.9327,44.336],[25.9526,44.3274],[25.9537,44.3237],[25.9484,44.3188],[25.9503,44.3167],[25.966,44.3164],[25.9703,44.3199],[25.9681,44.3259],[25.9721,44.3276],[25.9781,44.3222],[25.9931,44.3168],[25.9958,44.3081],[26.0015,44.3056],[25.996,44.2977],[25.9932,44.2986],[25.9948,44.2961],[25.9745,44.2695],[25.9768,44.2684],[25.9975,44.2956],[26.0101,44.3011],[26.015,44.2947],[26.0312,44.291],[26.0538,44.27],[26.0843,44.2674],[26.0942,44.2529],[26.1454,44.2345],[26.1547,44.24],[26.1603,44.2395],[26.1618,44.236],[26.173,44.2504],[26.1902,44.2415],[26.1955,44.2485],[26.1887,44.2512],[26.2058,44.2701],[26.2039,44.2733],[26.2136,44.2629],[26.2493,44.2948],[26.2556,44.2912],[26.26,44.295],[26.2834,44.2813],[26.2811,44.2785],[26.2863,44.2767],[26.3036,44.2559],[26.315,44.2579],[26.3258,44.2499],[26.3336,44.2511],[26.3459,44.2418],[26.3602,44.2419],[26.3613,44.2231],[26.4004,44.2242],[26.401,44.2081],[26.4158,44.2038],[26.4159,44.1986],[26.4075,44.2002],[26.3998,44.1975],[26.3998,44.1854],[26.4086,44.1859],[26.4096,44.189],[26.4169,44.1881],[26.4208,44.1833],[26.414,44.1802],[26.4135,44.1758],[26.4175,44.1647],[26.4221,44.1657],[26.4271,44.1575],[26.4289,44.1459],[26.4237,44.1411],[26.4231,44.1342],[26.418,44.1312],[26.4197,44.1256],[26.3897,44.123],[26.3581,44.1081],[26.374,44.0542],[26.38,44.043],[26.3048,44.0266],[26.2803,44.0103],[26.1918,43.9832],[26.147,43.9842],[26.1149,43.9741],[26.1019,43.9634],[26.0929,43.9527],[26.0951,43.9513],[26.072,43.9327],[26.0477,43.9045],[26.0013,43.8836],[25.9997,43.8853],[25.9766,43.87],[25.9399,43.8518],[25.9186,43.8284],[25.9105,43.8116],[25.9079,43.8128],[25.8872,43.7951],[25.8813,43.7862],[25.8844,43.7835],[25.855,43.7608],[25.8238,43.7498],[25.8216,43.7517],[25.8116,43.7458],[25.7831,43.7122],[25.7342,43.6926],[25.7191,43.69],[25.6719,43.6913],[25.6716,43.6977],[25.6817,43.6978],[25.6793,43.7065],[25.6741,43.7057],[25.6723,43.7114],[25.675,43.715],[25.6848,43.7129],[25.6786,43.7216],[25.6631,43.7182],[25.6629,43.7384],[25.6565,43.7412],[25.66,43.746],[25.651,43.7498],[25.6677,43.7732],[25.6666,43.7787],[25.6601,43.7787],[25.66,43.8205],[25.6298,43.8205],[25.6297,43.8447],[25.6069,43.8445],[25.6069,43.8778],[25.615,43.8816],[25.6146,43.9038],[25.6032,43.9069],[25.5844,43.9067],[25.5848,43.9376],[25.6181,43.9375],[25.618,43.9414],[25.6222,43.9414],[25.6118,43.9528],[25.6178,43.9559],[25.5914,43.9845],[25.6039,43.9907],[25.5934,44.002],[25.5999,44.003],[25.594,44.0136],[25.5988,44.0166],[25.5987,44.0377],[25.6029,44.0355],[25.6072,44.038],[25.6048,44.0415],[25.6067,44.0462],[25.623,44.0481],[25.6298,44.0525],[25.6163,44.0592],[25.6146,44.0629],[25.6253,44.0679],[25.618,44.0761],[25.6289,44.0811],[25.6247,44.0858],[25.6459,44.0957],[25.6375,44.0986],[25.6571,44.1151],[25.662,44.1002],[25.6781,44.0896],[25.6797,44.0972],[25.6723,44.1038],[25.6724,44.1074],[25.6772,44.1137],[25.686,44.11],[25.686,44.1224],[25.6905,44.1211],[25.6981,44.1054],[25.7089,44.1021],[25.7046,44.1099],[25.7044,44.1193],[25.7058,44.1248],[25.7138,44.1284],[25.7094,44.1348],[25.679,44.1266],[25.6768,44.1574],[25.6847,44.1571],[25.6901,44.1534],[25.7017,44.154],[25.703,44.1605],[25.6553,44.1688],[25.6661,44.1998],[25.6628,44.2031],[25.6642,44.2076],[25.6795,44.2232],[25.684,44.2389],[25.693,44.2418],[25.7055,44.2388],[25.696,44.2494],[25.7032,44.252],[25.6997,44.2572],[25.6927,44.2557],[25.6899,44.2635],[25.6844,44.2617],[25.6752,44.2679],[25.6677,44.2687],[25.6716,44.2749],[25.6658,44.2791],[25.6699,44.2925],[25.6555,44.2965],[25.6506,44.2743],[25.6186,44.2882],[25.6174,44.2906],[25.6316,44.3069],[25.6167,44.3174],[25.6123,44.3159],[25.6037,44.3208],[25.5947,44.3108],[25.5711,44.3082],[25.5689,44.3135],[25.5575,44.3177],[25.5098,44.314],[25.4681,44.3252],[25.4734,44.3454],[25.4695,44.3491],[25.478,44.3541],[25.4703,44.3604],[25.4848,44.3773],[25.471,44.3734],[25.4578,44.3749],[25.4484,44.3793],[25.449,44.3868],[25.4255,44.3969],[25.4316,44.4012],[25.4289,44.404],[25.4504,44.4196],[25.4579,44.4199],[25.4729,44.4361],[25.4704,44.4367],[25.4845,44.4508],[25.4805,44.452],[25.4976,44.4655],[25.4912,44.472],[25.4983,44.4792],[25.5025,44.4767],[25.5121,44.4883],[25.4995,44.4877],[25.4799,44.4991],[25.4804,44.5043],[25.4846,44.5025],[25.4986,44.517],[25.4957,44.5197],[25.5026,44.5201],[25.5037,44.5173],[25.5156,44.5189],[25.542,44.54],[25.5478,44.5395],[25.552,44.5328],[25.5643,44.5291],[25.5652,44.5325],[25.5749,44.538],[25.5765,44.5342],[25.5817,44.5334],[25.5795,44.531],[25.5821,44.5266],[25.5893,44.5254],[25.5934,44.5321],[25.6011,44.5289],[25.6168,44.5504],[25.6355,44.549],[25.6468,44.5535],[25.6498,44.5513],[25.6461,44.5441],[25.6742,44.5324],[25.6729,44.5273],[25.6763,44.5253],[25.681,44.5304],[25.6838,44.529],[25.6798,44.5239],[25.6818,44.523],[25.7081,44.5444],[25.713,44.5405],[25.7221,44.5451],[25.7273,44.5419],[25.7256,44.5392],[25.7287,44.5364],[25.7398,44.5348],[25.7463,44.5381],[25.7573,44.5298],[25.7641,44.5357],[25.7787,44.5293],[25.7853,44.5333],[25.7893,44.5303],[25.8102,44.5488],[25.8261,44.5396],[25.8321,44.5417],[25.8438,44.5297],[25.8446,44.5239],[25.8536,44.5389],[25.875,44.5339],[25.8908,44.541]]]}},{"type":"Feature","properties":{"name":"București","code":"B"},"geometry":{"type":"Polygon","coordinates":[[[26.1008,44.5408],[26.1045,44.5395],[26.1032,44.5298],[26.1062,44.5184],[26.1029,44.5086],[26.104,44.5049],[26.1087,44.5059],[26.1098,44.5034],[26.1044,44.5016],[26.1106,44.4907],[26.1152,44.4872],[26.1849,44.4792],[26.1761,44.4754],[26.1563,44.455],[26.1694,44.4507],[26.1768,44.4539],[26.1752,44.4446],[26.1878,44.4438],[26.1941,44.4466],[26.1977,44.4395],[26.2049,44.4388],[26.209,44.4336],[26.2256,44.4324],[26.2209,44.4264],[26.2245,44.4245],[26.2214,44.4181],[26.2178,44.417],[26.2179,44.4071],[26.2084,44.4049],[26.2141,44.3992],[26.2121,44.3951],[26.1809,44.3938],[26.1619,44.3983],[26.157,44.392],[26.1428,44.3695],[26.1613,44.3456],[26.1644,44.3468],[26.1668,44.3436],[26.1561,44.3394],[26.1565,44.3355],[26.1519,44.3342],[26.1274,44.3483],[26.1304,44.3512],[26.1124,44.3609],[26.1137,44.3656],[26.0991,44.3676],[26.0955,44.36],[26.0948,44.365],[26.0886,44.3691],[26.0753,44.372],[26.0769,44.378],[26.0714,44.3787],[26.0689,44.3746],[26.0561,44.3795],[26.054,44.3761],[26.047,44.3777],[26.0458,44.375],[26.033,44.3832],[26.0394,44.3871],[26.035,44.3909],[26.0285,44.3897],[26.0109,44.4058],[26.0034,44.4017],[25.9972,44.4028],[25.9955,44.4093],[25.9763,44.4064],[25.969,44.422],[25.9667,44.4407],[26.0123,44.4429],[26.0198,44.4484],[26.0147,44.4497],[26.0132,44.4541],[26.0159,44.4554],[26.0131,44.4581],[25.9821,44.467],[25.976,44.4656],[25.9878,44.4921],[25.9833,44.498],[25.9877,44.4996],[25.9948,44.4959],[26.0064,44.4997],[26.0086,44.5148],[26.0253,44.5201],[26.0226,44.523],[26.0248,44.5262],[26.0293,44.5277],[26.0335,44.5236],[26.0495,44.5313],[26.0686,44.5349],[26.073,44.5414],[26.0777,44.5371],[26.1008,44.5408]]]}},{"type":"Feature","properties":{"name":"Ilfov","code":"IF"},"geometry":{"type":"Polygon","coordinates":[[[26.3018,44.7689],[26.3473,44.731],[26.3742,44.7205],[26.3609,44.7051],[26.3615,44.702],[26.3702,44.6984],[26.3599,44.6878],[26.3525,44.6883],[26.3474,44.6845],[26.3415,44.6876],[26.3344,44.6795],[26.3329,44.6816],[26.3297,44.6788],[26.3435,44.6721],[26.3542,44.6616],[26.36,44.6524],[26.3592,44.6378],[26.368,44.6404],[26.3757,44.6208],[26.3971,44.6246],[26.4011,44.6122],[26.3726,44.5906],[26.3816,44.585],[26.3606,44.5676],[26.3678,44.5653],[26.3613,44.5612],[26.3563,44.5643],[26.3372,44.5474],[26.3431,44.5493],[26.3671,44.5269],[26.3911,44.5391],[26.4005,44.5313],[26.415,44.5262],[26.4128,44.5227],[26.4161,44.5217],[26.4066,44.5073],[26.398,44.5112],[26.3606,44.4861],[26.3768,44.4772],[26.3762,44.4691],[26.3817,44.4703],[26.3816,44.4647],[26.3947,44.4657],[26.3954,44.4572],[26.4263,44.4566],[26.4378,44.4619],[26.4435,44.4563],[26.4501,44.4562],[26.4517,44.4628],[26.4585,44.4591],[26.452,44.456],[26.4517,44.4443],[26.4418,44.4444],[26.4415,44.4377],[26.4015,44.4384],[26.4008,44.4198],[26.3899,44.416],[26.3756,44.4219],[26.3525,44.412],[26.3465,44.4049],[26.3469,44.399],[26.342,44.3975],[26.3387,44.4019],[26.3232,44.3961],[26.3328,44.3891],[26.3245,44.3872],[26.3266,44.3845],[26.32,44.3865],[26.3165,44.3999],[26.3092,44.4011],[26.3019,44.4133],[26.298,44.4117],[26.2889,44.4173],[26.2842,44.4132],[26.2601,44.4092],[26.2672,44.4057],[26.2868,44.4051],[26.2878,44.3987],[26.2983,44.399],[26.2962,44.3948],[26.2989,44.3901],[26.3129,44.3902],[26.3145,44.372],[26.3283,44.3748],[26.3269,44.3731],[26.3312,44.3718],[26.3142,44.3618],[26.3229,44.3608],[26.3059,44.3508],[26.3017,44.3542],[26.2953,44.3532],[26.2862,44.3456],[26.2804,44.3489],[26.2525,44.3302],[26.2759,44.3172],[26.2542,44.2982],[26.26,44.295],[26.2556,44.2912],[26.2493,44.2948],[26.2136,44.2629],[26.2039,44.2733],[26.2058,44.2701],[26.1887,44.2512],[26.1955,44.2485],[26.1902,44.2415],[26.173,44.2504],[26.1618,44.236],[26.1603,44.2395],[26.1547,44.24],[26.1454,44.2345],[26.0942,44.2529],[26.0843,44.2674],[26.0538,44.27],[26.0312,44.291],[26.015,44.2947],[26.0101,44.3011],[25.9975,44.2956],[25.9768,44.2684],[25.9745,44.2695],[25.9948,44.2961],[25.9932,44.2986],[25.996,44.2977],[26.0015,44.3056],[25.9958,44.3081],[25.9931,44.3168],[25.9781,44.3222],[25.9721,44.3276],[25.9681,44.3259],[25.9703,44.3199],[25.966,44.3164],[25.9503,44.3167],[25.9484,44.3188],[25.9537,44.3237],[25.9526,44.3274],[25.9327,44.336],[25.9108,44.3314],[25.8969,44.3442],[25.886,44.345],[25.8921,44.3533],[25.89,44.3579],[25.8762,44.3553],[25.87,44.3574],[25.8688,44.3668],[25.8572,44.3725],[25.8573,44.3876],[25.8515,44.3882],[25.8496,44.3855],[25.8411,44.3903],[25.8287,44.3896],[25.8254,44.392],[25.8244,44.398],[25.8312,44.4028],[25.8696,44.4184],[25.8627,44.4221],[25.8657,44.4235],[25.8482,44.4304],[25.865,44.4434],[25.8525,44.447],[25.8551,44.4505],[25.8538,44.467],[25.843,44.4694],[25.8458,44.4724],[25.8567,44.4822],[25.8569,44.4796],[25.8646,44.4794],[25.8708,44.4736],[25.8658,44.4701],[25.8708,44.4587],[25.8785,44.4577],[25.8796,44.4616],[25.9,44.4526],[25.9153,44.4769],[25.9108,44.4762],[25.9082,44.4815],[25.8956,44.4853],[25.9206,44.5163],[25.8908,44.541],[25.8798,44.5535],[25.9297,44.5715],[25.992,44.6123],[25.9886,44.6229],[25.9801,44.63],[25.9675,44.6318],[25.9393,44.6457],[25.9424,44.6573],[25.9595,44.6545],[25.9614,44.6579],[25.9722,44.6604],[25.9751,44.6652],[25.9822,44.6646],[25.9741,44.6707],[25.9854,44.6734],[25.977,44.6764],[25.9712,44.6747],[25.9693,44.6802],[25.9642,44.6787],[25.9581,44.6839],[25.9765,44.687],[25.9764,44.6891],[25.9839,44.6867],[25.9881,44.6911],[25.9916,44.7012],[25.9747,44.6999],[25.9708,44.7104],[25.9689,44.7204],[25.973,44.7278],[25.9599,44.7388],[25.9639,44.7399],[25.9608,44.7459],[25.9623,44.7492],[25.9696,44.7478],[25.9661,44.738],[25.9747,44.7365],[25.9877,44.7465],[26.0005,44.7351],[26.0112,44.7436],[26.0181,44.7419],[26.0241,44.7447],[26.0345,44.7408],[26.0436,44.7442],[26.0493,44.7423],[26.047,44.7351],[26.0501,44.734],[26.0509,44.739],[26.0622,44.7409],[26.0614,44.749],[26.0702,44.7513],[26.0782,44.7445],[26.0836,44.7459],[26.0856,44.7414],[26.0989,44.7399],[26.0888,44.7602],[26.0989,44.7624],[26.1019,44.7669],[26.1128,44.7544],[26.1255,44.751],[26.1423,44.7529],[26.138,44.7551],[26.1398,44.7594],[26.1439,44.7558],[26.153,44.7586],[26.1739,44.749],[26.1804,44.7509],[26.1775,44.756],[26.1839,44.7578],[26.194,44.7513],[26.2194,44.7496],[26.2386,44.7439],[26.2404,44.7389],[26.2483,44.738],[26.2563,44.7423],[26.258,44.7571],[26.272,44.756],[26.2738,44.7689],[26.3012,44.7667],[26.3018,44.7689]],[[26.1008,44.5408],[26.0777,44.5371],[26.073,44.5414],[26.0686,44.5349],[26.0495,44.5313],[26.0335,44.5236],[26.0293,44.5277],[26.0248,44.5262],[26.0226,44.523],[26.0253,44.5201],[26.0086,44.5148],[26.0064,44.4997],[25.9948,44.4959],[25.9877,44.4996],[25.9833,44.498],[25.9878,44.4921],[25.976,44.4656],[25.9821,44.467],[26.0131,44.4581],[26.0159,44.4554],[26.0132,44.4541],[26.0147,44.4497],[26.0198,44.4484],[26.0123,44.4429],[25.9667,44.4407],[25.969,44.422],[25.9763,44.4064],[25.9955,44.4093],[25.9972,44.4028],[26.0034,44.4017],[26.0109,44.4058],[26.0285,44.3897],[26.035,44.3909],[26.0394,44.3871],[26.033,44.3832],[26.0458,44.375],[26.047,44.3777],[26.054,44.3761],[26.0561,44.3795],[26.0689,44.3746],[26.0714,44.3787],[26.0769,44.378],[26.0753,44.372],[26.0886,44.3691],[26.0948,44.365],[26.0955,44.36],[26.0991,44.3676],[26.1137,44.3656],[26.1124,44.3609],[26.1304,44.3512],[26.1274,44.3483],[26.1519,44.3342],[26.1565,44.3355],[26.1561,44.3394],[26.1668,44.3436],[26.1644,44.3468],[26.1613,44.3456],[26.1428,44.3695],[26.157,44.392],[26.1619,44.3983],[26.1809,44.3938],[26.2121,44.3951],[26.2141,44.3992],[26.2084,44.4049],[26.2179,44.4071],[26.2178,44.417],[26.2214,44.4181],[26.2245,44.4245],[26.2209,44.4264],[26.2256,44.4324],[26.209,44.4336],[26.2049,44.4388],[26.1977,44.4395],[26.1941,44.4466],[26.1878,44.4438],[26.1752,44.4446],[26.1768,44.4539],[26.1694,44.4507],[26.1563,44.455],[26.1761,44.4754],[26.1849,44.4792],[26.1152,44.4872],[26.1106,44.4907],[26.1044,44.5016],[26.1098,44.5034],[26.1087,44.5059],[26.104,44.5049],[26.1029,44.5086],[26.1062,44.5184],[26.1032,44.5298],[26.1045,44.5395],[26.1008,44.5408]]]}}]}